Multiple size <= 100
OK
Multiple size <= 500
TEST 1 ARG:-47 -222 -166 -181 -3 -9 -18 -193 -237 -52 41 53 191 -208 -132 -167 -198 239 246 170 157 -160 -133 22 212 107 196 -25 -116 216 176 -40 242 95 161 232 23 141 -21 -123 -199 -221 -250 227 -234 -2 79 -62 -140 -90 125 -77 -155 -48 156 93 149 197 -152 -225 -236 5 67 -46 -36 -124 198 -50 88 -129 -10 124 -69 -119 -8 94 -29 10 -43 -162 -220 19 -249 36 244 126 -151 -212 175 237 179 223 -239 -201 -85 -141 20 -229 43 145 -232 177 39 60 -37 224 11 37 -173 21 -247 233 46 110 228 48 201 -197 -135 -138 42 -194 154 159 -117 174 -226 128 6 27 207 165 221 51 140 -110 173 -184 -188 160 -241 129 -44 54 108 -51 71 44 -217 -163 80 -150 122 50 -148 -178 62 56 -59 -118 -228 -65 9 103 178 -30 -98 152 -84 200 130 -100 78 -190 -180 111 226 102 100 204 -66 185 -79 82 -87 217 74 -95 -22 213 -157 -78 -211 236 206 66 -185 119 -64 -153 -242 -128 136 -168 208 230 -206 98 127 16 -233 77 38 45 -58 -122 -176 -147 0 116 14 101 84 -154 1 24 -125 35 -143 182 118 61 -144 -107 218 115 192 58 -139 -80 167 -202 -248 -73 209 123 -171 -179 -17 172 -49 137 -26 -88 -136 -218 -104 96 26 -244 -126 -175 -57 -14 195 89 -75 -23 -210 162 30 -216 -177 40 -113 -97 65 -70 68 188 202 -68 184 229 112 -32 114 -34 25 234 -243 -205 -245 -86 -4 99 -204 -15 241 -114 -213 -89 247 69 -187 169 49 86 203 219 55 -42 18 -224 81 -102 64 -146 -45 -182 -38 222 52 -33 -130 -215 150 -28 -214 -101 -55 243 -161 -127 -172 138 -81 194 144 7 -196 3 133 32 -195 -108 148 -72 -60 17 -1 70 2 146 181 113 164 238 211 90 147 29 -159 -11 -145 132 -121 -67 245 -149 85 249 -191 -35 210 -106 248 -115 -92 231 -235 190 76 -12 105 57 163 104 155 59 28 -120 -76 8 -63 -164 171 189 -134 235 13 -183 214 -240 186 -71 121 139 -103 -83 -186 151 -20 63 -74 97 -203 117 220 -27 142 240 -219 158 -96 -174 215 91 -39 72 12 -5 135 109 83 -56 -169 143 -131 -41 75 -227 134 -24 -6 -142 -156 -137 205 -230 -189 -200 166 -91 -7 -105 131 -94 -223 120 -238 106 -170 -246 -158 4 -31 -112 153 187 180 193 -192 15 -54 -93 33 -109 183 -16 73 168 -53 -207 -82 34 -61 -19 47 -111 87 199 -209 -231 -13 -165 -99 225 92 31 
TEST 2 ARG:-25 219 -51 23 53 56 210 228 -27 -20 -240 106 57 -175 -231 14 -77 236 -121 205 159 181 -76 147 -23 -169 151 -33 -162 157 -241 196 -80 -115 170 77 -235 -230 38 -130 247 187 -40 203 -69 -81 -83 233 229 -65 215 -215 166 -36 -120 240 -163 111 -142 186 -127 198 -213 107 -247 -82 -166 50 116 -85 10 133 113 191 -137 61 84 -124 208 -160 -140 103 13 90 214 -96 -211 39 168 -79 46 9 28 -10 -123 44 -138 59 -42 60 224 212 -54 41 -134 -174 62 -62 195 178 81 -74 -101 135 -158 225 -224 -155 -88 -228 -153 158 92 242 231 -87 -147 173 125 -203 238 -236 146 71 -31 51 36 -248 127 220 19 -1 -149 118 136 25 -22 162 -11 -197 -6 -3 -32 -187 169 167 -244 -44 244 -64 27 207 140 -110 -112 -146 30 -90 213 192 -106 154 121 -232 -56 31 -61 126 -198 5 -73 32 141 -234 54 -41 -14 -15 -46 -18 120 -250 -2 37 235 -5 43 249 -157 -181 -117 117 239 -194 -4 -172 237 -43 -131 -34 67 -167 74 144 -191 -143 52 206 -190 -116 245 193 -223 -66 -144 -114 -57 119 -245 96 -196 17 190 177 232 -93 -119 -98 182 3 75 -229 123 160 230 155 -238 -16 174 -220 82 -108 98 217 -136 66 -243 -193 -129 -246 72 -192 -233 -209 -164 -225 -91 -60 -218 -53 -8 124 -97 -105 -45 102 -189 172 -242 -183 -100 -104 -78 -152 -7 104 73 221 -222 -195 -221 122 -239 88 -68 24 87 -126 194 -161 -59 -133 138 -177 22 7 100 189 94 115 148 197 -173 20 211 223 -113 -89 -122 -182 -171 180 -205 145 -37 142 -128 164 -180 86 -207 128 204 21 -216 -135 -67 11 226 34 -26 176 209 -50 184 -12 149 216 45 -217 -201 -156 -19 175 143 -210 -72 55 -29 -185 -249 132 8 -84 130 185 -103 12 -86 156 -168 134 201 -165 -118 171 95 76 -99 16 183 65 188 6 -150 -70 -109 222 -94 131 227 -107 83 64 -202 -47 137 78 202 139 49 -75 -227 42 -95 -13 -199 -52 165 -208 33 -237 97 -200 -63 35 -38 -170 58 89 29 114 -212 1 69 -179 -48 -21 -49 -30 161 105 -226 -125 112 -139 -219 101 15 -71 -206 70 150 63 -176 243 108 199 40 -141 47 152 153 -159 -111 -102 80 -58 218 248 129 79 163 -188 110 -214 2 91 -184 241 234 -39 93 -178 -154 18 68 246 -28 -9 -132 -145 -55 -24 -204 -92 4 0 48 -35 99 200 -17 85 -148 26 109 179 -186 -151 
TEST 3 ARG:-201 207 153 -88 -208 -225 248 15 -20 167 171 115 -240 162 214 -83 -172 91 102 -31 -241 96 42 -189 78 75 -212 72 51 -48 -195 5 133 164 -221 -235 -153 -169 64 244 -133 -36 -154 -34 -17 245 -111 216 2 -75 163 -166 238 -144 194 223 -30 173 -245 -4 22 -74 -168 13 187 192 247 144 -116 39 12 -50 -62 -122 -118 -69 169 -147 -188 -78 30 93 3 110 -246 -174 196 -59 35 36 -164 88 124 181 -124 -9 97 193 -68 -13 -250 -105 -18 67 -248 211 177 -22 -130 179 241 -217 -131 217 203 -7 -220 0 -21 113 -98 132 -205 48 -206 106 108 -67 -32 131 129 -152 -85 147 -60 -181 -55 -114 -178 118 183 -155 -95 -90 -76 -129 -226 -26 -96 180 156 -244 54 -159 74 14 237 -229 89 9 49 -167 112 -204 119 -117 -41 109 204 -24 -216 150 -180 -66 -185 17 -64 219 138 111 -150 233 -242 201 -148 -65 -37 -202 41 -87 191 246 117 -119 -160 128 -35 -46 134 -176 28 185 -237 -72 -239 -198 -136 -192 -100 243 -80 11 -218 87 -61 184 -177 -11 -106 -82 -211 37 -40 172 23 -110 -227 -84 -107 -213 29 -194 -53 63 142 224 -199 186 82 65 120 -45 159 206 -27 27 103 176 -56 126 227 77 -228 73 -222 -97 46 165 -137 239 -49 101 -16 -238 32 16 -214 -163 -196 56 141 -2 -39 137 -125 -12 -104 197 123 225 -157 81 -70 95 44 -6 -233 34 -112 -58 -230 -3 151 40 -54 -71 -94 -138 199 -86 155 -108 25 58 -243 210 140 -23 -210 -203 143 -183 182 -120 -47 222 127 107 70 68 231 -52 -139 -151 -79 -101 -81 -209 94 213 -19 230 -43 52 24 200 157 -44 43 198 -236 146 242 -63 220 168 -187 -115 145 -171 -234 -132 47 -149 -197 236 6 20 130 79 105 -175 158 -191 -92 -173 80 -51 -109 166 -224 249 -126 -123 209 71 98 228 -193 -146 -5 85 -141 -161 152 18 8 -142 21 -156 26 226 -215 -38 136 234 139 1 161 -145 -42 -135 190 -134 45 19 235 -207 -15 -28 92 -232 114 7 66 -128 -121 33 160 -73 -170 170 -14 31 -247 208 104 202 60 121 122 84 4 -182 195 -140 90 61 240 -1 148 83 -33 -89 99 189 55 76 53 -93 149 175 135 -103 -231 -91 -99 -8 86 -57 -158 -102 178 -186 -165 -25 -190 116 -219 -127 188 229 -223 69 -113 -143 221 125 -29 -162 -10 -77 205 50 -184 62 212 57 154 38 232 59 100 218 -200 215 -249 -179 174 10 
TEST 4 ARG:213 -99 177 194 -206 43 115 151 -171 -225 -164 -219 -13 -55 241 -238 -34 212 1 -109 133 -184 11 198 31 -204 -133 105 56 -97 2 78 7 204 -132 -75 166 -129 -12 -28 -95 174 -31 -150 -222 -76 97 -3 27 83 36 -154 24 -157 231 99 148 62 32 30 229 -155 -1 6 90 -70 173 224 -214 -230 69 -9 -217 -36 -248 221 -245 -128 -39 16 -124 10 -131 -88 -8 186 34 122 37 -177 -231 -185 -182 143 -107 184 -64 -220 238 51 172 195 -148 129 74 17 226 28 0 167 246 155 -229 219 87 -172 -140 -205 64 84 75 215 104 132 -226 -162 244 157 44 -126 107 120 57 -179 -120 -200 -77 -33 92 111 103 114 -113 -202 118 -114 -63 192 -125 185 54 168 -2 154 -80 235 180 -210 -71 200 -4 -89 218 208 202 80 -236 165 85 187 181 191 -188 -121 -163 53 -41 -47 -199 -196 -228 -54 189 12 -189 152 -14 63 164 -27 108 -116 -51 -137 -221 -21 -10 58 -168 209 -195 -235 -20 -167 93 160 159 -159 137 -194 -197 -141 -118 175 -249 -26 -110 -78 -24 -82 247 -92 136 230 179 220 -136 52 214 -15 91 -43 217 76 50 -101 -16 -69 -90 -149 -233 41 116 147 145 -100 18 -212 -178 -170 -38 101 124 207 -239 196 -244 59 86 -207 -156 225 8 -173 170 206 73 -53 227 22 -79 144 106 -151 -22 102 243 14 -227 -192 237 96 15 -18 94 125 46 169 -158 171 67 161 203 150 72 -111 -241 -165 81 -29 128 -180 -176 47 156 -17 -201 79 45 158 26 131 -103 -213 240 -6 -145 112 109 201 -119 113 -61 -94 -83 139 -46 178 -243 -142 -203 -209 -87 -52 146 -191 -139 199 -81 -60 -49 98 23 -73 19 -44 197 216 77 -144 3 -106 -223 -246 -152 -117 -56 119 -135 210 -161 183 -74 -138 -234 121 -50 153 -67 -175 123 -250 -19 13 60 -190 -32 245 149 70 193 -84 -57 -112 -218 100 9 211 142 61 140 71 -108 82 232 68 -216 -166 -147 -25 -7 95 -123 -37 -30 -11 135 -5 -193 -68 -247 -93 -66 -102 -48 117 -115 -85 239 -91 -208 141 -105 25 233 -160 4 89 -35 -134 236 176 127 -240 42 -98 40 -59 162 242 35 -237 228 249 49 223 126 38 190 -104 -127 -42 65 188 130 -45 234 -58 182 48 -72 -65 -186 -187 248 -181 -224 -242 -40 -169 205 138 -215 -96 -153 222 39 88 -86 33 -130 -198 134 -23 55 29 5 163 21 -143 -174 -146 -122 66 -211 -232 20 -183 -62 110 
TEST 5 ARG:-71 56 196 169 175 133 -103 189 131 -38 -63 183 -33 144 187 -125 -175 154 -73 28 -110 244 -186 188 32 234 -194 -234 148 -26 95 -191 -12 -203 54 75 38 215 -133 -218 125 14 -216 60 -39 -152 -230 194 160 -100 76 7 107 -111 -14 58 127 -224 -75 248 149 -225 240 -132 10 -146 -190 -174 111 3 -28 -83 -151 -92 -196 34 16 113 -193 94 220 -108 233 -7 -157 145 152 30 -117 -229 20 -40 -31 26 -27 -137 13 -221 85 185 104 100 67 35 -183 205 -3 -43 221 43 -87 47 99 -17 -99 -201 -80 2 -126 142 114 237 186 137 -105 241 -37 -35 176 -181 173 -15 -249 48 -187 -5 -24 147 -178 103 -41 86 243 -223 12 163 -57 161 -48 29 -98 102 37 82 -199 -79 -160 -123 71 239 -180 108 42 -197 51 -142 -89 -23 84 216 170 25 206 9 -122 -143 200 22 -113 -214 -169 24 177 -145 64 128 193 -179 -170 199 70 -121 -109 -62 162 123 -232 -209 228 -162 -195 -163 -192 91 -185 -153 115 -161 -53 211 -1 208 219 61 -90 190 83 -242 -177 120 52 -82 246 -173 178 -212 -60 11 -34 -188 -58 4 -67 98 179 -51 96 -36 198 218 21 -88 55 159 46 -144 -16 -247 -156 157 -129 -101 -19 217 44 -227 -210 141 166 232 -120 -149 -74 130 -202 -114 139 119 -45 -150 181 41 -81 -6 -46 19 -56 68 50 -72 -205 135 122 -140 -239 182 -164 105 -18 -127 -95 231 -166 -165 136 109 45 155 203 -135 77 -47 57 62 238 -172 117 151 74 -155 126 90 -11 69 -52 146 -243 227 213 6 -246 -240 81 -118 -116 39 -13 165 -97 -176 -168 172 204 -241 -22 -68 -107 -29 40 -8 -54 -248 66 -238 207 -61 8 -134 171 156 245 -102 -49 -222 143 168 -171 -250 -69 197 -182 80 -236 124 -106 214 -64 229 -93 153 184 -55 27 230 -59 92 -200 -128 -119 224 15 201 -78 -154 -25 242 89 -10 -96 150 -42 212 -44 -207 116 223 180 -9 78 -245 -244 18 -148 -30 -115 1 17 31 -4 -85 195 -131 -77 225 33 132 36 -21 222 -204 72 -206 -215 -136 63 49 174 236 110 192 -228 59 -84 -130 112 -208 140 -147 -158 -167 106 -220 -50 -94 209 -217 23 167 164 87 -198 -226 -70 -65 247 235 158 138 249 -159 -66 -213 -219 -211 65 -20 -233 -138 0 129 -124 93 79 -91 -231 5 -104 -235 97 118 -139 -2 121 -237 210 202 101 -141 191 53 88 -76 134 -112 -189 -32 73 -86 226 -184 
TEST 6 ARG:168 61 187 -71 -12 -111 137 -172 207 -45 107 111 231 160 25 -150 222 219 -141 -191 -19 -195 -180 -213 199 -8 210 13 93 -21 40 80 171 4 166 -232 150 157 49 -65 -115 -18 -82 -93 68 179 -43 -143 -147 177 -123 -116 -151 153 42 -32 -226 -190 -109 -144 -243 249 -127 -47 -234 -103 138 186 240 -177 -81 -76 204 115 -114 6 191 247 175 190 20 -142 -53 152 45 -97 -41 21 -23 131 -164 -235 242 60 -214 213 85 -63 -198 -228 90 50 129 235 244 183 140 205 112 96 -33 27 119 156 135 134 -5 -42 113 19 248 123 -56 -37 -183 -28 -233 -146 105 -132 109 -107 -194 -83 37 232 -187 -148 44 -58 -237 192 29 -211 -133 -39 -153 -51 -149 -224 -1 -169 106 -131 -221 33 154 -137 -175 146 132 -29 82 -50 180 94 39 195 -70 237 220 147 133 -99 127 -86 -40 12 -212 5 -165 -179 -36 -106 -84 -185 -79 -108 114 -113 -196 230 139 -184 11 -25 -210 -9 65 223 -201 -140 243 173 -48 184 -44 -130 43 239 164 189 241 151 35 -112 194 236 158 -156 -117 136 67 -68 121 -135 229 55 77 -128 -119 118 15 174 -20 -161 92 201 125 69 28 124 -202 -61 -186 -238 -3 226 -230 217 -139 99 245 -220 163 116 83 122 74 -217 -80 211 46 -104 -124 98 130 -85 -90 -204 -27 -136 -192 117 -168 -173 3 72 10 -200 18 225 -118 79 -4 -94 120 -96 -246 -222 17 128 -62 -95 -178 196 89 161 103 212 -120 53 214 52 -73 36 -223 -57 -98 -162 58 51 -54 100 -206 -170 7 -34 -100 -13 -52 145 -66 -171 91 172 -134 -155 -110 -145 97 142 -215 -122 221 -216 1 86 -209 -250 -236 -245 -188 71 165 -240 -225 102 149 208 108 -88 185 -59 169 167 176 -105 -242 178 -231 -163 -77 -193 -92 -102 47 64 -75 104 38 193 -125 148 143 234 -152 -69 -218 -89 30 -199 34 66 -60 95 141 -26 -2 -158 -219 56 -154 75 -22 76 -10 -55 -181 -138 23 -74 -16 -129 170 181 -159 246 -208 87 14 -189 144 -67 -7 -78 -15 88 22 0 16 227 -121 -101 -31 -227 81 209 -49 -197 -176 162 198 -126 -247 233 -167 -249 -248 197 8 62 78 -241 -72 -166 31 -229 -160 -91 216 59 73 126 63 159 -87 57 206 32 84 -17 -207 24 -174 -6 202 -38 -244 -239 9 -182 224 238 101 26 -157 2 203 41 54 200 -11 -46 188 -24 -205 -30 -35 48 215 155 -203 182 -64 110 228 -14 70 218 
TEST 7 ARG:139 143 -7 -73 28 -137 -60 77 -25 -74 25 -1 245 -28 -54 165 -193 -78 -46 -32 -111 156 -83 36 171 50 43 -31 -172 -5 51 -110 -235 -67 220 -131 -140 222 -20 12 195 -95 -62 -42 60 -65 58 4 -89 88 205 54 -190 92 -80 133 -93 242 -102 114 -66 127 161 -219 64 210 218 76 62 225 147 123 -87 180 -222 94 19 -156 -248 226 85 104 -68 111 -22 102 70 146 -202 -112 -16 -30 -170 159 109 113 -183 21 37 -84 31 140 87 -120 42 -206 -92 68 -8 46 7 -210 -249 -143 217 10 -209 -189 -198 -158 79 160 56 -184 224 -144 -116 -71 -121 41 13 -182 -124 -236 -38 -33 -99 -106 -221 -192 63 124 -214 27 150 149 -231 -6 -26 -191 -150 47 -240 23 169 0 -41 -47 -132 121 -104 -157 100 96 -138 -2 201 -180 -188 177 -3 34 -167 151 -64 -79 -127 -82 44 -154 -186 -213 65 -85 -149 -57 -69 -133 -96 18 -49 -103 -142 82 69 -227 230 209 -98 163 154 179 249 -76 -37 17 -17 168 142 -175 188 -129 -70 -4 -21 86 125 136 213 -217 -59 -135 5 193 -187 -164 185 131 24 93 103 83 -228 183 -246 110 184 170 208 199 40 -201 -237 -196 -155 -162 -72 241 198 162 166 190 -200 129 -245 -225 -119 -139 -45 -199 247 -148 -125 200 -174 206 192 -185 223 -107 22 59 -147 244 89 98 108 57 -12 72 197 73 -232 -14 191 -18 -163 -242 176 35 -35 -126 231 -39 211 -241 3 126 120 -105 -178 16 -165 90 -24 207 -208 141 187 -97 174 130 236 -118 145 -122 -153 39 -224 -114 -90 238 128 67 117 237 49 -94 115 -216 158 -13 38 216 157 181 212 81 155 135 116 189 -56 -218 80 215 26 32 -43 178 -146 -159 101 106 122 -81 -123 -19 74 -181 84 -211 182 107 -166 -50 227 137 -152 167 134 -247 229 -29 152 -141 -197 -207 232 -151 -100 29 -250 -109 11 -136 -145 -176 -128 -108 97 75 -9 -51 -11 175 172 239 119 -117 148 202 20 186 -40 118 15 240 -205 228 -44 -169 -58 -230 105 -55 52 -212 -27 -226 233 -220 -238 -243 -36 -113 -194 -52 -77 53 -173 -115 -215 -168 -204 -239 30 9 -161 138 196 -91 -223 173 -203 -134 204 248 33 112 164 -63 246 71 -195 6 243 221 219 66 48 -179 -34 -101 78 14 95 235 -61 -88 194 234 -23 132 -53 203 -75 2 -15 -86 45 153 -234 144 -177 214 8 91 -48 -233 55 99 1 -10 61 -130 -229 -171 -244 -160 
TEST 8 ARG:-196 110 139 -212 -42 -109 241 -56 14 243 -198 179 -136 -81 173 86 182 165 -164 -228 115 186 -142 -119 -186 -77 -66 -79 -33 -245 -106 -246 44 75 -152 -27 97 -157 -240 98 242 117 -222 -30 -83 79 244 218 -38 203 -193 -105 127 236 72 -6 215 -167 19 147 -210 -215 8 126 63 94 -61 -160 239 64 105 -166 77 42 -7 -149 -174 156 -242 -43 -74 -31 66 114 47 33 -14 -179 131 200 -13 191 -213 5 103 -237 -185 -3 62 9 -133 91 -122 -34 -182 194 -113 195 -65 73 24 3 159 -95 -232 -219 121 -75 146 -231 123 160 -29 16 50 13 -102 11 37 41 212 -162 140 -44 45 -110 -94 21 -20 -175 -145 228 -51 -201 -22 104 -45 -223 -165 71 233 -71 -120 141 -188 176 -178 -115 172 -47 -194 -96 -129 -131 -189 56 84 134 -138 -76 -250 -46 -158 -17 -52 175 67 -59 -247 -200 133 223 171 197 -99 106 48 210 -159 129 -89 119 -2 -249 -151 46 169 190 -1 -192 74 22 -169 -238 -248 -69 154 -49 177 78 93 -73 -107 -82 -117 220 145 112 120 23 -241 -225 -187 184 -195 20 231 -217 -37 58 -97 142 -16 232 113 -50 -207 -206 -150 -154 -72 -4 -209 -229 -86 83 -230 51 -190 -208 -98 -11 -93 108 162 229 -5 226 143 -88 -39 40 -181 168 -128 4 167 87 152 164 100 -203 57 -85 -224 -112 180 185 149 -139 -64 52 7 174 -183 -101 -84 -28 53 221 -87 -8 205 -143 217 -140 202 -199 26 136 166 245 31 -78 222 -172 209 216 196 17 150 35 -205 -36 -18 49 -54 65 6 219 227 -91 132 -68 -10 -227 148 -41 28 -144 -168 107 -12 -218 -155 -147 135 12 163 99 -204 116 -130 -104 -108 -141 -100 80 76 206 198 -153 -234 -58 60 -173 -19 68 -124 59 124 88 155 -177 -243 -60 39 213 130 -239 54 -171 -32 85 55 43 -161 81 -191 96 183 102 -62 193 34 32 240 -114 125 -236 204 234 29 238 -176 95 -57 201 170 -233 15 38 248 109 -92 -118 1 -21 247 -15 30 -53 -111 235 207 -67 -170 -26 -226 -216 188 -148 -23 -235 61 -132 69 -80 -202 -156 225 10 -163 70 2 187 101 122 199 -220 -55 144 -135 -25 137 36 -134 -24 25 161 224 -116 -90 -103 -211 178 151 128 -184 246 92 -35 -214 -126 89 -70 0 90 -244 -40 230 158 249 -197 118 -127 111 -123 214 189 138 -125 -180 -48 -146 -63 237 82 27 153 -121 211 -9 192 -137 181 208 157 -221 18 
TEST 9 ARG:83 -20 72 160 -119 -58 -100 -77 137 -92 -194 -50 234 -108 13 54 -166 144 139 -155 36 50 95 48 173 -39 162 89 -131 -101 31 -179 -5 -230 -8 39 -139 55 10 -94 239 116 178 -121 -22 26 -217 21 209 197 -196 -136 81 -43 -47 212 103 -210 127 -114 187 -203 -134 150 65 41 -16 -225 -228 -192 -160 181 210 169 -76 185 163 -30 230 -68 126 208 -42 -63 38 -154 33 -143 -85 161 -84 -200 76 -146 52 63 -4 -18 46 -245 225 -9 57 -86 92 67 -198 -11 221 70 236 -72 176 -115 146 -35 134 -177 -185 244 120 -6 154 99 216 -224 -17 -178 165 32 -162 238 -229 -79 101 202 131 106 193 224 110 118 -247 222 45 219 96 -232 190 9 226 19 203 35 122 223 -243 247 -180 199 5 -132 140 62 15 -33 136 -161 78 -98 23 22 -28 -14 -111 241 152 -120 51 86 -144 -137 77 -184 -51 73 -75 -182 -237 27 121 -212 -169 94 -71 2 -202 206 -34 114 75 -56 -165 -227 97 -32 128 -151 18 42 232 -46 -223 231 84 87 12 -152 -102 -60 -246 167 -186 145 -89 192 108 213 -65 7 -206 -74 237 125 -3 -189 143 156 -109 229 -97 -234 -99 85 -238 30 -199 -158 59 204 -29 -156 105 189 214 132 -59 155 -37 -205 177 248 -45 11 -57 -140 28 166 186 -226 -129 107 -150 -104 -153 -70 -188 29 37 171 -110 211 -220 124 16 180 -147 8 -174 -126 -66 -239 133 -138 -248 -80 -167 183 102 49 -116 182 227 20 138 -44 220 -222 -215 -55 245 200 -168 -105 -195 80 246 68 -204 -236 -208 34 -7 -40 -95 0 -93 -54 -176 -91 243 184 130 147 -249 -90 -38 -10 198 -12 -53 175 168 -231 -122 -148 249 100 -25 115 228 -69 -181 88 -107 142 -190 -113 91 -157 -82 -41 205 194 -106 -197 56 -128 -61 158 157 -175 66 104 -159 3 196 153 47 79 242 58 -125 -216 -96 -201 14 61 188 207 233 191 60 -187 240 -173 159 201 217 -242 -127 -62 -145 -211 -31 -83 -78 -250 -48 -27 -26 -117 -240 -233 170 135 -118 -193 111 53 -24 43 25 -214 141 -52 164 -36 17 179 -149 69 195 -133 -2 64 129 151 -235 -141 174 112 -73 -19 123 -163 -124 98 -123 44 148 -135 82 215 -209 -191 -87 -221 -130 -171 90 74 -213 -1 -219 24 6 172 235 -172 -64 -218 117 113 -13 -21 -164 4 -88 -183 71 149 -103 -67 -142 -49 -15 119 -81 -241 -112 93 1 40 109 218 -244 -207 -23 -170 
TEST 10 ARG:135 117 108 -108 222 207 -189 -128 172 66 -37 -201 -58 136 -121 -23 40 -205 147 -52 148 143 56 98 80 187 -235 -15 109 -8 -42 -159 -195 -90 -114 -113 198 57 212 -218 -21 -147 139 91 -57 -29 82 -139 100 64 43 246 -217 -47 -34 -111 -199 59 77 -152 -74 -98 155 70 -175 230 -137 140 189 37 -170 -216 151 -184 -162 -26 144 22 -103 -174 -82 -53 -180 -185 -2 156 129 -116 186 -210 -41 -106 191 -227 161 237 -237 92 204 -19 -177 -112 -182 -109 107 -215 -187 14 111 218 -75 -167 -211 83 248 243 -191 -66 -240 -163 52 -93 134 182 233 122 227 128 -228 106 -10 -35 149 205 -172 -36 138 -131 33 154 -138 158 -84 199 -207 -6 -54 -80 78 -229 -89 -76 -214 159 192 247 133 127 76 -14 -97 -96 17 3 103 -46 49 -45 26 178 -1 -166 5 20 -239 -249 -92 -22 142 -179 -94 215 -119 -231 -95 -149 152 160 -224 -129 105 177 220 -9 99 -220 27 118 231 130 146 -88 34 -107 42 -87 95 -161 -181 -200 -69 71 -60 -3 -188 169 -132 -13 188 29 53 217 58 -219 68 -59 226 162 -150 214 -144 225 -209 -38 104 15 -83 209 -48 -81 150 -99 166 85 -105 13 -140 170 72 28 -16 -223 -245 -136 -68 163 176 -183 -44 137 201 -73 79 -51 101 65 87 244 -65 -197 54 41 -155 8 194 -24 -110 10 -62 44 -56 238 -40 -104 219 -77 51 12 60 31 179 236 -243 50 -85 131 -123 175 -242 46 -232 -165 183 -17 -190 47 -130 24 -208 -221 -148 -156 -43 -222 9 61 39 235 -117 174 -134 -154 -212 110 -141 -225 132 -146 203 -241 113 -25 67 88 75 55 229 -32 190 -39 168 211 -33 115 -196 -194 89 249 -49 -122 121 145 -203 -27 36 153 232 69 125 -55 -236 -71 -173 -158 193 35 -20 81 -176 114 -124 171 -102 126 -31 141 -213 206 6 94 -178 228 -192 -72 7 16 -169 96 -248 -100 213 221 -193 -233 -250 -198 18 -91 -125 86 223 11 -61 -86 -127 180 195 -133 240 197 -234 239 202 -120 234 123 90 97 242 -226 73 119 -5 -126 4 210 164 21 -7 241 -145 48 157 84 -135 -164 -204 185 45 124 -78 -151 -157 -30 -244 62 -247 -143 -28 112 -67 116 30 74 38 173 -186 -160 -168 -115 196 -79 216 -206 -171 165 -142 -18 -4 200 184 181 -70 -202 120 19 -153 224 63 -50 245 -246 -118 25 93 2 0 -12 167 -11 102 -63 -64 1 23 32 -101 208 -230 -238 
TEST 11 ARG:21 -212 194 -218 -109 127 -241 -111 -35 161 145 44 4 -140 5 243 59 -3 189 -91 46 -211 -38 -125 -47 -152 -210 -33 -20 109 79 -231 -233 -50 -30 -148 166 245 23 -116 -183 -62 202 185 -165 118 13 -174 -58 -18 26 -175 112 -119 -248 91 162 52 224 90 -160 -145 -27 -169 -77 -230 234 -98 -228 -80 -1 180 -69 -34 -156 -246 -155 -151 80 -23 169 -188 -67 205 192 105 95 -226 -195 214 -13 -83 110 155 115 27 -249 40 53 -49 170 -157 186 244 165 195 151 -92 -161 43 -68 51 122 237 -209 -11 -221 -94 157 227 -142 -31 -63 86 142 -118 -15 141 134 215 221 -184 -60 -48 203 -14 -122 94 -227 -181 -86 -59 92 144 -42 7 -46 -16 49 75 206 -44 -154 63 31 87 -53 218 61 -106 177 -75 -224 120 104 -192 -72 200 249 -133 -216 -32 8 223 -243 196 -90 101 50 -66 -126 233 -191 -123 247 140 -121 -95 9 -12 70 -229 19 -61 -222 32 149 62 -206 -164 199 -73 97 83 -103 163 34 -7 -182 147 -162 -9 96 -4 74 -177 184 -240 3 100 -215 -17 106 121 128 231 179 66 113 167 -207 -52 228 55 -193 2 -40 69 16 212 30 -81 85 208 -45 93 107 -79 -163 0 -214 216 119 204 217 -134 -234 114 -196 -5 211 98 235 54 198 99 -200 248 171 -138 -76 -56 -37 143 117 -150 -167 -173 -220 168 -199 -187 -74 -236 -180 137 108 133 238 -225 -143 -64 -166 160 68 124 -120 125 -114 -96 136 84 -186 152 -147 -168 -41 -158 -213 38 209 78 -101 -238 193 -22 173 -97 -2 -19 229 -149 14 126 12 -105 213 -102 -171 181 -127 37 18 22 225 -235 -250 -131 76 -88 246 -29 236 135 -137 -43 67 6 -245 -36 -176 -115 42 28 150 65 -117 -178 -204 -223 -239 230 -107 -82 -57 56 17 73 39 -135 188 36 -244 -70 1 -10 154 72 -237 158 219 210 -194 111 15 -146 183 -100 89 -136 -141 -203 139 172 10 -54 -104 191 146 -170 88 -25 232 -219 201 176 182 71 187 175 138 35 190 48 -132 129 -139 132 -128 -198 -51 -87 241 -202 197 -39 -190 226 -21 148 60 81 130 20 -159 -172 58 103 -247 24 -201 222 -113 33 164 178 82 131 -6 -189 -78 -24 -28 -26 102 77 -108 -112 -8 29 -65 -129 41 -217 -89 -124 -93 -55 -110 -232 45 -197 240 -205 -71 -99 -185 57 239 -179 159 207 -153 -208 242 153 -242 156 174 -84 -85 64 116 25 -130 11 123 -144 47 220 
TEST 12 ARG:-77 112 -100 133 -227 -53 -174 197 241 10 198 117 222 141 -216 149 -230 22 150 -153 90 109 9 11 95 -33 -194 104 -176 -104 -54 87 242 206 73 96 -16 -182 -226 177 175 -15 -142 -95 -193 105 -220 -204 184 148 27 -124 -114 60 -242 -133 61 202 -80 170 107 6 2 77 -156 193 163 -29 -243 190 220 -78 -163 -158 -79 -74 30 21 173 -110 -8 -51 238 142 -235 86 -190 76 80 188 -70 -160 143 204 127 49 -39 120 -90 244 59 5 47 157 -172 -69 -141 94 218 -50 66 24 -206 185 -48 56 -161 118 81 -221 214 -132 -89 64 13 -129 182 160 4 168 67 137 -151 -185 234 78 26 46 -232 -86 -237 44 -178 -234 -130 -45 134 -120 -93 -147 -42 -91 53 159 -118 -170 156 -250 -36 116 69 -138 -135 203 12 -205 -215 85 -99 -154 -20 -24 210 215 -60 36 -58 -222 34 108 -127 33 -31 -217 161 179 243 -109 51 -38 -18 128 -66 212 -202 -59 246 154 181 -107 -188 -106 -68 174 -61 -148 20 132 126 -195 235 -5 -137 115 -203 -155 52 37 176 -247 -4 18 -168 91 167 -123 -145 -108 35 89 201 -102 45 -81 200 99 232 -14 221 171 -125 75 249 125 -1 -201 28 139 -159 100 -40 -84 68 -11 71 -229 -7 -209 -85 -213 98 -245 152 -196 -228 23 223 -144 62 -146 -71 -119 131 129 -23 -189 114 153 110 43 -52 -6 136 208 -164 -136 -27 88 -197 -140 140 29 -211 -175 -165 -26 -249 -150 191 -149 165 113 82 247 -184 -181 -191 -17 164 199 123 -239 -56 -49 -113 25 39 -101 158 -166 -187 -131 -22 -112 -223 8 146 -30 -32 -19 -225 54 -44 -116 -200 124 -179 -218 213 237 -25 -12 48 55 -117 -63 -47 -231 -97 135 226 119 -180 231 -73 -171 74 180 72 -9 7 194 155 138 121 -10 187 248 102 144 -183 211 -192 -219 -173 239 -37 145 103 32 -167 -199 -62 183 -238 -240 38 -41 101 -72 42 15 228 205 -105 40 -13 -57 97 130 70 106 1 19 224 -208 63 216 240 65 -21 -143 236 -55 -128 -34 -212 151 229 195 172 -87 16 169 -98 -46 162 -162 92 -248 225 233 -233 41 -75 122 57 -210 -241 -35 -244 -82 -186 230 -88 -246 0 209 -3 196 -2 186 -139 17 -67 -111 217 -64 83 -177 -65 -115 -28 -207 14 -103 -122 -126 -169 50 207 -121 147 178 -94 -43 227 -134 -83 -214 166 79 -92 192 -157 -76 84 93 -152 -224 3 245 -236 58 -198 -96 31 189 111 219 
TEST 13 ARG:154 10 70 -190 -9 17 173 -224 5 -101 -19 197 -167 -39 -228 -1 -223 95 231 -231 -209 -127 245 138 202 -165 121 -174 -120 147 85 -115 -18 36 -183 152 6 77 172 65 -15 -110 -31 -144 -105 204 179 248 239 -2 -218 234 -86 199 -35 207 -146 8 -130 139 104 -29 187 64 44 74 -10 -52 225 73 155 34 192 140 -221 14 1 196 164 83 -201 69 -75 170 -113 158 129 190 -229 -41 -248 215 160 226 -132 -70 -166 165 54 -33 -30 -160 -180 246 167 16 -199 -175 -241 27 78 -77 -46 -56 -65 -179 169 -79 -20 11 -14 -202 -236 -104 146 -184 -151 203 126 -11 87 113 68 -40 227 151 -102 -163 -38 -81 -69 217 184 -26 43 -125 -189 -25 194 141 -54 189 -191 93 -91 116 223 -8 -195 -238 -216 198 205 -32 57 -37 -136 -126 208 -161 221 111 -159 200 -244 108 -83 153 -198 94 -17 -58 20 210 127 -177 -168 -200 84 -246 -92 -185 -118 211 48 125 188 25 201 -150 118 -90 106 15 109 137 145 -109 30 128 100 -250 -149 112 39 -80 176 98 114 -173 -84 32 -53 -162 -66 -23 -152 -140 92 31 -88 115 79 -197 60 -43 185 -147 212 56 55 -97 -42 -154 -249 130 -111 181 72 62 -129 -225 241 157 -93 38 0 -247 -207 -21 -94 88 229 -188 -124 -196 213 247 193 -121 -128 46 191 24 -82 -4 -34 -63 -193 -99 232 47 26 42 230 -112 -135 -245 -214 124 -239 -76 143 -222 -98 -45 -133 96 -178 97 -6 -217 -71 -28 162 235 13 -233 -215 120 -171 171 -210 -158 220 -206 240 -24 -182 35 209 -137 -114 61 206 -243 -36 -138 161 -242 33 -153 19 -155 149 101 122 -123 -117 -78 -235 -237 -108 -85 -60 131 -142 89 71 -72 242 -176 -240 183 -103 123 219 -95 -13 166 195 81 134 -50 45 -157 233 -227 228 76 28 4 136 -204 175 168 -156 -208 -116 -57 50 59 -62 -169 -141 3 142 67 -122 159 -89 216 -96 63 238 21 66 186 -194 49 -73 177 90 163 214 -119 103 -205 -87 -226 107 119 -22 12 -211 -213 -12 -44 243 -55 105 -192 110 218 -212 -59 244 -186 -230 -187 53 -170 -219 -234 52 41 -100 135 178 -16 -7 144 86 -48 -74 224 -106 -181 75 150 -145 -67 58 2 156 117 18 -220 51 133 -107 174 7 23 80 236 -203 -51 -131 -232 182 102 37 -68 29 -134 -148 -139 -27 -47 -164 180 99 -5 9 249 222 -3 237 -143 132 -61 82 40 -64 22 148 91 -172 -49 
TEST 14 ARG:204 -189 -6 -4 -107 81 187 205 -170 199 -241 14 228 157 227 118 131 -198 194 -76 197 69 -137 117 -161 178 42 -229 -7 114 -176 190 62 241 138 -18 -240 202 -172 196 -10 46 -168 -43 1 -135 -142 -165 -219 242 5 -178 -159 167 -223 174 92 18 123 219 -8 106 -9 -192 183 -106 232 24 120 -39 177 160 165 101 -30 -101 -86 243 238 89 -66 -217 -202 -188 99 115 -157 -31 234 33 -26 -160 -129 -21 22 97 -148 -218 -41 -71 195 -120 162 -125 -210 45 65 -179 193 -67 216 52 73 -130 -29 -150 -51 85 221 -117 41 112 64 6 -164 56 122 26 -58 191 -46 -78 119 172 159 29 -243 141 -52 137 102 173 -104 -220 -236 111 -221 249 30 -14 15 -191 -42 220 63 -92 -74 -233 237 -152 110 142 -181 140 222 130 39 -105 -147 -103 -230 -59 -153 192 135 -72 -228 -239 -206 -141 -154 246 -53 23 200 32 88 -173 98 -216 229 25 -54 127 198 13 186 -61 -50 -205 152 -132 240 -69 -158 -70 121 213 181 -60 -80 -187 -231 168 -250 148 -238 47 188 209 -64 -94 75 76 80 -114 -13 11 87 184 -85 -163 -242 103 203 -12 -35 -177 -113 215 210 59 -34 -24 -48 -22 55 -183 134 -88 -196 -214 -209 19 -1 -95 54 -63 -185 -77 171 149 20 28 -203 -140 169 68 -68 226 -249 38 244 185 158 -44 113 12 -84 7 -201 -3 -155 -171 -28 -99 -197 -151 -19 189 224 91 248 -33 156 155 212 -65 -208 145 -115 -75 -237 58 -156 84 -25 -81 77 83 164 -139 -149 51 -186 109 -121 247 -227 49 -96 -190 -195 72 -144 -98 43 93 207 -246 161 -23 133 78 -122 -226 129 -119 231 61 144 -225 10 35 166 -112 17 9 -38 -111 -143 -175 16 90 235 -182 -62 230 -199 -133 -194 175 79 170 27 -207 223 53 -222 -17 -16 -110 -108 96 -82 -245 100 -79 108 -55 107 -180 211 -127 -162 94 -47 -232 -83 -134 -213 4 218 48 -138 60 201 -136 95 -124 126 116 -91 151 128 -145 146 -20 -49 182 -15 -212 -204 0 -5 -118 8 40 233 34 104 -2 -131 -37 -169 139 217 150 -123 -56 154 86 -36 -248 -57 214 57 176 -128 105 -234 125 -102 2 -215 -235 -193 180 67 147 179 82 -224 153 136 132 -109 -11 225 163 -87 -100 74 70 -166 -146 -174 -40 44 208 236 239 -73 -90 -116 -167 -45 124 -27 -211 206 -32 21 66 31 -126 -184 143 -200 37 36 71 -89 -93 50 -244 -247 3 -97 245 
TEST 15 ARG:-80 -239 -190 -84 147 39 -73 -26 -130 -61 -161 -145 195 203 -23 -103 207 -169 136 -53 -65 -99 -229 65 -8 -205 219 -201 -93 -192 164 -170 -70 -92 11 -217 34 117 158 -135 173 205 -194 90 153 220 179 -163 -237 226 -116 78 152 -21 -15 236 1 233 -227 -37 128 -140 185 -66 -3 -46 116 240 -154 221 -56 -9 67 7 -106 154 -123 54 206 234 51 -235 109 -57 -148 199 -240 -118 -10 8 151 191 -16 156 -71 -225 -188 -196 -160 232 169 87 -45 22 217 208 -11 38 0 -132 141 -96 -159 -29 79 -91 249 184 -207 -78 -234 -111 112 44 -219 29 61 155 -149 -42 161 2 -208 245 140 180 88 26 95 -7 24 -189 -30 -175 211 46 -5 86 -183 -243 -107 192 105 115 75 -187 -173 -215 62 197 137 210 -157 231 118 -6 -209 64 -85 -133 134 227 -110 -147 -47 -238 -12 -203 -129 -62 -109 -197 74 -236 35 114 -122 101 -20 -41 167 237 111 -185 -221 48 -167 188 246 -138 53 190 -60 69 214 -174 103 -39 159 216 -186 244 -90 30 45 -112 -152 -223 126 -117 -81 83 -22 25 -95 187 -247 -126 40 -233 198 123 124 -232 63 -202 23 146 200 81 -136 -13 224 -131 -228 -52 57 -44 119 243 247 120 -248 -222 41 -19 14 -119 59 160 -179 60 27 -151 -230 177 -216 72 58 10 102 228 -108 -150 -105 166 -120 89 19 -74 4 -33 -210 -87 -250 -121 -113 84 178 -142 16 -168 71 196 -153 202 -206 5 -82 21 239 143 -14 -241 -104 -212 -165 -58 -36 66 33 -98 36 -211 -2 -31 13 148 47 172 -77 121 68 17 -48 242 98 -100 -213 230 -115 -218 52 -182 31 181 -124 186 -101 55 -193 -191 -89 -79 -245 -49 96 -177 -76 -127 6 204 -204 -220 100 -214 189 130 -35 248 -88 -224 -63 -172 -249 -198 142 133 125 -59 -24 80 131 -51 43 -158 -4 -231 -195 -68 229 -184 107 139 -38 -32 138 -164 -114 3 -83 110 194 -25 -86 -178 15 162 -242 -69 213 -144 183 132 -171 -34 49 168 -139 -141 163 -146 108 20 -50 77 56 150 18 225 193 37 218 91 212 -246 201 171 -67 -162 94 176 -27 70 92 28 -28 -72 -64 241 85 127 -97 -176 -244 97 -75 157 -40 -166 -54 73 -134 -155 -181 50 165 42 122 -55 -128 82 99 174 209 -17 76 215 104 -1 -199 -156 129 170 106 113 235 -137 -180 182 -226 149 -125 -102 175 238 222 93 223 -200 32 -143 145 -43 -18 12 -94 135 144 9 
TEST 16 ARG:84 -198 208 -243 -234 236 -139 243 214 -114 210 -47 74 13 -141 -178 -123 -32 119 216 102 -158 18 -90 -218 -245 184 66 -151 83 -18 -128 234 244 -130 142 58 -246 170 115 230 -56 -127 154 -70 -247 76 157 -84 -220 -132 -241 -107 -175 -41 140 -165 -14 108 94 168 -137 175 -61 -147 87 -103 205 124 -43 -162 -174 52 -182 146 -135 -36 -140 -206 193 64 51 -104 134 -194 -23 -176 -110 -2 71 191 171 -193 -81 -117 155 63 -88 -59 -185 -13 -131 62 239 -92 -78 -67 177 -199 -119 -24 -101 -215 -17 67 -118 104 143 61 189 -177 198 127 10 -91 -183 233 -5 196 114 41 145 -65 150 226 190 147 -99 167 -48 -74 -210 235 197 200 229 78 45 -227 21 73 -213 -189 -50 -239 -153 -195 97 -156 164 48 16 135 60 133 -7 -164 -201 86 50 138 105 141 -53 174 36 -172 -197 227 25 222 -250 -113 -94 151 203 -126 40 240 -208 14 -173 -236 7 -226 -87 -80 15 -205 -179 27 -223 120 -45 -31 130 -200 22 11 100 -180 245 -240 -225 -69 -108 -1 -124 92 122 -125 116 -222 -231 -145 225 -166 -62 99 -34 -235 -116 8 183 3 209 -66 132 32 -58 112 -3 -203 82 24 46 -109 -22 -160 215 29 -212 -26 -196 160 182 47 -46 -186 77 246 -11 -85 56 238 81 194 -64 186 153 242 241 -38 4 113 42 -217 -242 -209 -105 -121 -170 -224 179 221 -129 144 202 156 -202 101 -33 -68 217 -187 213 -57 -244 -30 249 88 -86 -60 19 -27 192 -207 -83 -190 161 2 23 69 -216 -214 218 26 -233 -229 169 -171 -148 20 5 -142 80 247 59 -49 -25 53 224 -204 -96 -52 -152 -134 128 -71 -42 148 -77 79 121 -133 -149 -150 199 35 98 223 -154 6 162 -95 126 204 1 139 55 -237 -29 -54 -120 -184 -188 -221 131 -73 -167 -169 -93 212 -163 90 -10 -161 -39 96 176 -72 65 38 232 -146 -37 -143 181 28 -89 -136 72 106 152 123 43 -35 166 -55 -4 44 -228 228 207 17 -82 159 165 -16 -230 163 -15 125 0 49 -238 -122 -98 37 -44 89 149 -211 -192 33 -8 137 237 -232 75 -75 110 195 -76 220 -249 187 158 172 -28 206 248 -138 219 107 -157 31 -12 57 -51 -219 68 -21 34 -9 -97 30 93 -155 70 231 -40 178 201 -20 -144 -100 85 12 -63 39 173 136 -106 -159 9 185 -248 118 -79 95 -181 -115 54 117 -19 -168 180 -112 -191 211 -102 -6 188 129 -111 91 103 109 111 
TEST 17 ARG:47 -149 224 76 199 -159 -87 21 81 -176 179 82 -17 137 -95 148 219 130 233 -221 -37 214 -227 -193 203 -36 -231 -78 44 -40 194 -184 164 -142 226 -4 181 -151 -225 -53 151 -69 -182 235 57 -228 -107 -30 -164 -20 -241 89 -8 -9 158 -54 -180 -235 8 -63 166 -31 -72 112 -52 0 -91 111 152 184 -130 232 -7 223 23 99 172 63 -148 10 128 28 -162 13 -247 186 171 -101 50 -121 -238 42 -185 -81 141 -99 27 -211 9 -100 -137 239 -33 153 -114 -199 -67 1 -98 -170 86 -21 -138 146 -112 -171 3 -154 16 84 -234 -213 167 215 48 -110 -202 188 222 149 33 176 -183 12 -141 156 207 -161 -23 -46 -145 -139 32 39 -153 60 64 93 -55 34 -192 133 88 201 -198 36 -146 -44 -1 65 136 -128 -50 -73 -195 -244 90 26 41 -134 59 -166 70 -187 -229 -49 -92 180 -66 -26 -248 -188 -135 220 29 178 102 190 124 -131 -77 125 -203 51 212 -206 -167 -22 240 132 -75 -196 126 24 67 -186 -108 -222 -136 85 20 -144 -172 197 123 113 -165 -68 118 196 217 206 -65 213 -18 248 229 -205 -245 53 157 108 -189 -173 46 25 119 120 127 154 -122 163 -84 -25 107 -109 -126 92 -60 45 38 -178 -232 -230 55 210 -6 101 211 98 -29 -94 31 195 49 242 -39 -219 -115 -242 -177 97 -28 230 -140 -209 244 96 183 -88 143 -249 -93 -190 18 227 -103 -226 -168 -124 -79 185 -48 155 58 216 129 100 -156 -56 6 110 68 135 228 -158 61 117 94 -197 -102 -11 72 -116 218 -82 -127 5 202 -5 165 80 -120 -220 209 -246 -212 -113 115 52 -236 -42 -125 231 -117 37 56 -43 79 -10 -19 -27 -13 -76 -106 -191 237 161 95 62 -74 -240 -16 -237 150 104 -133 168 4 170 54 -160 -97 -208 221 -150 174 247 -62 138 69 22 200 162 -201 192 234 19 -86 -85 -157 -129 245 249 173 -45 -14 -223 -24 -83 -224 -64 -51 -104 -233 30 -123 -118 -35 193 -250 103 7 205 -119 -12 147 -147 -210 -59 66 238 106 40 109 -152 -216 246 198 -243 189 78 -41 208 241 17 -15 243 -169 -174 236 -34 140 75 177 169 142 175 -194 -175 -2 -96 -89 -218 -70 -57 139 145 -132 -58 114 -207 -155 71 160 -38 2 -214 87 -181 -80 -217 77 15 35 -111 -204 -47 14 182 187 -215 105 121 -3 204 -143 -61 73 -239 191 91 131 83 11 -105 159 225 -179 -163 -90 144 43 134 116 -32 74 122 -71 -200 
TEST 18 ARG:41 26 -203 -191 -49 131 39 -21 -73 -143 -227 -129 -43 -192 54 -156 -110 125 -115 -246 81 -213 90 -4 244 -173 -183 130 -185 42 -39 -123 8 -124 135 116 -218 174 -167 -51 -56 -206 76 -122 93 -59 -106 -11 170 -199 176 -178 -70 235 216 -36 -177 -79 -168 69 94 1 248 6 -238 51 -240 -28 88 70 -1 -216 219 59 -9 -116 234 -202 -170 -109 140 -184 217 245 242 -33 120 -17 34 -105 230 -50 233 29 -112 -12 -118 -165 86 111 189 141 -181 -34 -64 -172 173 -169 -174 72 221 -2 50 164 -66 40 -68 -24 79 220 -37 -140 -159 108 -130 -128 -80 -6 -125 -229 162 146 87 -60 -175 232 -117 -134 -243 212 -99 107 110 121 114 -55 183 -141 33 -148 78 -18 -150 206 -32 156 -30 -163 112 129 -193 -217 43 -142 -171 182 95 -145 243 139 -220 45 -239 -38 -176 -126 38 201 101 115 155 -182 150 152 28 -93 62 180 -78 -190 247 -215 239 22 163 -23 -81 241 -40 160 -205 -75 -195 9 -76 137 249 -189 184 21 106 -31 198 153 10 58 -153 224 -100 166 122 -166 46 -20 -54 -90 60 144 -71 167 -131 96 -188 57 47 -52 192 67 -212 171 -209 -120 98 228 138 132 99 -226 199 5 66 27 89 103 190 223 11 185 124 188 74 -161 -22 -147 -250 113 97 2 0 200 64 102 143 105 20 52 -63 157 -35 24 196 145 -198 238 -15 92 222 -10 161 109 133 -67 204 209 128 205 -221 226 215 68 203 -219 -82 210 -108 -244 -233 -201 -232 -187 61 -208 49 193 -69 -186 100 207 -121 -242 35 -245 -88 181 -103 -95 127 147 126 -104 -225 -207 169 13 -16 172 18 7 -149 -47 -13 16 142 159 -58 -7 -133 186 -41 -89 -53 -83 14 240 -8 134 -113 -94 -65 -162 -224 -249 -196 -114 -197 44 55 187 -151 82 -210 30 -234 -248 179 218 53 77 -158 -235 -29 -57 -92 -139 -237 32 -164 56 119 75 -179 -200 -211 19 195 -138 23 48 -136 -62 229 214 194 211 91 -127 17 -157 -97 213 104 -228 -44 25 117 231 84 236 36 197 178 -46 -98 3 165 -119 -204 -231 118 149 -194 -27 123 154 71 -25 148 -144 -107 191 -222 -137 -77 -48 -86 -61 83 177 136 -146 202 -135 -214 -72 -132 -5 -19 225 -152 168 -14 208 -102 -154 151 -87 65 -236 -74 -180 37 237 -3 -155 63 227 -96 158 -111 4 31 73 -91 -101 -42 85 -247 15 -223 -241 -84 -45 -85 246 175 12 -230 -160 80 -26 
TEST 19 ARG:-246 -54 167 -210 -161 160 -120 -219 227 79 164 -148 -20 -91 83 172 -59 -55 -201 16 -12 -29 82 -21 173 242 -138 26 38 78 -222 74 98 21 -203 131 87 246 -23 -67 231 -153 9 213 66 75 44 31 72 176 165 212 112 -6 -167 -157 202 -4 -70 52 243 -155 -76 -147 -218 113 -92 -25 142 105 -154 233 95 23 -239 -188 -163 111 39 163 -220 223 -116 -124 -135 108 -204 -107 -42 239 -194 -48 -198 -57 -18 148 235 54 27 -2 110 -7 3 186 -249 -118 194 -170 -85 -30 -121 -83 -15 -69 -64 209 -166 169 -200 89 156 226 -39 190 -72 134 -32 -172 197 181 -141 157 -150 -117 18 168 153 -158 -79 -19 -127 -119 19 247 62 144 -189 208 -111 -165 100 -105 101 35 -199 199 -136 -247 -217 -196 -207 50 -11 201 -224 43 49 36 128 -241 174 -17 30 143 -62 -22 92 -142 -47 91 -243 206 115 96 17 46 218 198 -108 94 187 -125 224 -112 132 207 -88 -214 15 -205 -244 -182 -45 104 -51 -229 215 42 -129 -173 7 106 171 25 133 10 -175 37 -145 -221 179 229 32 -41 -46 -113 71 -82 -177 107 20 -187 -137 -209 -102 216 -130 205 24 -179 -93 -236 -66 117 -94 189 -115 -87 61 -216 22 -24 200 145 -144 234 146 193 180 -5 73 120 140 -78 56 -34 -126 124 5 238 130 99 230 -237 -100 177 -202 161 -159 90 -235 -234 -250 -114 -61 137 126 -183 -186 -169 118 -152 237 204 -178 -86 155 59 191 -132 -128 -192 -248 -71 -131 -26 53 28 11 -164 67 220 -140 150 119 -27 -233 84 -133 -44 214 -33 51 -171 240 211 -81 -184 188 -63 45 -162 -181 -215 241 -103 -28 -98 -106 57 -134 149 86 135 88 -208 203 125 -80 196 77 85 8 249 -75 -50 -38 -122 195 -168 1 -10 12 152 222 -149 6 -211 183 -99 -227 109 -228 -206 -151 184 47 -176 116 97 -242 -65 13 -101 -1 170 80 -232 166 221 248 -68 -52 217 -35 60 139 159 65 -225 -90 -13 -190 -58 -95 -174 -43 -143 33 69 102 -60 225 14 -84 -89 -185 -73 -195 40 244 -40 -3 121 -231 -36 129 -49 4 -110 -14 127 185 178 162 -97 34 68 136 41 236 158 -197 -96 210 -180 -77 -16 -37 122 48 175 2 138 -74 76 103 -123 -193 93 -212 123 -245 -191 -9 64 -56 -240 245 -109 182 114 219 228 -139 -31 147 232 -53 -226 -230 -104 -146 141 -160 55 29 -238 192 -223 0 63 154 81 -213 -156 58 -8 70 151 
TEST 20 ARG:-69 -125 223 -102 12 -211 17 -2 -60 -243 -199 -216 46 -235 -180 100 168 86 104 -190 -135 -66 122 -130 208 115 -183 201 -206 -34 184 173 -155 -90 220 -237 -27 -4 96 197 218 -61 191 90 58 -113 -161 -132 75 150 242 -138 42 -64 183 -94 248 244 54 162 -58 -177 -187 230 -43 -128 113 -12 -105 -92 -23 -44 -134 -18 232 119 -188 -15 139 -82 -70 -195 -111 140 -21 23 4 -168 69 50 158 151 -56 -171 19 -63 -193 -172 61 81 21 -45 -115 121 3 -201 95 -81 -219 -38 198 27 -31 124 -99 -74 -79 -29 39 -37 165 -84 -197 102 91 -109 -228 29 -146 205 33 193 243 192 -189 188 -154 237 68 -6 67 -86 217 166 10 -85 -51 -127 -169 -30 231 -71 -184 57 -49 49 212 229 108 82 -55 62 -239 7 -133 -142 -53 -97 117 -119 59 -198 63 -101 105 -110 -207 -122 216 161 221 24 199 -62 34 141 -182 135 156 -20 227 145 -178 -117 247 204 -245 65 -209 38 130 -246 -10 -16 -107 37 144 123 112 228 -233 111 -36 -39 -68 -59 174 109 -179 -226 131 181 172 240 -224 76 -234 -57 -54 195 -103 77 60 -80 120 -248 137 -244 -217 114 -153 224 177 -114 107 -47 -83 -221 36 146 -238 45 246 -152 -144 -167 -7 53 -28 0 -8 -50 163 51 103 -162 -181 84 -121 -222 -3 74 -158 64 -41 25 44 -100 48 118 -88 -89 127 55 170 169 1 83 185 126 233 71 196 41 -170 8 -164 194 207 179 -104 210 -1 238 -218 125 152 -129 138 -137 -67 -236 190 15 -5 133 -136 -87 116 -210 176 -149 97 31 93 128 -186 2 -163 -157 235 -116 239 -14 106 -232 -200 226 22 -148 92 -196 136 43 159 -118 -194 -223 -19 143 94 -147 11 30 129 187 -220 -131 -11 99 219 178 -32 -166 32 -231 203 -159 28 182 -65 -227 66 -42 -191 147 -26 -240 -141 80 -215 -176 -249 171 -173 -204 -95 -150 134 153 234 -242 164 154 40 -165 215 -48 -13 -145 -72 -225 -112 -175 167 -151 88 78 236 -76 -202 -205 209 -229 -213 213 14 -126 180 18 -123 -214 101 -33 -230 6 87 142 85 -156 222 -75 -250 214 -77 175 -124 -212 -139 72 -160 206 -174 -143 -192 -25 -203 -22 9 26 56 155 73 200 -93 202 13 132 52 -108 70 249 98 -120 -106 -35 110 -96 -140 189 149 -208 -52 89 5 157 20 160 47 -78 -9 225 -73 -247 211 16 35 186 -46 -241 -17 79 241 -98 -24 148 -40 -91 -185 245 
TEST 21 ARG:-31 -45 -219 175 -240 -139 107 153 -52 58 -43 -198 -249 -192 194 101 37 62 -203 -250 240 -100 193 25 -11 29 192 -175 30 -18 -57 -223 4 86 -230 168 -146 -164 -184 179 -156 -104 213 -58 -227 105 -8 243 -160 43 -4 221 173 129 96 -1 -166 51 -106 155 7 177 -109 -30 231 -71 -205 -199 73 49 -88 -174 -35 214 -86 -111 -47 -65 82 -6 -39 60 182 53 -144 -235 83 -68 147 22 238 -24 235 -244 178 97 -48 -185 64 226 -209 -145 119 69 -204 -77 142 -168 130 61 -243 -46 17 35 57 40 -207 161 198 108 110 109 3 -149 -108 -225 -128 -242 134 38 -42 -229 -220 -79 -210 -103 -59 -33 -189 -129 219 -96 -195 196 249 -29 133 -187 -143 54 163 -44 188 171 -173 39 200 80 159 -97 212 -10 -132 -169 10 181 79 102 6 -167 -239 106 32 172 -214 199 -172 36 90 12 224 -113 -194 -228 47 127 -115 -180 -51 -222 135 44 187 77 169 123 20 -110 -150 85 -85 237 -181 -64 -147 -248 55 -131 -224 -126 -37 244 229 -60 76 45 -67 225 89 -226 -125 99 1 -63 236 190 167 46 -62 151 128 75 41 -237 -114 -191 207 115 137 -211 -127 15 84 -99 67 -61 -53 21 152 88 -124 103 117 -2 -157 -238 136 98 -66 211 208 -142 8 26 162 95 74 34 19 -134 233 144 145 -20 210 -118 -78 116 242 52 180 -183 56 239 141 92 -91 118 121 -90 245 -121 197 -141 -202 189 78 -7 -25 146 5 -177 184 -112 -98 -133 -216 -40 -9 222 -34 0 -135 100 156 -193 157 -55 16 234 48 93 195 223 -130 -153 -73 132 227 -201 -101 150 -117 114 143 217 68 104 111 -158 -120 140 -14 -179 63 148 91 -200 -27 -236 125 70 -246 9 -178 11 -13 -56 -161 -26 170 154 71 -163 124 -50 -119 -87 220 -93 -221 2 -213 42 160 216 166 -94 232 -95 120 -92 -81 -75 176 -232 -3 131 66 -190 -83 -76 -38 -123 -107 139 -54 -22 126 -49 -140 -102 -21 -186 -41 -69 87 122 -17 158 174 -28 23 -148 13 -84 28 241 -74 -151 -159 -105 -138 113 202 246 206 164 -208 -162 -215 -89 50 -165 -70 14 112 31 -82 -218 -116 183 72 228 218 -241 248 -206 18 -247 -170 27 -80 -16 65 138 94 -19 -233 -155 -196 -12 -231 209 -154 230 201 203 -188 -182 -23 24 81 149 -212 33 186 -36 -176 215 205 -5 -245 -72 -32 247 -136 -15 59 -152 -197 -171 185 204 165 -122 -137 191 -217 -234 
TEST 22 ARG:-165 -35 91 249 -54 180 -3 15 -216 -143 -223 18 -133 -107 232 66 142 -90 -64 -243 -209 115 -183 109 213 242 -144 -83 160 108 61 -109 -108 151 106 -151 140 86 197 -119 62 -66 -247 202 -224 -48 -214 13 -139 -101 226 -121 -92 -37 -203 73 -225 -222 -10 145 -188 78 -164 186 199 10 -220 43 -155 212 137 -81 169 -116 -190 -59 -176 75 65 -134 -162 107 153 -123 238 -99 74 231 37 211 3 -167 239 76 88 -1 -141 -89 -228 -63 116 224 159 -110 244 -184 -113 -161 171 -24 147 31 128 26 19 -65 -227 -236 -146 -5 -213 -77 68 -166 -43 -131 240 -168 -36 -68 150 34 -202 -111 2 -192 -57 72 182 59 120 80 -218 -178 235 52 -172 -140 -94 -191 -86 236 105 118 -244 175 -96 111 -49 90 -205 -93 -70 -87 32 -84 114 195 141 -221 22 -245 -71 46 -195 -217 11 21 -193 1 -246 -27 92 -91 67 -55 -20 -194 -175 100 27 155 39 -189 129 -34 -129 -100 135 -12 177 237 84 23 -163 194 57 179 208 -212 189 -148 -4 185 136 -53 158 45 -173 54 -40 248 -199 -73 121 205 -19 -250 247 -152 183 230 204 -22 176 156 -153 -239 -208 117 -2 -29 162 4 -102 -33 49 168 29 -13 143 -235 -61 85 -67 -169 -95 14 -120 163 -31 -14 -106 -126 16 99 -103 200 -154 -97 -215 220 164 87 -233 12 144 -181 -219 24 -196 -15 113 154 -135 -58 241 40 -21 190 -204 -159 -78 127 -46 -32 25 -186 63 -74 184 97 -174 -76 227 219 167 -104 -230 38 64 104 -197 -180 -42 41 -39 -8 -11 95 -160 82 134 217 126 123 130 -125 119 209 5 -75 -248 201 -41 149 -231 122 103 98 8 -182 -56 -158 -51 56 -187 243 79 -45 187 55 112 -211 -98 -200 60 191 -241 214 -185 -7 71 203 102 6 -50 -9 125 -118 148 222 -237 101 47 152 53 174 70 -157 228 210 -170 218 132 233 -23 245 -234 124 -142 -149 223 -171 110 133 -177 -242 -128 -127 -207 166 -52 -249 172 198 -115 20 42 -105 157 9 -85 -30 -229 178 196 -47 -88 -44 -114 -150 -130 58 131 229 -210 28 36 -38 -156 -26 -117 96 93 -25 -18 -206 81 -72 -16 161 192 -138 -145 138 83 -240 225 48 -69 216 7 -28 30 -60 -112 181 -136 -6 51 146 246 -232 -79 35 44 188 -62 193 89 139 50 -198 215 -147 206 94 0 -124 234 33 207 170 -226 -17 77 17 -201 -82 -122 221 69 -179 -238 173 -137 -80 -132 165 
TEST 23 ARG:-117 2 209 39 125 119 -12 -176 132 -151 198 63 146 215 -125 163 232 78 -82 -154 -168 194 -16 87 -207 -92 -241 -65 68 -157 -53 22 -180 54 106 -81 167 -103 114 82 213 -231 9 -49 -48 249 147 -202 -131 233 208 -69 79 201 -198 -80 -143 -193 -43 -164 -94 31 -88 -186 -246 -93 -91 -98 247 168 50 -221 204 100 135 -42 48 -206 180 -86 123 -66 -175 0 237 -171 -204 224 131 -13 228 94 6 -172 229 137 96 1 -165 44 -140 5 -85 225 -214 -109 141 -73 47 -15 -211 117 136 11 -194 -99 12 72 205 -144 -77 143 -36 188 -52 95 169 -68 -22 -243 243 -137 8 -112 -27 10 239 155 182 111 149 -188 199 248 151 -227 190 175 -145 -138 177 -7 -212 35 -102 152 23 27 -208 13 138 -132 64 -20 105 -249 212 76 73 142 -75 221 -107 234 -120 178 244 -2 -192 -54 -209 16 121 192 -225 191 -111 88 36 104 -169 -57 -133 -28 241 157 80 -247 -187 -155 56 -200 -220 -236 86 -135 -240 -210 -156 -79 92 -129 144 21 -114 235 7 19 93 -205 -60 -90 -216 -116 38 -128 69 29 -47 160 66 -126 159 -41 210 162 14 90 -6 -63 219 -97 -8 -101 34 -158 187 170 -72 42 -153 18 -197 164 156 51 -67 127 97 226 207 153 -234 211 -29 65 -17 196 -179 -245 -185 -170 118 -224 -121 166 -56 20 154 230 24 -35 -217 -196 99 75 173 -46 -51 -58 -108 52 161 -232 102 53 124 -229 176 -152 28 -30 -9 183 -71 203 200 -166 -201 -146 -235 227 -78 197 91 -244 220 -105 -203 130 112 -182 133 -119 55 -115 126 -14 113 -190 37 -230 -96 60 15 -167 25 -100 -189 -18 122 -239 186 -228 -237 -195 98 -191 -40 -181 115 89 -83 -215 238 174 3 236 184 145 172 -136 77 -76 45 103 -21 40 -222 67 4 -123 202 -218 -59 -159 206 -223 84 -173 217 41 -213 -55 -39 216 222 -124 195 -11 -4 -226 -34 71 -5 -233 -177 -70 -61 214 189 -23 -160 70 -95 139 116 -174 -31 57 171 -33 -87 33 -89 -148 218 181 -84 150 30 -38 -64 -24 148 46 -130 81 179 193 -45 58 -178 32 -110 110 -134 -150 -3 -62 -149 -25 245 -142 -219 -147 61 -10 134 -74 -118 -139 -242 108 109 -26 240 -1 -113 158 -162 -183 107 -163 62 -199 -238 -122 17 185 -184 242 246 59 -106 49 43 -248 85 -250 231 -44 165 -127 101 74 -50 26 -104 83 120 140 -161 -32 -141 128 -19 -37 129 223 
TEST 24 ARG:138 -172 242 49 73 190 70 -138 -151 -6 110 -8 -163 31 -72 8 -147 -85 -34 -194 172 235 -246 76 180 -55 -107 194 -66 -111 156 -98 -84 216 29 -99 -24 -237 249 -190 -200 -206 -65 179 197 214 -128 3 -241 -94 -158 158 -129 43 51 -80 -212 66 -131 -79 -234 -1 208 -140 -175 175 -245 119 -135 41 96 176 170 -211 183 141 226 90 86 45 98 13 185 161 221 -35 89 39 247 -97 27 6 -159 55 248 -148 -239 -73 -100 -123 -222 186 -37 -146 -110 -88 116 54 -51 -247 218 -168 -192 94 69 109 129 139 -149 -176 -9 102 57 160 2 78 145 130 -185 -18 -121 79 -17 -23 26 77 -116 -43 21 12 162 47 -115 144 -4 -45 182 -207 15 184 201 -101 -167 146 174 19 196 -136 136 -205 14 -104 5 -210 148 -70 16 -2 -75 224 -204 243 -248 -193 -202 24 33 84 -5 -157 36 18 -230 -22 -134 -91 -57 -7 213 61 -103 -196 192 88 105 -236 -11 -40 -93 -118 171 10 -33 -77 -42 -108 239 169 177 -171 -182 200 -166 -105 -235 -165 -87 -61 -143 223 225 124 -52 -217 207 140 211 -60 -109 202 -250 198 203 -208 -127 189 -156 91 -48 60 125 80 219 -220 -133 188 -232 0 -106 167 -31 -71 236 -20 11 -53 113 -186 -191 97 -227 -152 -83 233 127 -160 85 -139 62 -58 -39 135 -41 -225 -150 -14 -16 -179 209 187 142 121 -102 -36 150 -29 147 23 -155 63 -216 -30 -95 204 65 104 -213 -221 -170 32 -64 114 -49 205 40 -119 35 152 -54 100 -164 -238 75 -44 -124 -130 230 155 -112 -240 106 -219 -197 95 7 -183 -125 231 -233 217 -201 -231 238 42 -69 123 56 -78 118 38 -180 107 149 -141 -47 -92 164 -27 166 74 64 25 -242 -181 -19 234 178 44 -50 -187 -10 103 -144 220 132 93 -113 206 -15 -81 246 -199 241 -226 -82 17 199 28 81 126 101 -89 92 1 173 99 108 87 -161 -188 34 -117 -198 -214 -122 -68 -195 151 50 -67 -244 -62 -96 227 244 -74 131 -174 222 71 -218 -243 30 59 137 -224 -59 153 143 -189 193 -229 165 -76 -25 122 112 -209 -26 -13 -145 -114 181 195 154 -132 133 -38 -120 -3 46 -203 120 128 83 159 212 215 -177 -46 157 -63 9 -12 -126 111 134 67 -56 58 -142 37 -223 48 210 -169 237 117 191 -173 228 -21 232 -162 -178 115 20 22 -184 -86 52 -90 -215 245 -249 229 82 -32 -228 53 240 68 168 4 -28 -137 -154 163 72 -153 
TEST 25 ARG:-174 213 -93 244 -61 195 205 -154 173 -57 -86 -243 219 -209 2 -105 122 222 170 192 -120 -21 247 189 169 54 198 184 -153 -188 -44 64 -198 -74 -36 -164 -118 -201 -165 -172 -116 56 -23 70 -84 194 -183 111 -119 -147 -42 240 -199 -49 102 -101 246 -133 226 -162 29 16 -85 -92 -134 3 22 117 165 27 -219 9 -248 180 78 13 -202 -240 137 -148 179 -78 -1 -229 79 -80 152 67 72 -211 45 -96 -233 157 -217 49 -195 168 66 -58 -90 85 -192 161 -189 112 -112 -69 208 149 -218 249 176 233 -191 -107 228 -194 -247 103 -142 -215 -242 8 126 201 243 187 32 -207 -152 193 -144 25 97 -122 188 6 197 -81 -184 89 10 239 -108 141 116 -89 -197 12 -186 163 108 46 154 175 123 133 153 41 209 136 -91 -171 245 43 -97 109 -26 34 -94 44 131 -75 51 -246 100 -29 -177 -156 -216 75 -158 110 -180 -126 199 91 21 -7 -182 81 4 74 196 127 -149 38 128 23 15 134 248 -52 -139 105 26 95 -60 76 164 -151 119 -83 0 -45 115 -68 -59 225 -19 17 65 185 -51 18 -232 -239 177 -136 -10 -200 181 -27 232 -223 62 158 -157 -32 50 -237 216 -161 -213 90 104 151 40 68 73 -103 -236 -2 -77 33 -228 238 146 150 147 -73 -12 -35 -98 -220 31 120 19 35 -221 28 155 -102 57 -79 214 -170 218 -127 236 -146 48 144 -56 -16 -5 11 -38 96 -67 87 -234 59 -168 60 125 210 -15 -43 14 -95 -167 -9 -203 113 -175 -87 -63 106 -99 -54 138 -25 86 -39 -230 -31 140 80 -46 -132 234 -178 -222 -235 -53 148 -109 -173 -193 99 230 -3 114 -33 -48 -231 37 -250 84 71 -14 159 229 -104 61 162 -4 1 -190 82 206 224 107 -227 101 -13 -41 -6 -204 190 235 -210 -11 -17 -47 207 -115 -145 124 52 -40 191 -138 171 39 -24 242 166 -196 -135 118 -155 215 -225 212 -28 142 -111 -124 -150 -22 -160 83 182 -71 200 139 -50 241 -114 -176 -187 -34 -241 -238 221 135 -206 143 223 -205 -8 -181 47 211 -72 167 -179 24 -62 -76 -137 -82 30 121 -117 -113 63 -169 220 5 130 145 -224 -129 186 -100 -121 -226 -143 -130 -244 98 231 -66 93 -212 58 -106 160 -141 178 -185 -166 -208 156 203 42 -70 132 174 55 -125 88 7 -88 69 -249 -65 -245 -110 -20 -214 92 -123 36 -37 202 -64 -163 -18 -131 -128 172 183 129 204 20 -159 -30 94 53 77 -140 -55 237 217 227 
TEST 26 ARG:129 -84 -128 -93 -75 9 114 -2 35 -220 78 97 -230 128 34 -89 20 -88 6 173 144 -91 -195 204 150 65 -238 183 -248 146 94 -167 121 84 -57 59 -54 -36 -104 -200 -22 125 177 -1 189 104 226 -196 -203 124 -81 -162 159 137 -141 227 238 -70 -211 -48 -164 198 -146 -87 236 58 2 -160 -218 237 -222 -66 -233 -41 70 207 -197 -35 -8 -119 8 -193 79 241 -5 -6 37 -142 163 -63 -163 98 -127 102 73 -243 -37 -129 71 197 221 92 -215 -7 -4 -69 179 201 -85 -182 -147 184 196 118 27 145 -171 211 -149 246 -180 -33 230 188 -187 -240 -246 -51 53 -122 -99 191 -95 231 66 -186 140 47 -241 -188 234 195 -123 -223 -112 142 82 194 -145 209 158 186 -144 -174 -212 218 -56 21 -17 235 -19 -125 178 76 16 248 247 38 -154 233 -150 -165 -198 -114 -217 216 -135 23 88 44 75 60 -192 -43 85 113 187 74 -137 19 -190 41 220 103 -62 36 -206 223 -237 245 26 3 -79 116 -105 215 -156 -50 -11 164 -31 -209 -221 111 -111 63 -113 1 -109 -115 87 212 -208 -21 -177 119 132 57 56 112 -166 -155 229 202 -207 29 106 180 166 -153 151 133 199 -34 131 48 167 -24 171 152 -170 43 49 86 -64 -9 -67 -96 169 51 -76 -53 11 30 -232 83 -23 54 -126 -116 33 -157 -97 -234 55 -44 -173 12 72 -159 -25 -49 -210 -130 -26 117 161 -133 -175 -32 61 126 134 -124 -231 -140 -107 -139 -176 -158 68 96 -136 -131 7 -191 22 185 -120 107 208 175 -148 -45 -40 122 -205 181 -134 -60 -202 105 157 -14 139 -39 243 -47 -52 135 -98 -65 46 -83 32 153 -29 50 101 168 -77 239 42 -204 136 -92 -94 -227 -86 155 203 148 4 213 123 31 -239 -110 -13 -108 244 -102 18 -30 25 -168 -183 -80 -10 -58 80 -90 242 -68 69 -225 89 99 224 -199 -28 143 -185 249 -12 -194 -224 64 -82 147 -100 -74 219 138 165 174 228 91 -152 149 -16 206 28 100 -20 -61 127 -132 115 -219 -3 -169 -118 -172 -184 200 -178 15 -250 205 -229 5 -117 -106 -15 172 40 93 95 -247 -138 222 10 141 -59 108 -236 -244 -242 -101 39 162 -143 24 110 176 -55 -161 77 -27 -235 -121 -213 -18 -42 -245 240 -214 210 182 14 -201 -189 -103 160 170 -151 -73 -228 67 192 90 -71 232 -78 -216 -179 -72 -181 45 -46 -249 193 62 17 225 81 214 120 156 0 109 154 -38 -226 190 13 52 217 130 
TEST 27 ARG:-188 -196 24 212 -222 -98 74 -177 -12 204 -14 -175 118 89 178 -2 13 21 136 -212 139 -163 -42 -124 181 -104 -138 -232 235 -153 -159 203 57 84 -173 -8 245 -185 64 -181 -41 33 225 -247 247 40 -97 14 -152 -200 165 104 -30 115 -245 -18 -7 170 69 88 120 -39 122 0 114 -207 -208 199 -157 -29 37 -61 35 -151 -140 41 144 -6 -148 226 -33 111 124 184 -135 10 -115 166 -150 -22 -25 145 -250 60 63 -79 131 133 97 -117 232 -132 31 54 -209 55 70 -111 167 188 87 -107 -194 -102 106 -145 -229 230 -58 -179 -172 -235 174 210 -133 -45 -106 -95 -68 137 189 172 -127 125 -81 -92 -154 -231 -233 4 77 -28 159 -182 126 -214 -219 -37 155 47 23 229 -166 237 -86 -223 -51 -32 75 12 -221 221 140 -203 83 -76 162 -4 238 6 -116 79 -210 192 -62 30 49 62 -158 -26 -161 185 48 -71 -228 -216 56 29 9 82 -249 -170 44 -74 151 -94 52 215 -34 26 219 68 223 -141 196 149 -64 -69 164 98 100 -16 73 -241 -146 173 138 -199 -169 -193 -36 -130 182 202 -103 201 -142 -60 18 76 -27 -43 -156 -167 -155 -50 116 -225 -147 46 -220 3 146 220 -63 32 -202 -238 -78 -224 -57 190 -23 -139 -105 -143 42 -164 -72 -108 135 28 143 176 -119 -99 -246 -101 -162 58 90 141 15 243 249 11 110 -174 -110 -168 241 -70 209 -239 121 -205 59 129 -5 -204 161 -73 16 93 234 187 108 78 -31 -237 107 61 -183 195 -178 1 -114 91 -15 71 169 19 186 150 205 194 216 -197 8 112 103 101 27 134 -198 147 160 -160 105 86 206 -75 156 -118 -24 -17 163 -240 -20 -53 180 119 -165 240 -55 231 -49 -236 -56 -242 236 -85 -82 113 85 -125 45 200 -184 -100 158 -109 38 -83 -10 177 -66 -59 5 -218 -84 36 -80 -96 -230 -65 -46 239 -189 153 -126 -217 65 -144 -93 -88 -112 222 233 43 224 -48 -44 -137 228 -54 25 -47 217 128 95 -180 -113 -13 92 66 197 -176 -206 -120 -123 117 39 51 99 -67 -244 81 -234 94 102 154 179 246 20 -38 211 -248 -191 -227 53 -128 -77 130 -90 -87 -211 17 -171 -122 168 -9 214 -149 -215 171 109 -1 96 -52 148 242 -131 -40 7 183 -134 -195 157 132 191 -243 142 198 -21 152 175 -3 -91 -190 80 227 248 218 -213 -186 208 -192 -11 193 244 -136 -129 -35 2 -121 67 72 123 -201 22 -187 34 207 127 213 50 -226 -19 -89 
TEST 28 ARG:-36 162 -24 102 23 153 -187 -148 133 -221 -230 185 168 -118 72 118 5 111 -176 -215 49 87 -144 -41 -170 -225 -23 240 -108 -132 -83 144 66 32 95 -91 -137 215 106 60 202 -86 -103 -59 225 -228 200 -162 148 -111 -189 -179 157 -71 89 -192 -58 -14 166 165 146 -169 131 74 192 -121 25 212 62 134 -99 -9 6 43 117 -213 -64 36 -98 -125 -55 -250 -167 12 78 54 -191 -34 -154 79 30 -45 174 -38 -66 128 -35 -156 -163 -26 188 34 -174 -248 -150 99 249 -205 -226 -185 -28 130 203 -76 19 -175 -181 246 16 94 -142 217 -61 142 140 11 -231 -155 -196 197 124 -112 81 -11 -124 207 52 -238 18 119 -157 183 -210 -109 -31 101 -246 228 184 -204 -214 181 -63 151 68 129 48 243 -29 -152 209 -69 -47 173 -3 29 -164 -135 230 -17 -160 137 -219 17 143 -7 110 135 199 198 -94 82 -40 -186 -141 -168 -223 164 245 172 -70 108 -171 -114 -73 -158 -10 147 -140 -145 55 -85 -123 -129 -184 125 -177 150 -56 -27 155 219 -44 -212 204 -178 -195 31 214 -165 -122 -75 -42 222 -82 213 167 -126 100 -6 -159 53 170 45 107 22 -224 121 -234 -119 -182 176 15 171 -172 -188 205 -43 14 -173 -242 -72 231 -151 96 56 21 -207 179 -128 -15 -106 -62 40 -22 206 103 -130 0 33 -217 115 9 -4 156 4 59 218 -19 123 91 -147 -235 221 136 -78 127 220 -12 -113 51 122 88 -81 248 -166 -68 39 177 -2 13 109 73 -46 -190 216 236 163 -233 -13 -101 -88 -60 -33 80 154 -240 46 161 120 247 175 -193 -149 149 159 -229 -97 -183 -245 -74 70 -65 76 -50 61 -8 -20 -201 35 -241 -211 -218 24 -199 -37 223 -161 224 233 92 -104 145 -90 -120 -197 -143 132 41 237 -244 -243 -139 -237 67 208 189 90 160 178 242 -203 -96 -216 2 126 191 -134 98 -21 7 42 97 58 193 93 -49 -202 -57 211 28 182 -84 -117 -220 -131 138 57 -25 -153 -116 50 -247 -200 -206 239 -146 -93 38 -198 77 -77 -51 10 3 -16 -209 -53 20 -127 -180 -236 -239 86 196 -54 37 27 116 114 -102 195 227 187 238 -67 190 1 26 234 112 47 -133 8 69 63 -32 201 -87 44 71 -39 -1 84 -232 104 64 235 -18 180 -107 241 -194 186 -110 -100 139 -138 229 226 -48 -79 -92 -222 -208 -5 113 -227 232 -136 -30 -52 83 75 194 210 -89 105 85 169 65 -115 152 158 -105 -249 141 -95 -80 244 
TEST 29 ARG:-53 120 -122 -6 -140 -59 -87 21 92 -228 164 223 169 -79 -247 -167 -201 -8 -163 -110 -34 -126 90 -51 136 -49 121 193 24 199 241 -197 -240 -18 -4 -43 97 12 17 231 153 143 -206 -164 -13 112 141 10 -246 -103 -100 -36 174 237 106 58 -94 -127 -212 213 50 227 -180 75 202 -136 144 -131 -16 -241 -121 -133 -170 81 13 30 -107 -142 -138 55 -150 -208 -108 194 -22 -128 11 85 86 172 -199 -82 -115 236 -242 19 -224 -227 -101 -57 -28 -119 103 154 -155 -77 20 -117 -233 -235 212 -229 -85 -47 -84 208 -157 -190 -159 34 -214 -172 32 100 -147 60 65 171 220 -113 -71 73 48 -220 245 -248 214 -10 -222 129 -181 195 88 177 216 -183 -75 69 29 238 -52 -25 179 -12 -178 45 -245 -148 -198 -145 -191 -192 -209 175 -217 219 132 131 188 70 91 196 78 159 14 110 -72 235 -15 -14 -76 -104 -102 -73 173 99 123 232 -95 -86 107 -65 218 147 189 -68 8 184 5 -120 -24 -63 225 170 -35 80 -39 145 149 230 226 -239 -184 -26 -210 38 -3 -93 -193 4 -171 64 -1 -238 -143 -211 37 44 -23 247 6 -99 39 54 -179 7 197 185 -132 68 -50 -60 160 -144 -216 102 63 -58 148 -90 -175 115 -194 127 -78 -109 -9 -156 133 -244 -162 207 -188 16 178 62 204 -221 168 -218 -61 128 -54 -32 163 -215 -88 134 217 221 -166 33 -230 -56 -231 244 242 -19 87 157 -37 -200 -27 -116 -64 206 146 125 224 139 101 -207 211 198 -160 105 95 137 203 -66 -202 183 187 118 113 -97 -232 56 -149 -141 -20 -236 94 67 -41 82 124 -91 191 -123 155 66 114 59 240 0 3 126 -249 2 -234 111 40 -80 53 -111 -161 -152 119 -153 -125 -105 -74 180 122 -92 -243 96 181 77 167 -30 51 -42 -11 27 233 74 246 -2 -219 -44 -223 150 -205 161 -203 228 -237 -45 46 52 -177 15 -226 156 -154 186 -114 41 -29 -112 36 -62 222 -169 -168 18 -89 -129 -185 -48 83 -7 -31 151 158 -151 229 -173 -46 165 130 -146 209 135 -165 142 -137 -124 138 109 -69 210 26 -118 76 200 43 -158 -225 -38 -204 192 -186 -182 -130 176 98 205 108 190 -33 61 47 -213 1 25 -176 248 182 215 -70 104 -67 243 -5 31 162 140 -17 -55 -187 201 -189 42 -135 89 166 249 -134 116 84 72 -139 -196 -83 93 49 35 57 -96 -250 239 152 -81 79 117 71 -106 -195 22 -98 -40 23 -21 28 9 234 -174 
TEST 30 ARG:-43 -70 -129 131 -87 16 218 205 -88 100 137 206 7 63 138 35 239 -236 210 172 -71 118 -33 -197 -126 103 194 -145 -233 247 -174 67 95 106 96 -29 -89 -121 59 -234 216 111 -28 135 234 -78 61 204 66 43 207 -105 -188 98 56 132 196 47 136 64 124 57 -74 -1 -157 82 -99 -49 -17 -57 -79 155 -195 70 -216 198 -170 20 -39 -54 25 -101 91 220 -171 -98 -21 -238 -94 148 -24 77 -168 -227 23 179 -149 -26 22 17 -214 -161 -134 37 116 -16 -229 6 -80 -184 -73 -180 -131 229 -56 93 -97 184 -139 163 -247 -122 -203 84 -164 -125 244 65 10 225 -20 173 8 -92 -169 -137 130 -103 -146 -176 245 228 -152 107 -95 -113 -140 230 201 99 165 -218 -84 -35 -142 46 236 -7 -48 104 -248 -244 119 -4 -42 -14 32 182 199 -120 -173 -50 -175 152 112 -192 -154 -210 -52 -67 -15 87 -93 62 -91 1 232 -194 -240 -208 115 177 -156 -44 -153 -245 -60 110 -58 19 126 33 217 -202 -237 151 -178 142 -96 -36 40 -158 58 -22 195 -138 -124 149 -23 203 -115 183 -123 68 49 -159 -187 9 -200 45 211 -223 224 128 140 -19 197 -82 -246 12 74 -81 178 -117 -160 -127 72 -18 -185 102 153 125 139 150 28 213 108 238 208 -148 -211 -212 -217 54 -179 -72 187 -69 86 -116 -65 27 -165 146 18 -83 85 114 -31 -34 2 51 -198 168 -68 -242 171 120 -167 34 175 242 180 143 237 13 157 79 24 -135 -215 -118 193 -110 -109 190 117 -155 241 14 202 -206 71 44 60 160 147 219 -3 161 221 -189 41 -128 -172 -232 191 188 75 81 52 134 88 -8 159 -27 48 122 83 -53 101 -45 222 -114 169 -86 26 212 -104 109 -241 78 -191 235 181 214 -221 36 50 -13 94 -183 -100 141 249 -235 92 -209 240 73 -250 209 127 15 223 129 -186 -112 -136 -133 -228 -196 -201 -85 233 80 -243 -163 21 154 -147 -77 164 -219 76 113 248 186 89 -111 53 145 -90 -46 200 -12 11 29 97 166 -130 42 -204 -59 -51 133 38 -177 -37 144 -106 -47 -231 -55 158 69 -76 -230 -222 -239 -38 -193 -181 -143 -2 192 -213 -40 -207 90 105 189 -199 -205 156 185 -9 -220 -6 215 243 -108 123 -30 246 -144 4 -182 -62 -162 3 31 -75 -63 176 121 -5 55 -225 30 -119 0 -102 -132 -41 -61 226 39 -150 -141 162 -226 -66 -64 170 -11 227 -249 -190 -32 -224 5 -25 -151 -10 174 167 -166 -107 231 
TEST 31 ARG:166 224 43 -16 33 -219 -145 -128 -53 6 -226 -108 121 35 184 -250 -44 124 163 72 -55 211 -65 222 94 191 -227 -220 -48 58 -84 178 -100 209 -73 -180 48 -35 -90 84 220 170 -228 -171 -41 -249 -9 -74 12 3 24 -11 -193 -131 236 9 187 1 204 -229 215 -182 168 0 97 -152 51 -106 137 -29 225 -25 208 -45 46 154 132 -62 -211 -137 202 106 66 194 21 126 26 -156 161 -110 119 -82 -175 -98 61 -111 -103 7 105 115 -8 155 -124 64 -80 -114 -201 151 131 62 -15 -243 71 136 -75 -31 65 -160 11 239 -188 -99 60 75 -125 -118 -64 230 -222 95 47 -186 22 247 244 -87 -7 -165 150 246 173 207 -237 127 141 -123 -170 -10 197 249 -112 -239 213 176 -185 241 -197 52 171 27 -72 221 -203 -52 99 -230 -50 -245 -183 118 -24 190 -69 203 -132 -216 206 145 -19 -83 108 81 -135 -49 218 -21 -86 -91 -190 39 53 -205 2 -67 -88 185 20 240 18 227 -169 45 -134 201 -33 28 233 63 243 -39 -66 125 103 114 -150 -17 231 -225 -192 134 -47 -200 107 -129 -104 129 112 -61 -77 -167 175 32 -36 -54 -60 -6 -22 -215 -232 188 -179 -113 -210 -23 37 -142 -223 -117 -102 -97 -4 -93 -70 111 -172 25 16 229 189 135 138 42 -217 80 -236 36 -94 -221 56 8 -163 -107 193 77 -146 23 76 -242 -191 165 226 -155 -57 -28 159 40 113 156 55 -81 -126 -136 -89 -92 186 160 -141 -176 133 -166 179 78 172 128 192 -202 -246 59 -51 181 -206 -159 -95 -2 -248 74 -199 93 -240 29 -18 68 116 -161 182 200 -144 5 245 -218 -168 89 210 -119 -174 30 -233 232 169 96 242 -101 183 -76 44 198 -109 -149 177 -181 104 -162 110 -178 147 238 142 -154 83 140 199 38 148 -187 -143 -27 -32 17 117 139 195 -3 86 237 123 70 -241 101 91 -26 -115 -121 -151 69 152 -38 -139 164 -68 -96 -12 73 -164 67 19 -238 212 14 -78 4 -212 -207 34 180 -231 85 -116 -204 10 -177 82 130 41 -13 -71 219 -214 90 88 31 -158 -56 102 217 214 -153 196 54 -37 -138 100 13 79 -20 -194 -247 -58 -224 -140 153 120 -30 -85 162 87 -46 -105 -34 -235 -148 -195 -120 -198 157 -189 49 -234 -208 -122 174 248 -14 -184 -63 -173 149 15 -196 -209 234 109 57 -43 92 167 -59 -79 223 144 -244 216 -42 50 -40 122 -157 -133 -147 228 -1 -5 -130 98 205 -127 143 -213 146 235 158 
TEST 32 ARG:237 171 -172 214 158 -113 50 11 157 140 -197 60 -233 247 -168 94 -92 121 -247 -33 39 88 86 100 -139 -246 -174 10 -121 -129 216 44 150 142 200 68 163 -72 137 -134 -190 -185 -26 -49 71 174 38 70 -209 -48 -73 -47 5 105 -36 -249 -119 -41 -64 -27 -7 210 -177 122 63 172 -51 75 48 166 4 114 36 -19 -203 32 165 -173 -143 -195 119 202 62 -232 26 -155 -6 -170 173 205 -239 -15 113 102 -111 -107 106 31 240 -74 -208 215 108 -135 -226 -45 55 -40 -183 221 111 181 206 -116 129 -125 -166 -30 144 -37 135 -102 -103 -79 83 145 188 -24 -34 235 182 -179 -146 -50 -115 87 20 245 -117 133 115 -38 81 29 120 -148 -149 232 -151 -221 -71 -161 -201 -130 -188 98 24 -140 91 22 -31 117 61 149 -178 -68 234 -122 -29 -165 76 -25 -184 -65 -194 203 -100 -164 41 52 -216 -214 -46 -231 -189 -182 -204 180 168 -163 213 175 138 209 56 227 -108 -22 -112 -5 97 78 21 -127 -196 45 28 -229 187 -157 -101 139 -145 -3 49 176 -142 230 -175 -186 148 74 -240 16 -120 242 9 77 -207 -87 -152 101 146 -20 -32 177 109 -16 185 189 53 -228 -56 195 248 153 -217 201 -58 -244 -18 89 13 -206 179 -95 220 -52 152 -97 73 -218 69 167 104 51 241 1 147 85 -94 143 231 -77 -13 30 -234 -144 130 -162 -69 27 -70 110 127 192 -200 196 124 6 93 -62 -219 -248 246 -198 -242 164 57 -220 141 211 -4 -150 159 132 225 -136 197 -96 35 131 239 -83 -78 79 170 72 -227 -250 -63 -98 -223 -153 64 -44 -21 42 -39 208 18 186 3 103 -154 90 -167 -210 184 -202 -14 -81 126 243 -192 178 -88 228 -205 -237 12 84 107 123 -158 -176 33 23 -114 -86 40 47 -67 58 249 -156 -11 154 -82 -138 -54 7 65 -211 -137 80 -241 -224 -10 160 -59 8 161 198 -90 -171 136 204 14 194 -76 92 -213 190 -89 -17 -106 193 -43 -85 218 116 -8 236 67 -222 -42 224 -131 -124 233 -123 -91 212 25 -126 -225 112 -118 -128 -191 99 -104 134 118 -230 17 -187 46 2 207 59 199 -80 -75 -53 -236 183 -160 -23 -181 -133 43 -66 128 -169 223 125 222 219 -245 -9 -84 -132 217 -105 -159 0 -2 226 54 169 -60 -235 151 -55 15 -110 191 -141 -243 -180 156 -147 34 -99 238 -215 229 95 -35 -28 -212 155 162 -199 -61 82 19 66 -193 37 -109 -93 -57 -12 96 -1 244 -238 
TEST 33 ARG:-192 -113 183 -231 -12 -124 -170 -148 28 200 81 149 173 32 -137 -50 -126 -119 -115 -93 103 -35 -133 -139 -105 -179 127 -169 159 -228 40 -174 -171 122 59 184 -57 -11 -69 -224 128 100 244 -181 -242 134 225 -230 85 133 -55 -246 -1 202 56 106 -71 58 -56 -60 -155 -229 168 -13 193 -76 -10 -204 -222 -152 3 -46 -62 -68 104 161 181 -96 97 239 124 -153 -29 -241 206 2 49 228 -194 -79 -176 196 -80 -235 -59 -127 -213 38 26 78 17 88 13 237 -240 43 229 -34 231 -81 137 -109 -111 66 -197 153 33 234 62 67 162 -100 0 238 -4 163 108 -107 60 -20 123 156 -154 222 -195 130 121 155 -54 145 -97 -9 90 89 214 -128 -225 -215 194 136 -214 -182 14 -53 42 18 22 -177 -63 -158 -114 151 146 -67 -160 35 63 -144 75 230 114 61 178 209 -142 -78 143 142 92 -6 -74 96 179 -221 -32 227 -212 -72 217 9 -206 86 199 -48 189 -82 -208 -147 110 246 -77 174 157 -52 -103 -209 -244 207 8 102 -66 -75 120 -17 -150 -135 -149 15 -130 1 -157 177 176 74 -37 -89 68 31 77 54 71 -83 -156 -21 241 224 -146 46 -205 -129 -15 -191 64 -28 -164 150 247 76 -131 212 29 -249 11 -238 -233 -175 248 -117 -116 -39 -91 -22 -123 -40 65 166 -31 129 94 27 30 -49 -217 -172 -24 -180 -7 -70 53 -178 -145 -106 138 204 192 23 -185 160 -45 -42 191 -234 140 -118 172 99 226 218 205 118 84 39 45 -159 16 220 -110 -186 -25 -112 242 -88 51 213 82 -236 115 -199 243 170 37 -226 116 -101 4 171 -23 -248 215 -216 20 125 36 6 -245 -140 57 83 72 190 -2 -43 -121 233 107 210 -87 201 141 -183 41 185 -243 93 -85 188 -163 105 -210 249 -250 -102 -237 95 -90 -16 182 132 -19 195 -3 -189 -64 158 165 -239 113 79 216 109 -47 -196 -162 -30 -184 -167 -27 -134 -95 21 -5 80 34 -92 -219 5 -198 -41 175 154 -36 223 47 -247 -161 -86 -218 -84 55 112 69 221 -223 167 245 236 7 73 211 -136 -202 -98 -65 235 -58 131 -26 144 98 -220 232 -187 19 25 -151 169 147 -165 -166 -51 -193 187 180 44 12 117 197 -141 -232 101 -18 -104 -138 -14 -120 240 -200 52 -108 -125 219 -143 70 135 10 -38 -122 87 -203 24 119 111 -94 -61 203 -44 126 186 48 -173 -188 50 -168 -33 148 -99 198 -227 91 139 -73 -132 208 -211 152 -201 164 -8 -190 -207 
TEST 34 ARG:38 12 -49 -178 -46 -107 -26 -209 -8 212 -7 -201 64 185 137 77 -202 -159 0 90 -125 -126 214 -81 -109 213 179 -68 -191 -24 -51 -180 206 -143 121 26 53 -36 27 237 50 -77 -63 -139 -190 69 33 211 47 63 52 144 -60 -35 89 133 24 139 -42 -213 -89 1 32 -41 181 151 -19 -187 132 -70 -137 100 13 -82 -78 105 201 -154 -6 -173 -2 -208 148 -153 129 110 172 85 -117 34 -165 157 -226 -176 -127 184 43 78 -114 -135 153 5 -244 -224 -69 -76 -31 -33 -219 221 241 245 31 -182 -177 2 215 -170 60 -32 225 103 216 231 106 173 48 21 -189 -62 -242 244 202 -169 -197 114 -29 120 -119 -237 -105 189 29 155 104 145 93 118 -232 -230 44 -145 195 205 -97 76 -234 -54 -248 62 141 -195 -95 37 -196 203 177 -23 -216 -179 247 138 136 -44 -66 156 -124 -40 59 18 146 -75 71 -99 159 42 -235 152 -142 166 102 -120 -73 199 -21 -160 142 -217 113 -79 191 40 74 61 -236 -174 210 234 170 68 -115 9 135 125 46 147 223 -34 -140 190 224 -150 -104 149 -175 175 233 -231 94 -245 119 -193 -15 -181 -241 -1 30 112 -161 98 208 131 -27 109 124 238 218 -52 -147 82 248 -93 101 73 -206 72 -14 -50 86 167 188 75 28 -168 230 -10 176 -22 49 -198 41 154 -199 -164 -106 243 -166 7 161 22 186 -58 -86 -5 -20 165 -222 -131 -118 235 -212 70 -246 116 65 -80 232 16 -101 -130 -162 -133 45 -136 -39 -72 164 -85 -214 -247 -3 122 -223 -90 -56 -116 -102 178 -158 -167 -157 -17 -134 -67 51 117 -188 -152 -25 187 -218 111 -100 -155 -83 -91 128 -220 -185 81 -238 -64 -221 168 11 91 55 -184 -28 56 -65 -228 97 -112 84 -186 108 162 39 126 -227 -84 -55 219 209 174 226 -92 -38 15 -138 -96 242 183 239 -48 95 134 -37 220 193 36 -203 -103 228 -194 -146 10 54 83 92 169 -200 -9 -98 25 150 99 -141 20 140 19 8 17 -113 204 -192 -204 198 163 67 180 -249 66 197 -71 -172 236 -61 -59 -110 123 -210 -74 6 -47 -121 4 -156 107 160 207 227 -88 87 196 23 -12 229 3 171 -123 127 -122 -171 -53 -149 -16 -205 -18 -233 -43 -183 -4 130 57 -148 -211 -225 200 -13 -11 -30 143 192 222 80 96 246 -239 -129 58 -215 194 -207 -111 -108 -45 79 217 -229 158 115 -57 -144 -250 -87 14 -94 -132 -128 -240 249 240 182 88 -243 -163 35 -151 
TEST 35 ARG:-196 -209 96 -120 41 145 235 134 239 196 -129 31 36 -169 136 216 219 -123 -54 1 186 -116 68 -177 -69 23 168 125 177 33 -98 -38 -19 69 -62 -217 -30 200 94 -8 -173 -31 -141 -245 -176 -109 119 -154 104 -247 242 92 112 97 208 76 240 45 -108 63 147 72 59 115 -35 140 -74 -160 -166 144 37 203 183 -142 -64 39 -82 -117 -4 51 -134 139 99 -97 100 80 161 -48 -195 -201 -210 248 153 73 106 -167 11 -215 17 -179 -107 -168 -85 -219 -40 107 120 236 105 -71 -53 50 223 -23 3 79 -152 -223 -113 -70 -95 -121 60 -139 170 241 -17 198 180 30 -130 -90 18 -59 143 -79 -232 -13 195 -133 -93 7 -170 101 -118 -197 -96 -143 159 204 228 148 -138 46 122 47 -89 84 -185 49 -39 -92 77 121 -99 -127 -37 108 14 163 -186 62 233 15 -190 -41 4 194 -131 -104 -249 -226 229 -52 179 212 53 -140 164 193 225 247 129 95 -159 -153 -234 -155 -49 -211 -136 -15 -198 25 -206 124 146 52 -235 -222 238 29 213 -83 -212 226 -77 66 187 202 -150 -91 232 222 -11 -122 43 199 78 -76 -124 -194 171 -228 -84 -189 -248 188 -42 -187 -183 -218 -63 184 -29 -137 102 126 -237 34 -20 165 -61 -65 44 150 218 -240 -119 -44 -50 48 61 -214 -111 111 -78 -12 -239 166 214 -43 192 42 211 88 -157 -164 -57 249 -171 -36 231 -242 -244 -202 244 26 -162 9 -224 169 103 75 -51 -32 -112 -100 246 -250 -174 -27 10 -227 35 154 118 2 -25 243 137 221 -81 227 0 86 -147 -105 191 -144 -243 -221 16 -66 -94 130 114 -172 207 56 12 -191 28 -7 -56 90 -184 189 20 117 230 206 127 -3 157 -114 133 151 -208 172 -132 22 -225 -151 83 -10 93 -156 -163 156 123 -72 65 6 -182 -47 -238 245 -203 -16 -246 -161 -216 155 -192 110 -115 -135 138 -9 81 -231 220 89 -87 -230 -233 -88 -55 5 -101 -213 201 132 -86 -46 224 -106 64 -178 -110 55 217 210 190 24 -28 82 176 160 27 -75 149 -80 32 -24 -68 -67 -207 40 152 19 -58 178 205 173 197 131 -205 128 -148 -125 -220 162 -241 8 54 70 -188 116 -1 -181 -128 182 -73 -149 142 58 -2 -26 -204 71 209 181 141 -102 67 -146 -60 -22 -34 38 135 -236 87 -21 109 85 -45 -126 -165 -5 98 215 -18 -200 21 174 185 167 -103 91 -158 175 -229 234 -175 57 -193 -6 158 -180 13 -145 -33 113 237 -14 -199 74 
TEST 36 ARG:41 -90 98 -237 -74 -136 -5 -37 196 -198 229 -137 -59 125 46 109 215 -186 -15 -145 -188 161 -203 -205 -16 -247 -246 194 -229 140 149 163 -220 -204 145 -121 -151 -102 -7 158 -208 54 -250 164 222 28 177 6 -87 124 142 181 -9 213 -17 116 81 -10 18 239 -19 224 -148 139 -132 -210 30 151 3 55 -211 -157 14 217 -75 -214 52 91 -238 208 -226 202 17 -140 7 153 13 -213 114 212 50 -53 -162 -225 -241 127 31 -114 -63 -176 -160 49 188 169 -115 -153 201 228 62 -143 -219 -149 -24 16 108 174 167 190 -68 -49 -191 90 -84 244 67 -80 -224 -97 94 -32 86 148 199 240 -127 211 -55 -89 -227 136 -106 -122 -3 -164 59 -82 -130 29 73 -230 179 -243 -83 40 156 154 -30 82 -171 69 170 -52 -206 99 -45 5 133 -21 -85 110 -141 -34 216 -185 171 12 -124 123 35 -128 -163 -13 189 -189 64 -202 -91 -235 39 -62 -135 -152 -183 25 -144 -79 -56 160 89 -142 -76 -169 96 23 -240 -60 -92 -119 22 -25 -51 -64 -70 233 -104 -234 234 245 -173 178 -125 -199 -71 -99 152 172 -159 63 85 -190 11 -14 -33 47 -113 -193 -81 -105 -166 191 -65 113 -182 -72 -177 226 155 34 -245 53 -73 159 9 -161 -126 115 -192 -120 246 -57 -196 -197 -207 51 -69 84 -27 -215 74 104 206 -129 242 -11 15 112 -88 -43 -42 137 72 -110 103 -221 66 92 197 175 128 249 223 65 -48 -94 166 -194 -146 -109 80 -28 -116 105 42 146 -44 -107 131 70 218 -181 -2 -216 -95 -249 235 -98 -172 195 247 -131 219 209 8 -23 -36 88 -61 -101 -47 180 204 -12 165 38 -134 221 76 45 58 -232 -20 -147 43 -170 230 182 102 119 -179 176 75 -201 -231 147 -178 -103 60 -236 198 248 183 -248 36 132 -165 111 4 238 126 143 71 33 -38 -108 21 107 -1 -6 -174 -54 -18 -29 225 -4 95 27 -40 44 26 -31 -158 118 -154 -195 -77 -35 -139 68 -228 -96 19 120 87 -22 -100 141 -175 205 185 214 -233 -111 210 129 -26 -209 157 -217 236 -112 -167 20 100 -86 231 97 130 232 -187 -117 -41 -58 -244 -239 -180 57 -123 77 0 -218 10 -93 83 -223 134 -66 162 1 -39 -46 -133 32 56 200 144 241 37 -168 78 -138 193 79 -67 168 135 93 173 220 61 -212 203 101 186 2 122 106 227 -118 138 -200 117 237 207 -242 -150 48 -156 243 192 187 -155 -50 -8 -78 150 24 184 -222 121 -184 
TEST 37 ARG:114 4 -10 -114 -101 -227 -238 138 203 61 -136 147 219 -24 -233 220 -38 71 -32 -164 44 -78 153 -86 -192 206 -66 118 244 204 -64 57 248 -195 -250 90 180 76 74 177 139 -177 47 56 125 94 163 -106 -40 25 -228 -39 120 145 -14 -249 239 -67 -19 -79 -216 122 -2 -52 -90 -167 -161 -160 10 -47 24 241 -62 -31 -59 -215 -43 -49 -193 -212 -9 -92 -245 83 -158 -27 -139 159 -109 -219 13 96 213 -141 -25 -175 -188 112 194 91 -201 -150 -133 -73 -104 49 30 208 -98 -125 51 -36 -70 29 224 27 88 -144 -16 62 -214 -57 181 -157 -182 50 19 -3 86 -61 78 33 164 -166 -179 169 231 186 -143 60 183 -77 195 148 -162 -171 249 143 58 105 -97 -178 115 201 6 158 -165 -8 -4 5 167 8 196 14 -234 228 73 82 92 -169 137 -138 232 -200 -28 -206 -84 -5 233 -74 189 -13 -246 207 -118 -33 243 -149 -191 -211 22 77 -209 -229 -187 -197 245 -203 129 37 -21 -131 48 -115 -30 -48 -142 -183 173 66 -6 107 -63 -208 -18 222 -236 168 230 106 1 0 -91 101 191 155 -181 -15 28 26 -244 -134 -124 9 -7 -186 15 84 -152 -196 242 -146 -56 136 -75 -11 -88 80 -240 -34 -85 227 -69 111 119 -105 200 113 -37 -222 144 59 198 123 -128 133 -243 157 -29 127 190 53 42 -60 135 -53 3 -119 192 11 -113 -220 -140 -190 -247 -89 -82 199 100 -121 211 -22 -123 65 140 160 176 197 -204 -20 234 -185 -81 95 -1 -107 -163 -23 -117 -110 -248 131 -217 -112 209 7 152 142 -172 149 188 223 170 -54 205 226 -135 -159 -96 -137 -120 -41 -176 -68 -202 -122 93 -46 -35 68 -151 -65 146 -221 218 -174 -156 162 235 185 -173 41 -12 151 -44 -231 240 -99 141 238 -241 165 171 247 35 99 -194 154 121 -155 -103 -145 23 217 -153 -26 2 246 -127 187 -199 39 -111 31 54 43 89 -94 -170 -210 40 -223 184 202 87 21 210 -17 -102 -76 178 81 110 -42 174 109 -108 -154 -225 18 236 108 75 -168 -180 -100 63 -58 -130 -51 161 79 36 46 -126 -189 -232 172 175 182 -80 117 214 -235 102 69 103 221 126 98 -148 38 225 52 55 -72 -242 215 -116 -198 128 130 237 212 -224 97 -205 104 -213 216 -95 -45 179 150 -230 -184 116 67 124 -132 134 45 -239 -55 -226 132 12 156 -83 -87 16 32 -71 -129 193 72 85 20 70 17 34 -93 -147 -207 229 64 -218 166 -50 -237 
TEST 38 ARG:-183 -13 -69 -39 50 212 82 161 -130 -22 213 -191 53 -236 19 -138 236 -16 177 -61 -94 113 -133 55 217 109 -38 244 79 73 125 -226 -19 59 221 117 -60 47 -242 -187 10 30 29 144 -182 -245 -28 210 205 -105 -221 26 -99 138 171 -238 163 238 -205 -9 -190 -160 133 218 -202 16 112 -77 -163 39 -89 -30 49 14 87 -140 137 -76 -241 -250 -247 145 140 77 35 -180 92 -25 215 42 -184 183 65 41 134 -106 -123 62 -43 128 158 225 -114 141 51 123 78 -232 56 -79 -14 -135 -134 -204 36 97 72 -20 -201 249 88 -154 -64 33 44 -165 -73 239 -188 216 86 207 232 231 150 48 58 69 -144 -157 -213 -4 214 -97 -173 234 -231 15 247 -113 98 -228 37 -62 -8 -246 -139 -159 13 17 241 -150 -137 -166 224 61 -3 -145 -148 0 122 -112 -219 124 -143 -199 -176 242 -227 151 103 67 194 60 -18 -102 240 187 -220 -93 -167 -151 174 -161 -21 21 -82 27 -136 -210 43 101 23 -75 195 -126 -107 71 99 170 -125 -50 -52 -95 57 -88 136 7 206 189 -207 -152 -235 -98 120 226 -27 -172 143 -162 222 -17 -10 94 45 191 -101 -116 81 107 167 25 40 -218 176 223 -132 -186 -92 -196 -58 -1 -85 85 -84 -192 -31 -217 -80 -198 20 -203 28 -11 153 110 -67 204 -47 237 -46 46 197 4 149 -63 -74 -59 -32 -209 74 -87 -178 108 132 235 -237 3 196 130 -23 -156 248 89 -103 -177 -185 209 229 -65 12 173 -90 -78 -225 200 139 -117 184 -111 230 -224 193 -91 -194 -45 -200 -208 106 105 208 -24 -86 70 -189 104 159 160 188 -248 -249 -222 102 129 -68 118 -121 180 -234 6 155 165 164 -33 178 -120 -239 -240 -119 166 -243 114 -15 211 2 -128 52 34 66 93 169 126 -35 -216 32 -109 198 -122 227 8 -153 -131 -5 96 -169 -141 -244 -6 -170 228 -127 -197 11 24 179 80 -181 219 -229 -7 172 63 -42 119 152 201 -175 -2 121 -55 -26 -168 -193 246 64 -115 83 1 -211 -215 68 84 -206 -100 168 181 91 -40 116 -71 233 -214 -36 22 -57 220 111 154 31 192 9 -81 -171 -223 -195 199 -124 245 -37 -142 -48 -118 -230 185 -96 -147 -212 202 -179 -53 243 95 186 -233 38 100 148 -70 -56 -83 -12 -72 75 -34 135 76 190 -129 142 157 -108 -174 162 54 -149 -146 156 -158 90 115 -104 5 203 131 146 18 -49 -44 -41 127 -51 -164 182 -66 -155 147 175 -29 -54 -110 
TEST 39 ARG:148 90 58 68 -218 -3 53 161 -168 -162 -199 120 -14 -39 199 -30 -176 -78 -61 229 -198 145 84 -147 -56 243 33 138 34 24 211 -208 193 -36 83 117 -142 21 -117 -29 -151 233 13 -206 159 116 122 -164 175 -209 -225 54 -9 -1 227 131 -33 -120 -62 -95 110 -217 234 -157 2 129 78 -131 151 185 150 191 -135 -163 207 194 1 -136 47 -7 -155 -8 -216 107 -165 -175 14 -112 -149 -59 -220 3 -27 81 41 -87 -51 226 40 178 -166 -231 114 222 92 42 -195 -58 232 -12 221 -101 -65 231 -42 96 -16 -229 37 55 -68 -181 247 -38 76 -79 249 79 65 74 210 163 -192 88 100 -48 -129 197 63 -116 -2 -246 93 209 -21 -234 -50 64 244 75 99 146 157 23 -172 66 103 -167 238 230 168 -210 -244 49 72 -108 133 196 46 7 -228 45 136 59 18 235 -71 91 203 -40 -215 -152 192 135 69 57 61 70 -31 -211 -193 167 -20 181 -169 -82 -100 106 130 97 30 153 -182 -145 134 -177 -113 242 -47 166 39 223 170 32 -64 -41 180 147 109 15 -119 -161 -171 -158 -179 -247 -191 -70 -74 12 248 -239 -240 -118 219 -111 172 216 -138 -248 38 -249 225 -60 165 86 144 -154 -86 -114 52 -53 188 -49 184 -105 -110 -96 -236 204 26 -52 -140 239 -73 -121 104 9 152 164 -90 -15 -92 20 115 -17 -130 -243 -84 -133 -37 19 173 10 -201 -97 186 -230 179 158 -235 -245 174 -115 98 -203 -66 -178 111 -28 155 176 201 149 208 -107 240 -143 214 142 171 -126 -183 202 -125 62 198 -13 -88 -55 -207 -202 -184 73 -223 -54 -141 -91 245 195 -11 241 -77 -45 -219 182 51 124 -173 82 237 -237 187 -127 -250 80 190 -144 -44 -94 220 11 4 183 -76 -160 -188 43 -185 -24 -212 -10 140 139 -63 217 101 137 -83 -194 102 126 85 -102 -106 -93 -69 25 -124 -99 -241 -98 -81 -196 118 -227 28 -123 -137 -186 121 -159 -57 125 -187 95 -128 36 -224 123 246 -214 -205 -89 -103 -32 -213 89 169 -156 -43 141 206 -132 -174 -22 -4 108 215 -5 -67 -200 71 128 87 228 77 -222 48 113 143 119 6 -23 35 -180 22 27 56 112 -170 218 -109 67 -18 -104 160 17 200 -25 -139 -85 224 105 94 60 177 -6 -35 -232 -72 -34 -122 154 -46 213 236 31 -80 8 -190 -221 212 205 156 -204 -226 5 162 16 0 -146 29 -75 -19 -26 -233 -150 189 -197 -238 132 44 -148 -242 -189 -134 50 -153 127 
TEST 40 ARG:222 -224 188 -226 149 -81 246 173 18 170 -168 -144 167 -150 -70 232 36 -8 -112 148 67 -115 -145 -68 200 217 -79 87 -47 -71 130 214 -34 92 90 -121 168 -131 223 -86 -27 221 -118 206 -12 10 -105 169 -23 -170 -53 -107 54 203 79 -28 205 -14 218 37 244 6 32 -73 111 -123 216 -58 -75 -147 -200 175 -29 -142 -35 42 143 71 208 -84 -101 51 -49 -183 -89 240 237 106 -18 30 162 178 181 176 78 -211 21 81 212 -225 -132 -130 -207 147 -194 154 199 116 -152 -55 -151 -19 57 28 -72 -69 25 27 -51 76 -45 126 109 -76 100 43 164 243 160 224 -195 -230 -206 93 -62 121 -158 159 -67 -125 -215 -214 23 241 -166 22 192 102 -162 96 -64 -186 -126 65 -21 -164 135 193 19 -167 -10 -187 45 166 95 145 -209 -91 88 -134 -24 -74 62 -246 -222 137 24 201 -177 171 184 101 -203 50 -77 107 -189 -171 -217 -80 91 228 139 122 165 -52 59 -32 -223 -63 103 73 229 -13 74 -120 -46 66 35 -83 150 -44 -133 52 7 112 -20 -219 204 -244 11 -188 4 161 146 -161 80 -43 187 -4 -87 -40 236 207 -160 234 64 26 227 182 -15 180 153 125 177 -66 49 -231 69 94 58 119 -176 196 -61 -197 9 -139 209 -36 34 -236 -237 235 14 -191 12 117 -119 -184 -117 158 -248 2 245 -31 -25 174 0 -227 -229 -245 226 -129 225 85 -102 75 -65 198 -26 -228 -104 -94 70 136 105 -3 31 41 -172 -146 61 -242 -154 194 -54 186 -16 -175 -57 -1 -41 129 53 -192 -178 -33 -135 -201 -174 179 -165 -60 16 113 -199 -143 248 210 141 231 -163 46 -98 -38 83 84 -109 -239 -196 183 38 -210 144 -157 152 -155 -243 202 -90 -11 -7 -136 39 -240 151 68 191 -249 -173 89 -9 -103 -190 -198 -122 -250 -202 -213 197 47 -221 29 63 98 -185 -234 -141 -88 118 242 -247 -156 56 -169 220 -111 -50 134 155 99 -17 33 239 213 -78 -114 -56 -149 195 -108 -140 123 131 238 142 -113 8 -181 211 -148 -37 156 -93 5 138 -180 219 -208 120 190 77 -5 72 -220 -22 127 -42 163 230 -127 82 -238 215 -216 48 -2 97 247 13 15 -218 -59 -82 -30 -241 108 -179 1 104 110 -232 -137 -100 124 -39 -6 233 185 189 133 -106 -85 -193 -97 20 132 -128 -116 55 -138 -212 -124 40 60 17 -205 -204 -159 -95 249 128 157 172 -182 -48 115 -96 -233 86 -110 3 114 -92 -153 140 44 -99 -235 
TEST 41 ARG:102 69 -192 161 53 203 -159 116 242 -49 -140 244 91 4 28 188 79 -109 14 -173 144 182 85 -211 55 197 207 -54 -52 234 -116 0 27 -137 212 181 39 -237 -157 146 -120 -35 -118 -125 -55 240 -245 42 106 94 -235 -73 162 -76 189 -44 -147 -32 -34 -189 -43 132 86 -201 -161 88 123 -236 149 17 -156 41 -133 208 -30 49 231 142 152 -229 236 -28 -24 155 -104 -39 -70 11 198 225 -193 -123 201 2 71 -41 76 -148 -191 194 24 238 -234 -205 -233 -185 56 -174 153 183 -19 167 -59 34 -71 13 -92 82 202 -100 -20 98 -36 -98 -113 72 204 -14 171 -121 10 -46 223 243 -222 -231 114 29 -50 -57 -223 -250 139 145 128 133 -142 -69 22 64 35 -74 -130 95 111 -62 -214 143 -68 -158 -169 -149 -232 -15 130 58 -179 -7 47 -78 -171 -153 -244 175 83 239 190 21 33 15 70 8 206 222 -151 1 199 232 218 -77 -94 101 -230 233 -12 -9 73 176 -99 87 -37 57 150 122 185 -246 50 -206 -146 -134 -154 -115 19 -106 117 -23 -5 -107 147 -64 80 -1 48 97 191 211 -105 -163 148 -58 -129 75 61 -88 -72 -90 -226 107 -164 137 159 59 100 -136 92 -126 228 -176 40 84 121 -27 -221 120 37 -220 220 -162 -29 -22 -56 -97 31 -53 110 163 -21 -204 -182 -79 -224 12 60 -212 177 172 -40 221 -117 126 249 178 170 -96 -25 -202 3 -18 -168 -8 213 -81 166 -184 -80 209 164 -208 -247 -243 -249 -124 46 -188 -89 -128 -138 109 -114 52 -26 -108 32 43 241 18 224 67 -241 156 -178 23 -197 -127 -213 -33 160 157 -167 -209 -150 54 6 44 -187 -51 -47 -2 -172 93 -75 -95 99 138 108 200 -132 226 119 -61 113 -186 -48 -165 -155 -240 62 -103 5 -210 65 -219 -60 7 -160 -67 103 -216 89 -83 248 217 214 -143 -38 227 186 154 -242 -215 247 -238 -131 -10 -196 235 136 -166 63 -13 173 -122 215 -217 125 -4 -239 174 195 -112 -45 131 112 -144 -180 -207 -218 105 219 192 20 -66 -170 104 165 246 -87 -102 127 -42 151 187 66 -198 184 237 229 -119 -177 196 230 -135 90 -248 96 -183 135 78 77 193 115 45 -175 210 51 81 179 216 124 -82 -228 -181 180 245 16 -227 -3 -86 129 -141 -85 30 26 36 -195 -93 -203 -17 158 168 68 -63 205 -190 -194 140 9 -111 134 -84 -200 -152 141 -145 -101 -65 -110 -91 118 -31 -199 -6 169 38 -139 -225 -11 25 74 -16 
TEST 42 ARG:54 234 -54 141 -52 -57 133 205 238 186 164 -244 -94 -211 157 167 -88 108 -5 -222 -243 152 -73 -176 99 248 -135 -82 100 64 169 -59 20 -171 61 -214 62 -212 -21 -151 -165 180 68 217 -232 -180 -102 -41 -155 -123 -162 -158 151 220 -172 239 -140 -55 -10 49 210 142 219 -146 -38 -131 -116 -9 84 -28 -147 13 -213 114 19 -217 -205 -175 -34 -93 229 -108 -245 87 -19 75 44 -249 221 15 18 196 -20 -18 -1 46 174 125 -67 -248 -14 -154 111 -220 -11 -51 -201 118 -145 -100 139 91 12 215 51 26 202 76 -221 -208 -203 -124 -106 -64 -234 243 53 -159 -144 -3 -79 -36 101 140 -200 -132 -160 -177 28 156 127 -207 -187 247 107 232 -229 25 -209 -48 82 -56 -83 55 -70 11 30 122 -133 191 176 -218 -120 168 16 188 96 214 -43 233 241 204 -156 39 198 218 -239 -169 69 -170 -39 184 -191 -99 -130 -237 -69 -118 242 83 -226 23 94 36 -26 -153 -167 -122 209 145 -6 17 50 207 -223 -233 -202 116 -227 103 22 63 -247 73 -128 112 70 -78 177 -40 102 -198 -241 -204 -192 128 32 -164 -185 80 3 171 160 1 -109 -115 42 -22 90 -186 -240 -157 120 58 -63 159 -33 52 -46 208 206 88 126 79 105 -126 47 92 38 -150 -152 223 197 -168 200 -89 77 -219 134 195 203 -149 -136 113 81 226 -23 -119 -96 -166 -148 -71 227 -65 230 -35 165 -215 71 -193 56 -29 -113 166 -206 -235 -224 9 211 10 -114 -17 -184 66 115 -74 -31 249 240 225 106 224 117 -92 -163 170 60 21 85 -107 150 45 213 -42 129 123 0 -98 192 143 -4 -250 135 -181 5 -97 -49 149 146 -13 -91 183 -117 40 -216 212 244 182 78 4 110 -61 121 187 -179 155 6 -87 -37 -81 35 -141 231 -143 228 -86 178 -210 8 -105 -90 138 -68 -2 124 97 246 222 109 7 -66 190 130 -103 235 -53 -242 -138 -111 -27 -197 236 -195 201 -225 148 31 -76 24 98 144 -231 132 37 -174 245 -7 -230 -246 -142 -16 67 14 194 -15 89 131 -45 -189 -236 -50 -110 -137 -161 -85 -12 173 179 193 -173 -112 -178 -139 -58 -228 216 172 137 -121 -8 -95 -47 -80 -182 -196 -62 93 86 72 -84 33 -75 175 -127 -72 147 -190 -60 -77 -104 -183 185 57 -30 48 -238 -129 74 104 237 -101 153 59 136 -125 161 2 43 181 199 162 189 154 29 -32 -199 -134 163 34 95 41 -194 119 -24 27 65 -25 158 -188 -44 
TEST 43 ARG:126 -100 -41 103 -149 4 183 170 106 249 176 17 -164 120 -178 181 10 33 -177 24 -99 -89 198 -216 212 -169 231 122 192 -76 -223 164 44 -114 202 -104 -198 -142 217 -117 3 -204 204 -231 -193 184 -243 -184 -128 247 173 54 82 135 128 -57 41 218 -111 193 81 203 -58 -175 78 226 102 -153 -194 -191 174 -1 38 69 -141 168 58 225 214 -248 -87 79 189 -44 224 -211 -228 75 -139 -103 121 244 -46 -188 -154 -167 -171 105 -136 -235 -229 232 142 -9 -201 -155 -39 85 -224 -78 -127 -176 55 -45 -31 188 -200 -173 -56 -120 31 -83 100 1 93 -245 -51 96 18 -152 -11 -73 200 -59 -185 6 -148 156 47 -170 -60 -28 159 -202 20 -227 53 201 -218 -2 -106 -135 -10 248 30 -21 -250 -118 -90 -215 -91 187 -209 -32 -214 223 -119 112 97 119 -203 243 -182 -244 179 -81 -242 -133 208 86 136 195 146 -17 -110 -15 90 -95 110 -132 -172 125 76 -52 23 101 199 77 -53 -12 -43 -50 117 -5 61 63 12 167 -92 175 233 37 -145 130 237 -8 131 22 -140 227 -74 68 -143 39 137 -183 29 129 -237 -71 27 -16 -247 154 -146 7 -86 21 -181 66 -162 -79 -206 190 -196 -84 160 -150 127 -159 -85 -221 139 -189 -14 -23 -66 -94 -64 26 153 35 -61 67 -116 -199 -93 -34 71 109 42 -212 64 -190 -158 14 -33 -4 49 -157 -102 -122 -68 207 -168 161 -174 -126 -42 25 -232 165 -241 -222 206 -131 -54 211 108 -6 40 72 -225 177 209 92 -80 -192 99 -147 185 138 246 -187 107 -233 80 -82 65 19 -207 115 -186 -234 213 -236 143 95 158 -36 -25 -105 151 -180 -98 169 -130 210 91 -72 132 182 -7 -63 -134 -179 -163 88 8 238 56 123 -238 -161 235 -165 197 -96 15 5 -18 -249 94 -240 241 87 242 220 234 -70 -239 236 9 114 -137 11 -26 -3 113 -13 -230 -121 -38 -125 60 -20 -97 36 45 -151 -213 155 -195 -156 245 52 50 -37 -197 205 228 73 229 -27 -101 -166 147 -220 46 13 98 -160 149 157 240 -129 191 148 57 -124 178 171 -109 -75 -123 -217 2 -112 215 34 -55 -22 70 89 141 145 -205 221 118 32 116 134 216 -35 150 -19 222 166 -65 -24 140 230 144 83 152 162 -77 0 194 186 180 111 -138 -246 59 -144 -108 -48 -30 -69 16 -40 219 163 51 -107 -115 -62 -226 28 -29 -88 239 104 -49 -113 196 48 -210 133 84 172 -47 124 62 -67 74 43 -208 -219 
TEST 44 ARG:-91 -176 127 -60 249 -80 -61 52 162 150 184 170 139 165 32 138 218 16 156 -6 98 -96 -26 26 -78 -130 -94 -121 105 70 -82 -79 -120 -184 -119 -153 206 -131 -126 -51 196 172 59 -9 144 66 -129 47 -66 -13 221 207 3 -136 -198 -239 -97 -47 62 28 -193 109 -12 204 238 7 94 89 17 241 173 -162 92 113 182 -194 177 245 -104 121 130 -108 82 -211 178 97 58 -225 146 -195 44 -70 174 51 -16 -19 -133 -218 -188 179 64 -74 -118 71 200 151 237 0 87 230 61 205 191 155 -161 -87 -77 198 -228 -167 -249 186 -183 -192 116 160 -63 -180 136 110 -45 222 112 -160 -135 -199 -159 -65 244 43 190 -201 126 8 -71 224 199 -212 203 -102 -92 -146 -49 42 124 86 2 114 -18 -28 228 54 78 5 -72 -165 -93 15 -200 239 21 223 102 134 141 22 -231 142 104 -103 -128 -73 -56 -37 248 -83 181 133 10 -232 158 185 -175 56 18 -5 -64 40 216 -132 30 25 194 -112 -101 -215 55 -244 -196 167 -152 -187 91 -3 -42 75 220 215 175 -27 -219 -23 -178 -52 -173 -245 -230 -53 -14 -43 -240 -208 -111 -84 120 38 -75 41 -242 -98 -32 -234 232 209 -24 -29 -241 231 -90 -197 -99 -172 131 -248 161 72 117 145 171 -143 -11 79 -227 -157 14 6 -144 31 48 -122 69 -36 -150 73 123 46 229 240 152 95 -134 -124 -34 20 -123 -155 99 13 -17 27 -213 -8 219 -46 -33 36 -149 -170 -127 234 214 119 129 -174 189 -139 80 -40 -89 -148 24 -237 164 159 -177 148 -220 -105 88 103 -238 -21 23 -15 -85 -22 183 -205 -216 -250 -169 -114 111 -164 4 -68 -117 12 -233 -223 -100 188 153 -142 132 225 233 1 227 63 135 -190 -62 -110 -145 -171 -1 -226 -58 85 -38 -88 -39 -4 11 -2 50 236 -116 208 84 -222 -202 -204 -189 81 83 -113 213 -247 -50 106 -107 107 77 137 242 192 9 108 -141 -246 246 -151 176 67 19 100 -235 149 -55 154 -25 -214 -224 -203 -154 125 211 -168 168 140 -54 57 -31 -163 34 101 -158 39 -181 226 90 202 -138 -185 29 74 -186 -229 235 212 -109 -67 -147 -210 -106 -209 35 247 193 169 -156 -95 33 60 -20 157 -44 166 201 -236 115 49 -30 -41 118 45 217 37 197 128 -206 -48 147 187 -182 -35 96 93 -179 -191 -207 143 210 180 53 -166 122 68 -217 -125 -76 -57 -115 -81 163 -86 65 243 -243 -7 76 -59 -10 -140 -69 195 -221 -137 
TEST 45 ARG:-43 -217 169 -134 -118 -201 180 -250 -11 -44 154 99 -160 -55 -58 -42 -142 92 90 -83 -205 -150 -148 137 232 -114 133 171 -21 -204 88 136 -229 193 -121 -2 76 124 135 -19 -187 -46 -56 -166 130 24 2 186 -71 205 -128 80 -8 189 -144 95 -145 -54 -13 -221 182 175 -108 118 145 -202 69 -84 -161 93 -247 -106 -180 240 -241 -149 -103 -133 -31 -164 -137 239 40 -237 -112 -154 -239 -27 212 183 -97 -36 29 68 191 -199 59 -159 106 -88 -245 119 140 97 -111 146 105 55 244 -85 42 148 224 -169 79 127 -153 151 -12 -76 -77 247 25 -40 45 245 220 -75 184 -207 -248 -151 52 -230 -107 149 -49 134 19 -177 -35 -175 60 230 -213 51 82 241 178 202 -1 204 188 -214 39 -156 -127 168 -191 226 196 -96 103 -7 -29 -216 -130 -28 214 160 243 -109 144 -129 176 198 6 57 8 110 228 -37 -15 -188 125 153 248 17 -157 199 164 162 -24 -200 12 -94 -23 -72 7 -60 207 11 31 36 74 -244 -167 115 222 -235 85 -38 -211 -61 166 147 -184 98 -203 -198 219 112 -66 -195 -139 249 -59 194 30 -206 -10 -232 -18 -64 -173 227 -48 195 86 71 61 26 -162 139 108 -238 -171 -82 15 -50 -168 50 -39 -218 64 101 -179 -32 -78 -14 185 -68 236 143 116 114 131 -89 -57 47 192 -183 209 138 65 111 -189 3 -228 -69 -233 167 -165 -240 62 -236 120 165 -132 225 -91 177 233 -63 190 121 13 215 -110 187 223 -92 -81 -181 77 35 41 -22 -4 -185 206 67 -26 -212 159 -170 73 -242 -87 28 -79 -152 27 174 -215 -45 238 -100 -119 -126 -219 -20 -210 -158 -146 -70 200 -34 157 -123 1 -73 156 89 -223 37 4 208 48 44 197 33 14 -249 -155 100 -147 -101 -124 66 104 128 -225 10 -122 246 70 -227 54 -178 -95 181 217 23 -93 -98 117 -9 -102 234 142 123 -6 -136 201 -140 94 109 126 -131 -143 78 38 -224 -117 20 179 -163 -186 229 -182 132 22 -16 -141 -234 -62 -231 72 113 63 -226 81 -243 237 49 -222 235 -30 0 -209 75 46 211 -174 91 -120 -3 170 213 -65 -90 210 172 141 -86 -246 216 -52 -41 -33 21 152 -116 -47 -197 203 158 -193 -80 34 -74 -135 221 -53 -104 -67 -208 -192 242 -115 -172 18 -194 -113 53 155 56 150 -5 9 -138 58 -220 122 102 -99 163 43 107 -17 -196 83 161 -25 87 32 -190 -176 16 84 96 -125 129 218 -105 231 173 -51 5 
TEST 46 ARG:-174 -91 186 71 -226 130 13 243 -115 17 4 19 -113 -219 153 125 -56 132 -52 37 -164 -203 -231 90 -76 -129 -150 110 -106 -135 40 -147 190 -200 -196 -73 12 -75 -182 136 -204 38 188 -191 -157 -171 -247 215 142 -50 189 -218 73 -140 -194 -148 14 193 -82 166 -99 239 176 20 -209 -57 -141 -176 236 -1 -202 -45 -163 158 0 -89 -25 -160 54 15 107 -23 -109 211 -221 160 97 -110 -29 150 -31 -155 -32 210 -63 -24 220 162 -88 93 191 201 194 -153 -205 167 -100 -245 103 -215 224 92 -242 133 228 -69 173 197 -230 -28 -34 -60 216 202 -51 143 -225 -92 180 234 169 163 206 -228 76 55 -121 148 248 -7 -111 168 -116 -83 44 240 -54 -117 -10 207 205 159 -26 -58 -217 -4 -144 120 144 70 33 3 101 82 -95 64 -234 -59 22 -125 -79 61 -19 -145 -201 128 185 -177 -235 129 -40 74 89 115 -48 109 -146 102 181 -49 -193 98 34 62 28 57 -64 -236 -178 171 208 -211 -55 -133 135 -239 -131 99 111 53 -229 165 161 83 -22 154 6 -96 174 -128 112 157 29 231 84 -105 -149 41 -39 -214 10 -132 249 58 122 -123 108 49 -2 -16 247 -3 -162 151 152 134 -35 175 -104 -159 -33 87 27 35 -156 -249 -5 -248 -134 63 -72 126 60 146 -241 -222 -12 203 -195 138 -108 -161 -154 -238 -216 -237 226 7 212 -87 -199 -240 18 -137 -227 -189 242 -120 124 -188 2 -185 -246 244 48 127 -93 -183 117 225 -152 -70 187 -80 -27 -102 230 104 -158 195 -181 -143 -173 81 -15 -186 -11 237 31 -65 -68 -53 121 23 241 66 -142 178 -43 192 113 198 -61 -122 -30 94 9 -86 -17 -98 -36 -20 -180 -187 43 140 86 -244 -47 -84 -243 200 232 -232 -170 -126 -114 -90 39 222 26 -119 -77 -118 -172 65 -220 -190 221 177 183 30 -130 100 -44 145 147 155 -136 -46 77 68 -21 -97 219 123 182 131 -112 -78 -175 -208 69 -62 -213 1 156 -207 -13 96 -210 -71 79 -179 184 246 51 214 119 -124 -233 116 11 36 -212 -127 -42 5 32 217 78 149 213 229 204 196 -107 67 199 46 209 50 -167 -184 -81 -8 88 114 141 -85 16 -138 45 172 -197 72 179 -224 -6 8 -74 -151 245 -198 238 -18 223 21 59 -41 -94 80 -223 -250 -192 56 -101 75 -37 85 -169 218 25 -103 -206 137 91 -168 235 -166 -165 -38 106 139 164 118 105 47 233 -9 24 95 -66 -14 52 227 170 -67 42 -139 
TEST 47 ARG:44 144 -220 90 229 181 -33 55 21 -48 118 -72 203 117 56 180 122 -42 -65 88 95 -228 -235 -170 -21 -141 -55 -205 -118 -190 -34 -222 85 5 53 -214 -32 193 -153 -167 -234 -163 136 -183 150 -11 -189 -207 -171 163 148 -114 -210 -31 11 -204 94 -107 -62 76 175 52 214 104 -25 -45 -12 156 -78 -184 -128 -172 185 182 112 -173 111 223 240 -221 -240 59 242 -151 141 133 -101 -73 1 -177 235 147 15 191 -49 -52 204 -87 -239 77 -250 -188 -104 89 -18 168 100 -223 -84 -3 241 34 -195 226 2 -181 -27 103 -39 -81 -191 26 -202 158 -30 51 115 -218 -227 -36 -231 114 135 216 -249 119 125 154 -211 33 92 -194 197 -97 30 -146 -120 32 172 153 -164 -215 6 99 -143 161 -125 -64 222 123 -219 74 -174 -108 -233 -77 9 -105 42 -180 224 97 248 -198 110 -200 -179 113 -138 189 -124 -129 -136 195 231 23 -28 194 -117 -185 120 -131 28 155 -100 -152 -209 0 17 -162 -85 -110 213 -106 166 -102 39 -86 186 184 129 -24 -59 -60 62 171 -248 -44 82 83 121 132 -4 -145 68 101 167 -208 -94 199 174 -56 18 -93 8 -157 -40 -26 206 -142 210 -112 -51 -186 37 -169 -199 -121 93 -95 45 237 96 225 -140 -187 -111 -9 227 205 -20 -17 -38 19 246 -178 -1 -245 -161 212 -126 247 -92 -241 230 -69 179 -54 -75 10 -127 -203 128 38 3 -74 143 -5 -192 -2 -213 27 -68 131 -216 142 -134 -7 -16 -116 12 -96 173 -23 -14 60 196 -123 -236 -82 -166 -247 234 201 -47 -80 20 176 35 137 109 -238 50 134 221 -6 -91 -50 87 170 140 233 -196 -83 86 -224 -29 239 183 -148 149 -232 -115 209 202 79 -19 -10 232 124 -139 165 57 127 -58 25 41 -137 -201 -103 188 169 217 178 -135 4 162 14 -41 40 -237 130 71 -119 -175 159 105 54 49 -150 157 70 -149 46 -168 -206 -37 145 36 -133 215 139 164 -155 151 43 -99 81 -147 -57 -70 -88 -246 -154 80 198 -159 -22 -53 -217 152 22 160 -66 31 219 66 -89 -158 -230 24 -71 245 -67 69 -160 72 228 -61 -225 207 -130 64 108 16 -176 84 -98 116 220 -76 211 138 -46 -15 102 244 67 -165 190 107 7 208 29 192 48 -243 249 -156 -144 -132 -63 106 -113 -226 -182 -197 -212 47 238 -193 58 146 -43 177 13 126 91 -122 75 -90 78 200 65 -109 -229 -13 187 -35 98 236 243 -8 63 -242 218 -244 61 73 -79 
TEST 48 ARG:176 -228 0 -209 212 -97 185 -16 -247 -49 159 -109 239 75 -192 -147 229 -45 -71 230 -148 -78 -95 246 95 107 -245 87 -182 -239 -158 -8 7 -129 178 71 -211 199 -62 -88 100 -122 -91 -99 -18 197 80 34 220 103 58 76 -169 -174 -154 -114 -164 17 112 -173 46 -138 105 142 69 84 126 57 63 210 102 -135 -213 -240 101 244 216 2 -20 168 -118 111 13 -34 -128 -246 94 52 9 8 225 -23 127 25 65 -12 -117 28 -113 -143 -215 116 180 113 186 -223 -24 242 30 -25 22 -80 91 10 -190 31 -124 -73 -204 23 223 164 1 183 -61 -48 59 -63 131 32 231 99 -180 205 -106 26 70 161 -207 85 -224 96 -141 170 40 144 93 -188 201 -38 -2 -22 195 184 49 -89 -152 -140 182 -159 -237 237 -145 152 -199 -212 42 -85 155 -172 89 37 -119 -218 -82 -47 224 218 -13 156 221 -229 -116 -43 -127 86 -1 -7 151 236 136 20 -120 249 -214 211 -64 67 189 -33 -197 240 245 -103 -144 43 79 187 214 154 234 21 -166 -208 -60 98 179 -185 -195 228 123 -39 -84 72 -198 109 -126 137 66 18 -184 -59 135 -111 -3 114 -10 -170 174 -96 -15 150 -108 16 -11 -163 -167 110 190 -151 39 143 226 -17 38 81 -55 171 64 -69 209 -19 35 200 24 215 219 82 -243 -28 51 41 -178 -150 -236 -196 78 -186 -66 243 -93 193 119 -217 -79 138 61 -134 134 -72 62 -241 145 -176 -181 -107 47 -200 -220 -35 83 173 4 140 50 -123 227 5 60 74 -133 177 125 -189 -175 -193 -227 175 141 -235 -171 68 54 181 -26 122 -76 208 165 -179 -41 169 -139 55 -146 -242 -40 207 -191 -168 45 149 -136 -160 73 -52 147 129 198 -102 -83 -165 106 -248 -54 -125 -44 -94 -90 -202 238 14 188 204 -161 -187 -14 -46 -32 -112 128 166 -74 -57 -131 247 162 -205 88 -4 53 15 -137 -194 -5 -86 92 -87 -58 222 -162 -221 163 160 241 196 118 -225 -67 -234 213 -222 6 139 -142 120 -216 -130 -226 -100 121 44 -6 233 -219 -68 115 -115 191 48 -149 -31 -157 -70 148 -155 192 130 -29 -238 104 -177 -101 -104 -231 -21 -156 -36 -56 167 -30 -250 -230 -105 77 206 -51 194 202 -75 -206 -153 153 3 -42 -92 -53 90 117 -249 108 -50 124 158 -65 -233 235 -9 36 56 29 132 -77 146 -201 217 -183 27 11 -98 -132 97 133 232 -232 -81 157 19 -121 -27 -244 -110 248 203 12 -37 -210 172 -203 33 
TEST 49 ARG:247 166 -89 163 135 -176 85 -10 -149 158 -151 -86 46 70 230 -155 147 -74 49 -130 -104 -167 190 -44 -40 -229 -131 58 162 -115 134 -4 -156 11 -243 153 101 -91 228 -190 -239 -1 149 95 71 -15 -152 87 -227 -97 -188 -90 -169 75 31 246 112 -28 231 204 -150 -238 81 -154 -58 119 69 26 -94 -127 29 224 -140 48 118 103 184 222 80 8 100 141 77 89 -120 -231 237 -76 226 -145 -2 0 -206 131 -50 96 -31 -101 83 -49 -173 240 25 45 -36 15 -87 -66 -25 183 -180 -16 128 185 -132 68 -183 -228 233 -216 -119 161 16 245 -196 160 193 -111 -78 67 -11 57 93 130 -65 -177 -121 -53 7 -80 189 165 -161 73 -116 -99 -45 32 30 198 145 155 65 108 -192 -33 234 -128 -37 -187 -109 174 -51 -165 213 54 -125 129 -92 154 -241 171 47 225 -141 -75 210 156 -13 -122 90 -189 72 10 175 -64 -184 12 -6 187 -157 76 151 133 21 -102 -159 -137 -60 -244 23 14 -199 142 -114 -213 106 2 63 209 59 -175 -129 -106 19 143 201 200 -198 -214 -179 -20 -197 18 -59 -210 238 -245 -38 -203 -81 -200 -35 164 169 -56 -186 -182 -235 79 111 123 217 244 -95 66 125 139 243 194 -26 -43 214 51 219 35 50 -135 -178 -118 -62 -166 -54 37 -79 78 3 -69 92 172 -12 -84 197 -48 82 181 41 114 17 -240 97 178 -19 -7 -250 188 207 186 56 -100 -113 -68 229 -142 -246 62 -67 -221 205 122 33 -73 -194 -107 191 94 117 -202 -209 -168 220 170 36 -77 -123 242 157 -103 159 28 -112 -8 152 42 -110 120 241 -230 -242 24 86 -52 227 235 144 216 121 -222 -226 -93 195 -233 40 115 215 34 203 -223 110 -225 52 -162 137 -34 102 -22 -5 -249 99 212 116 -234 -147 -237 168 -82 113 -224 148 -144 38 -247 176 -29 -146 88 -164 64 44 55 -143 173 -248 109 202 -134 -139 -204 -170 107 27 150 -30 -3 -88 -219 177 -193 -212 180 -172 -14 39 167 -217 60 74 -23 -174 126 -126 -85 -124 -205 136 9 -47 -207 -153 249 -211 1 43 -105 -57 91 98 218 84 -148 -55 53 -191 -208 -136 22 -181 -39 -158 -83 -42 -21 -96 105 223 239 -70 6 4 208 -63 -17 -117 20 192 -18 182 138 -61 -185 -72 140 -218 199 179 221 61 -41 -236 248 211 -195 127 -138 -201 146 -27 -9 232 5 -24 -71 -108 -46 -32 -133 132 -160 -220 -215 124 206 236 13 196 -98 -232 -171 -163 104 
TEST 50 ARG:-92 -205 -130 237 -19 -216 -109 123 241 28 -59 -106 167 218 248 -86 52 -107 187 195 -123 229 158 110 211 62 111 68 -126 146 -132 -149 128 99 -45 112 -215 -207 17 227 203 67 -125 -73 -167 -35 -17 -162 -42 51 -83 245 169 -22 24 -249 217 219 -189 -182 19 -95 -15 183 91 -176 1 -77 -144 215 192 -79 -230 66 38 -94 -61 20 -66 -155 96 -239 -93 -97 -246 -96 159 -138 -41 -18 224 -30 -241 2 -231 -75 -62 -70 -112 -36 -12 -58 -193 9 -4 59 124 -169 -135 182 -197 83 -1 7 160 65 6 -214 126 40 -164 -71 100 15 157 -111 -147 30 164 -145 35 -105 79 247 -51 235 78 3 140 176 13 47 82 -222 -10 10 177 -53 -64 196 -199 179 22 178 -124 -158 -140 205 137 64 143 -213 -163 186 -227 -131 -37 -34 -113 -203 -151 166 95 141 116 -175 27 122 -117 -201 105 -108 236 162 -78 45 86 193 -121 -206 -104 145 214 209 90 -141 70 223 36 152 -236 153 -186 97 26 85 -38 -99 148 58 221 -67 -68 61 31 125 4 -49 -243 -202 -161 -11 129 151 142 -29 12 -119 118 -55 -139 80 -16 138 -224 -84 -248 -44 161 98 50 -115 -152 -31 175 39 63 -233 147 29 44 133 225 104 -129 239 -220 37 -89 207 202 -174 -177 -221 -114 -98 208 -234 -65 32 103 -183 -63 -72 222 131 -82 -13 165 75 -179 8 60 -194 -185 199 -244 -43 -103 -180 109 -122 -56 -242 -188 -120 92 -128 -146 -3 -168 -76 42 212 -165 -48 -52 220 -102 33 198 189 240 246 -14 -181 -90 -60 -200 -226 216 -171 244 -32 -210 201 69 -184 226 -228 174 -212 46 77 188 180 150 43 -100 -54 242 -237 -101 56 -187 -170 155 84 -178 -88 206 106 127 184 230 -136 -110 34 117 -211 -28 54 81 -156 -229 -39 -159 249 -150 144 -219 121 136 234 170 -91 94 -46 -223 -85 -148 0 -190 76 -232 130 120 -142 108 173 190 -196 185 233 163 194 89 -80 93 -6 197 49 -20 -218 55 181 232 102 -9 -47 23 -40 25 -172 132 168 -116 11 53 87 -33 -118 -173 48 -27 -250 -81 -247 -209 -137 -238 135 -143 21 -23 191 171 200 113 -69 156 57 101 41 -191 -204 149 -7 -134 -195 231 -208 115 114 -198 72 16 210 73 -5 71 119 -26 -217 -192 -153 -154 -235 -166 107 74 -2 -240 -225 238 -21 -87 14 154 -160 -157 134 -245 88 5 -50 18 -74 172 -133 213 -57 -24 -8 204 243 228 -25 139 -127 
TEST 51 ARG:-23 -214 -161 -240 -127 -178 -202 -198 128 -245 88 123 -79 201 -179 -31 -66 32 -134 -52 -160 158 -16 112 -135 39 -192 166 246 155 -130 48 79 106 -138 -43 14 -13 -98 -37 -121 -5 -14 224 -24 -102 174 -48 175 205 78 -101 182 -246 -187 38 -190 146 -200 29 108 169 80 12 230 -34 220 -241 13 -109 132 -115 -53 154 -124 -133 -248 -216 134 -81 -75 200 -118 -137 136 160 187 157 -223 -164 23 138 120 199 140 -213 10 225 -181 16 -206 161 -68 102 -158 150 -18 -146 176 114 -86 170 -239 131 -93 -129 183 -21 -12 -46 72 -217 -203 -72 51 172 124 57 125 20 -168 226 -41 -104 171 232 197 -117 -171 -8 -197 -145 189 211 -94 61 111 -29 22 -189 -152 249 219 210 -71 141 -212 15 -126 -230 214 -42 -85 233 43 -108 -236 -3 -15 -35 -11 243 75 -150 -143 -180 203 190 -157 193 -70 -218 -175 -22 248 -10 -149 -2 -122 -69 28 -183 -50 24 35 -247 -199 -165 -141 -56 115 44 -87 -131 60 -89 27 -159 81 31 73 -83 70 89 -110 -116 -64 -80 -33 -51 -107 162 127 -44 -238 -142 -173 242 86 -36 -55 104 -100 227 -125 237 101 -61 144 -237 -195 -242 143 -208 -82 213 -249 119 63 30 240 -49 33 -111 149 71 212 196 -191 18 -139 151 -105 234 -63 11 -78 -172 21 181 -77 66 222 45 -19 105 -45 116 -162 -220 -120 -103 167 -156 84 148 76 130 1 -40 -176 129 -128 -20 -243 90 202 96 117 -215 42 -210 245 -207 97 -97 25 -169 215 238 -140 37 153 -7 -155 184 152 217 -167 -221 95 7 -60 -194 56 92 -30 145 223 -6 -99 -38 36 -95 -62 207 -1 -59 -226 192 126 69 53 -67 -112 34 -182 -174 -222 229 -65 9 41 204 -196 159 -184 180 26 163 -57 83 -106 142 -250 198 -177 165 -147 50 46 94 135 239 -219 -163 -88 110 -231 -39 6 -153 5 -58 -54 -227 64 -166 173 87 19 -185 3 -211 147 139 156 121 -73 241 -90 137 58 47 -151 2 99 231 178 74 -17 -32 -225 0 103 -92 185 62 -205 191 100 91 179 -113 68 -148 -201 59 -123 85 -144 208 -188 188 -28 8 113 65 -96 67 -4 -234 235 -186 55 244 40 -228 -209 -119 -132 236 17 118 52 -229 186 -193 218 -47 -76 -170 98 77 93 216 -204 168 177 194 -27 221 -154 228 109 195 -91 49 -114 -136 82 -26 -74 209 -233 -244 247 -235 122 164 -9 133 107 -84 -25 54 4 206 -224 -232 
TEST 52 ARG:247 194 178 185 116 -111 -221 231 -10 -13 103 124 -181 -158 195 45 112 169 221 -201 106 -30 32 147 -164 -2 40 -147 -217 -232 -235 58 56 42 -35 228 -152 149 -237 -231 -39 18 108 -15 120 54 -187 183 -145 -170 -230 239 -61 82 135 197 -196 -124 161 28 -17 148 -192 232 96 177 203 0 127 -165 -12 -29 -116 -171 181 -140 -172 141 6 -157 -118 -45 -173 -11 123 -84 152 -139 -106 -9 -58 233 -179 -247 -249 95 -213 230 237 -127 -160 145 -135 37 216 241 -144 136 -31 -137 105 31 -130 -215 16 93 -54 -129 72 99 -91 53 50 -66 110 14 -205 173 -71 -36 70 -16 -1 20 90 164 -176 154 17 19 163 63 -244 -153 182 -90 210 34 143 61 -203 107 201 -150 8 -122 25 -94 -229 52 -20 -40 4 176 -59 166 -245 -108 67 -180 -204 172 -195 -67 -93 75 26 47 -151 -33 -216 -228 -233 -19 -34 -168 204 -134 -185 138 117 238 -43 -117 -28 83 94 -62 180 -87 100 -57 57 -223 -22 -148 126 -37 74 144 -109 -49 24 81 202 -241 134 249 -77 -112 208 162 128 157 -142 -23 -48 92 -128 -104 -126 -250 165 77 187 -240 97 76 -82 15 39 -188 41 -27 174 -227 205 244 -238 -197 -85 -86 -64 -115 -218 -132 78 235 -53 193 10 30 35 -208 159 -98 89 224 104 -141 -6 130 -169 -102 1 -166 -182 -96 21 150 7 234 -26 -41 -110 -146 -219 66 -120 179 -69 -199 91 118 -194 133 -70 199 -73 -60 29 151 170 186 248 215 219 189 -248 -18 38 -198 191 36 137 -68 129 -56 33 -193 3 -138 -21 -25 -75 49 222 86 102 140 71 245 155 -174 160 156 -7 227 11 64 240 -89 -80 -42 -226 125 68 -163 206 2 188 196 -5 -156 -92 171 -81 131 -114 175 87 207 -101 246 109 48 200 211 242 -243 -72 73 -125 22 190 146 -38 119 -209 -211 -99 -154 229 -207 -200 -123 -191 214 142 -246 55 62 -50 167 -88 198 -155 98 -121 -234 -44 132 -214 -202 -210 69 -239 122 60 -24 -65 -149 -107 44 -236 139 225 218 212 -186 -190 220 -225 -100 -220 192 -3 -161 65 -143 85 51 -74 -55 -83 -47 -162 213 -242 223 84 113 -63 -97 111 -51 -175 -4 -14 217 153 -184 209 -103 46 -159 -131 -167 43 9 -136 -78 27 -76 -113 -95 -178 -224 -105 -119 168 59 12 243 115 13 121 -133 5 79 226 -46 23 -206 -189 -212 158 184 101 -32 -52 114 -8 88 -222 -177 80 -183 236 -79 
TEST 53 ARG:-133 -151 195 94 -49 -56 -106 138 -247 233 -29 237 189 -208 -104 -155 147 -67 35 48 -82 204 88 -191 142 -190 144 -83 55 123 56 -12 -233 -248 54 109 -50 -37 180 238 158 1 -99 231 -243 112 221 -176 -169 163 -40 74 -211 183 -128 -213 32 -157 -20 51 23 -215 -34 40 167 174 -86 176 -119 104 27 179 67 -60 8 -186 -130 103 -48 224 13 -53 208 -41 99 -16 80 63 198 209 20 91 61 -153 -160 -219 44 -68 131 4 24 -74 72 -189 -4 -158 -77 49 -8 -126 -9 -3 188 122 -180 197 -174 -244 68 30 37 121 -203 -193 -179 -164 38 -32 -188 119 171 -207 -161 -98 184 -62 -81 -113 200 76 -145 202 -111 199 136 -171 151 212 -52 -118 -33 -15 -221 15 -209 214 219 193 -102 -13 -192 -172 141 -212 249 201 -210 -223 -36 118 -198 235 160 -166 148 -47 -140 -7 -75 210 -39 -240 -226 186 166 132 -105 128 -55 139 -141 -31 -93 -71 -66 -10 -76 -150 29 242 236 -72 73 -206 -91 57 14 211 -205 -35 248 -135 194 5 120 69 -245 90 3 28 -146 -242 -222 181 -237 116 -168 17 117 203 232 -24 -199 36 101 -227 196 2 -246 107 22 -92 -129 169 -70 -108 205 -200 87 -44 -89 -84 -241 -187 39 92 154 162 -124 215 159 -88 -127 110 -202 -217 -214 16 241 -73 -224 60 -6 -225 223 -45 -112 140 155 -196 77 -122 93 -220 -142 246 222 -132 173 62 113 -152 -116 45 -97 -115 -167 -154 -42 -43 -182 46 126 146 -17 -100 -204 -195 64 -250 86 11 -14 -165 -110 143 42 -228 165 89 -148 -2 133 152 -90 -144 230 -94 47 -230 26 -235 -125 34 71 -181 170 191 -46 21 150 106 95 153 31 -238 -18 -23 115 -120 18 149 0 240 -131 6 78 -162 52 -69 -201 -134 129 -232 247 177 -87 234 -19 216 -5 9 244 220 102 239 -216 -139 164 -79 -249 75 -30 -229 -123 127 226 85 124 -136 245 -117 161 -197 -143 227 -27 135 25 207 -101 43 70 -184 -21 59 -170 -231 206 -80 82 130 -78 -58 -61 10 33 -64 66 19 -85 98 81 -59 -156 65 218 229 187 97 -28 -185 228 53 -149 -236 -26 -65 50 217 157 -194 -163 -147 -239 84 96 -109 -183 243 -1 114 172 192 7 -177 -11 156 -57 -54 -137 134 -95 -103 -234 12 -178 100 105 -159 -175 79 225 185 213 137 111 -114 178 125 -96 108 -107 175 -121 182 -51 168 -173 -22 58 190 41 -218 145 -25 -63 -138 83 -38 
TEST 54 ARG:-181 -60 131 93 -147 -35 16 -41 -188 76 127 30 -49 -191 130 19 -158 203 -241 166 -68 181 -117 -52 -156 145 -122 -196 -17 184 -55 -204 -3 222 11 -246 42 7 -155 146 -139 95 172 -121 204 221 128 -86 -80 39 192 -195 -180 174 68 188 -169 -249 94 -183 -11 -172 -21 123 8 -198 89 -179 -20 152 165 249 -83 217 -69 72 183 202 50 -77 81 22 102 137 -124 -132 154 -152 -5 -123 -232 243 45 -206 -51 -133 124 -59 74 157 -65 210 -87 31 199 -234 70 -215 -216 141 215 -187 232 -153 41 117 -186 65 197 -40 4 109 51 230 -173 -101 -110 160 -151 -223 -200 148 -33 -64 -45 196 -126 -136 -88 189 25 -14 -214 -8 -190 153 193 -131 34 -100 -84 -168 229 79 -189 77 -240 -98 135 -118 236 168 242 12 -193 169 -210 134 -34 -219 -115 219 201 187 26 -6 -202 10 -140 194 -7 -81 -54 -226 71 -236 -238 -157 -141 -36 75 -217 244 -2 205 -43 233 -149 55 87 120 -146 -201 126 237 159 212 -104 -70 228 133 40 24 191 190 -148 248 -208 -93 -209 66 167 -38 -79 62 9 -125 238 -48 164 -192 -58 179 -89 80 170 -161 100 106 112 85 101 111 -19 -78 -250 61 -177 -159 -165 -248 -174 -237 49 -109 108 20 -57 -112 207 -28 54 -227 86 -15 245 225 178 218 21 121 -213 118 208 -171 220 -96 155 227 -111 -194 240 -211 138 43 -135 116 1 63 241 246 132 209 150 129 -212 64 -10 140 -46 223 176 224 -67 -47 -129 13 -166 143 -26 156 -116 59 -119 28 -175 99 -218 -130 -162 -31 -224 182 151 -12 -63 175 -143 235 67 -137 -144 58 -138 147 91 -71 -176 -27 36 158 83 -221 69 32 -185 125 -32 -4 -233 96 -170 -199 -37 37 -205 -184 78 173 -228 -197 -13 -82 -92 200 -229 107 -76 84 -145 -90 -9 -72 226 -108 -18 115 -97 82 -247 136 97 -102 -95 17 -243 -22 -91 -134 -225 177 185 -23 -44 -61 -182 -107 247 -128 23 142 -178 206 46 -220 -239 -16 -39 6 195 214 -66 2 216 48 163 52 -29 15 161 231 -142 56 18 -62 -160 -105 211 -245 33 98 -235 -103 -106 35 -113 88 -73 47 213 90 -154 144 -53 44 -120 -222 -242 3 73 53 103 171 -30 57 -231 -207 -50 139 -114 234 92 -150 -85 105 60 -75 -99 -230 -1 0 180 -163 38 119 104 5 -25 -56 110 27 -24 -127 -74 14 239 -94 186 -203 198 -244 29 113 122 149 -42 -164 162 -167 114 
TEST 55 ARG:-67 -207 -66 -102 -85 -79 119 65 -43 70 206 80 85 -17 -174 -54 149 -92 11 46 -124 -187 69 100 110 212 156 94 -15 40 -136 139 233 190 226 62 211 210 92 -189 109 88 -99 198 79 -194 131 191 113 148 -104 171 -238 -63 -173 78 4 142 -88 246 -203 103 47 31 157 16 -38 -168 -139 98 -198 -31 107 -224 -3 52 123 -58 -45 21 75 66 -34 -149 216 -2 -28 28 -188 1 93 204 39 -200 175 -23 228 -217 -171 -123 -245 129 34 143 186 67 0 122 161 -62 108 -169 -109 124 118 243 106 -214 32 -158 -208 51 -25 -118 56 48 29 -87 -18 86 116 225 -120 111 -135 -29 -101 -172 24 -248 -13 -127 -140 -20 64 173 -191 -131 -60 -108 -230 -236 -81 58 22 -6 -152 -129 192 174 120 -7 -121 55 121 -220 -105 -229 -222 187 89 197 -138 -106 232 -73 -41 -181 -227 -76 18 82 154 33 203 -141 -148 -249 -228 -117 -147 144 169 221 134 193 -24 214 -113 -33 -219 -74 99 -126 236 199 235 -223 -178 -48 -26 -237 163 140 68 -89 -16 -212 10 50 23 -167 -210 178 -86 -153 -196 -246 -216 101 105 -190 -134 -218 -128 -32 245 -46 -22 153 61 249 -80 12 132 218 -192 -156 -59 -115 -64 126 -179 164 -112 -160 -215 -36 -37 227 181 215 95 -137 183 -205 145 -132 -239 -197 -44 -130 -97 179 8 -93 38 234 -241 -242 -91 127 -142 224 -75 81 -122 -21 19 151 146 152 -96 176 248 -47 -77 -234 167 -1 138 71 59 -165 230 -206 -94 -9 231 -57 -52 247 241 15 -116 -111 42 6 -56 7 185 25 -125 -155 9 -157 -233 -183 -162 -151 -61 220 201 170 -235 242 63 205 202 -161 -8 -10 -213 -95 -209 165 -145 30 -193 200 223 -185 240 162 -82 -71 35 -240 177 209 -164 54 -180 -49 160 60 -119 -30 -221 159 44 -14 83 97 -35 184 -40 195 -184 -225 -50 102 -98 27 -243 166 168 194 -211 155 -201 217 76 -51 20 130 73 -226 -19 14 128 207 -247 84 -83 -159 104 238 -199 182 -195 -70 -78 -204 77 -182 -5 222 -27 74 -202 -100 -84 -90 133 26 43 -186 -150 3 244 -175 -53 17 -110 -232 -250 -166 -103 213 150 196 72 -11 229 -65 125 158 -163 117 49 -244 -133 136 188 -170 90 2 -143 96 -55 -144 137 147 -72 -69 -231 -68 -176 45 5 219 57 -4 -107 -39 135 172 37 141 208 -146 -154 -12 189 53 87 41 239 180 115 13 -114 91 -42 112 36 114 -177 237 
TEST 56 ARG:-24 -5 177 -99 110 -31 -118 -227 119 31 140 8 226 209 91 -232 199 -231 -191 205 -235 -112 138 66 -174 90 44 -27 -190 -71 -73 -66 -36 134 -170 39 203 70 -196 -13 2 -4 -240 -114 -189 204 -33 18 -58 -242 144 193 -149 63 219 222 1 -53 34 88 105 -180 -18 75 -47 154 -137 -166 -130 -16 26 242 116 188 -168 -223 143 236 -230 187 43 25 -75 -163 136 -17 149 220 -215 -210 -10 -113 -128 -30 185 -171 -78 -82 -192 87 36 -14 216 167 6 -178 -65 221 -35 -173 -159 -143 131 155 -182 65 192 217 21 -226 -160 108 -77 -97 -198 -22 158 -144 -228 -220 -111 161 -167 -115 -206 -6 48 223 -94 -229 -102 -134 248 99 -81 -141 41 -15 175 -158 -207 -202 84 -107 23 -152 -225 -70 191 -138 -88 -151 -245 -92 -122 -224 232 -157 -214 -200 101 -26 190 -105 -181 -1 -101 211 0 174 184 141 -239 -84 -108 -85 -68 -204 97 178 127 239 -213 74 -161 12 129 -150 50 181 -100 -52 16 10 210 -156 -76 234 -135 233 133 83 35 180 -201 -221 -39 -147 -169 231 -243 27 132 15 113 78 201 -54 104 -57 73 208 -12 67 160 89 -123 -38 -165 228 237 -42 -21 -212 172 -162 -79 189 86 -250 79 49 148 229 -133 71 -249 -241 -124 -121 -238 249 106 54 206 -110 46 168 82 -19 14 173 -103 -45 197 94 118 -175 60 195 80 -184 68 -211 182 107 -216 122 45 225 -91 -63 95 146 -193 123 -199 5 -86 76 -140 -8 -237 98 139 -23 130 137 -139 145 61 121 17 62 59 -50 -48 -146 -9 85 28 179 100 166 120 -74 -183 -106 128 19 -185 -132 152 -2 102 22 -11 3 170 -148 142 69 -131 -120 -67 96 -109 -56 38 -136 207 -117 30 -59 135 32 169 212 -49 -234 198 214 -195 29 240 -127 7 -93 64 -197 164 4 230 -3 -125 -98 -7 114 111 51 72 56 162 -43 20 -176 -32 -37 -116 244 37 103 235 215 238 -119 -209 227 -89 -153 -179 -218 241 -154 165 -126 -61 -247 -155 92 -95 58 196 -233 163 -90 186 194 156 124 -72 202 -29 -217 109 153 -164 -187 -222 117 115 -64 -208 -51 -142 247 243 33 -248 159 -186 150 40 -44 -69 126 224 171 81 -244 147 -28 77 -20 200 -219 -205 -55 57 -236 -203 -129 213 151 246 -83 -40 -104 24 -25 125 -246 -80 -145 -188 -60 -46 93 47 -177 112 157 42 -41 9 -96 52 -34 245 11 -194 -87 13 218 55 -172 -62 183 176 53 
TEST 57 ARG:-247 32 111 241 -151 -232 -42 -1 -24 -154 -145 -209 107 -203 129 -188 91 98 -64 -54 -181 170 180 96 -202 237 87 -159 131 -152 -111 161 27 -243 195 248 -210 -52 -19 -138 76 72 -101 -249 -127 -171 221 -38 7 50 -66 113 -99 -221 -48 -125 104 120 154 -150 192 -190 55 227 -30 -220 245 99 1 -39 141 -167 -63 6 -13 197 103 -222 177 -227 39 -226 210 -82 94 -206 173 -244 -236 -96 194 110 -149 212 -143 -34 -22 -126 -178 115 -21 -75 219 -153 -76 -225 136 -10 -144 56 -176 230 225 54 -156 29 -131 130 151 -117 126 -3 193 125 31 224 -105 -147 -61 114 -163 -115 35 -28 247 190 88 26 -98 33 -53 -14 -211 119 208 207 25 239 -198 -46 -29 16 134 -164 -160 -185 -224 143 -207 214 -84 152 -229 92 149 43 -2 199 -199 226 -189 83 -49 -31 -120 183 -184 -200 67 -187 238 65 166 57 24 -201 -129 -132 -36 -208 -162 176 28 -103 163 -74 157 -17 -5 5 -20 13 14 -135 213 223 21 156 -116 222 -233 -239 -166 -15 61 -9 -108 145 -157 -204 -245 102 229 118 -119 -33 62 2 -231 -102 158 11 112 19 40 -100 -89 -216 -146 164 -128 -173 -109 147 -72 -35 90 49 -175 -51 155 249 -26 10 -27 -90 58 77 198 59 188 -69 165 48 -91 240 -114 -107 80 -16 22 85 46 132 -158 84 -250 218 -193 174 -197 15 -86 -50 86 -124 233 12 -134 235 -142 160 159 -23 -32 -87 -6 228 -8 162 -238 189 150 202 4 78 -92 133 124 79 148 -168 234 171 -170 -240 246 -70 69 216 38 81 -180 60 -11 -121 204 123 89 -212 -242 -57 52 168 -77 -113 70 -71 -41 109 -248 -169 236 178 153 206 217 93 -95 71 -141 42 -97 -228 -85 179 -93 101 200 144 172 -177 128 -155 -217 117 63 -137 -79 220 196 -161 -112 -246 106 -214 53 201 185 -237 -59 -140 -118 -55 -136 -65 -56 -7 -80 244 -230 -62 127 -40 181 146 142 -104 23 184 137 45 -174 -241 140 -83 -81 -44 -94 47 108 9 37 182 -78 -235 51 -179 -148 -205 169 -12 -18 242 3 121 167 -133 -218 -123 97 -234 44 187 -60 135 18 -25 138 -194 203 -88 -58 95 82 -68 243 -45 -192 -47 17 215 205 186 209 8 41 -183 20 -213 -172 -186 -4 75 -139 -195 34 232 -122 100 139 -130 116 68 -106 66 175 -110 -215 122 64 36 -223 211 -182 -67 73 -37 -73 -196 74 -219 -191 191 231 0 -165 105 30 -43 
TEST 58 ARG:166 -205 -37 -66 112 -42 -206 64 62 125 241 51 -26 139 126 -175 173 236 -234 -236 -90 226 69 -137 224 -186 -49 31 75 -60 -208 -84 -210 124 57 42 -44 -96 -227 -102 228 167 -203 -80 148 -54 -10 76 -106 67 243 -171 -128 203 86 8 20 -97 38 -20 28 183 135 -179 -62 32 70 -83 -162 117 161 18 -125 123 -159 -174 2 -243 -213 216 -100 -152 186 249 -218 165 143 -7 158 179 -138 78 -245 -64 -207 83 -82 -76 -99 -98 -201 0 93 -9 37 -133 -78 -177 -246 -57 -189 49 -194 87 -77 231 -52 -155 -214 -169 215 -124 -182 -178 -250 129 177 -202 128 -222 58 160 -142 152 176 22 -197 53 -122 211 -231 3 101 -27 219 21 66 151 100 10 13 9 -160 -161 -215 -181 48 1 -198 -16 -226 190 -244 11 -104 200 122 105 -157 181 208 171 6 -154 -118 7 -132 -74 44 133 55 229 -56 -31 -25 33 -147 -94 36 197 -212 -19 127 95 -39 74 -33 153 56 -156 -183 -11 -158 -55 109 214 -1 91 184 -79 -28 12 175 182 79 88 -224 97 -248 130 -223 63 131 -38 99 -241 223 120 -29 -163 154 -140 147 -17 207 218 -2 -184 220 -113 -211 -170 23 45 26 -117 -141 71 -119 -87 73 -145 169 -165 -105 155 164 213 163 -85 246 192 -146 145 -43 -190 5 -75 -5 -204 -185 29 -58 -8 -151 137 39 -144 -112 162 244 -48 -199 239 -193 -35 198 -47 116 40 41 -139 -249 -221 113 -40 -153 108 233 115 -63 -164 222 -172 -149 -230 -150 -101 225 -70 102 19 121 -232 -14 234 25 34 202 -126 168 -111 -3 -168 84 -240 -114 -81 149 106 -15 245 -200 -148 -18 16 -239 47 -209 -109 -92 -12 230 110 24 59 235 136 -71 -21 61 114 89 -195 -95 85 54 204 205 -86 134 212 -41 -225 -30 209 -187 -13 -59 90 27 238 -196 138 68 -233 -32 156 146 -110 247 -143 196 206 60 103 201 -53 142 -116 -131 185 232 -65 92 194 -219 178 -108 -22 -176 -123 -24 81 240 -192 -188 52 96 -23 -120 98 35 -229 -180 -173 -191 159 -107 118 -167 -134 -136 -115 174 -46 80 157 -238 94 -166 -73 -34 242 -61 -130 82 14 107 -51 72 195 -103 43 30 46 150 187 172 -135 -237 104 65 77 -50 -88 -93 111 180 119 -247 191 140 188 144 193 189 210 170 227 199 -6 -4 -127 217 141 -220 15 -91 50 -69 -89 -242 248 -121 221 237 -68 -235 -36 -228 -72 -67 -217 -45 -216 17 -129 4 132 
TEST 59 ARG:-160 -182 -46 -95 196 202 -15 206 130 -244 248 -245 -168 138 67 62 160 57 73 -137 55 34 -250 97 -49 -45 190 234 -231 76 47 71 79 129 -66 -203 -106 -14 -158 215 -175 -202 13 100 151 59 44 124 8 -186 117 50 145 -155 -54 -162 150 181 96 -92 -55 -234 -85 142 -73 164 -24 41 -23 -77 -103 17 92 -58 -86 -198 -100 -211 -212 -118 -11 126 65 167 23 38 -27 -113 -189 -89 16 184 -41 -237 216 -116 177 149 -232 -76 140 241 -63 15 115 -129 -135 5 -193 222 169 205 -68 -13 -240 61 -57 141 11 137 -115 -123 -33 -180 182 218 86 -25 -17 -178 156 201 -179 -94 78 243 20 36 -161 180 113 22 226 -132 188 -174 42 98 -220 244 -187 -72 88 90 -217 21 52 220 247 108 60 -2 -67 -104 58 -71 219 -10 187 -151 193 213 185 133 -181 -114 152 -90 -141 104 -108 -91 -222 -205 -246 -204 24 175 168 81 43 94 194 -185 70 -152 89 245 136 27 123 72 -156 -219 -170 204 -38 -105 139 -84 -209 -60 -5 87 195 -235 159 53 -22 35 221 107 -147 -194 147 231 109 -122 -243 -20 -8 63 -69 -199 69 249 25 -223 19 -221 -201 -99 -52 -143 -43 101 -127 -75 -176 -121 227 56 -37 -126 -144 240 -7 238 -19 -96 232 -6 134 -78 -87 -190 223 99 163 -42 -28 -172 230 132 -34 2 -138 186 30 -51 -29 -125 153 -44 32 120 103 157 -62 83 197 102 66 -61 -35 -177 148 -124 -249 -26 -80 -150 -233 155 -218 68 -191 131 -12 -32 -206 174 39 -215 -110 33 170 -18 105 -136 146 18 -164 125 45 -74 154 7 122 6 -216 9 176 203 -210 224 -184 116 1 -83 -213 235 -133 -65 10 91 -97 12 -70 -165 214 217 84 158 106 -224 207 95 48 31 -197 -192 189 -98 -53 -117 -30 233 165 121 82 -195 236 143 211 -50 208 -149 -47 199 228 -230 -31 171 -101 212 4 -21 0 128 -131 46 -239 -242 -40 179 -173 -36 -167 54 37 77 -159 -130 144 -107 -39 74 40 28 -81 51 166 118 -196 80 114 -56 -241 242 14 -225 -3 -157 -171 -139 127 -134 246 -183 -248 -148 -142 173 -64 110 -59 -120 -1 -236 -93 -166 183 29 -226 111 200 239 -82 -111 -214 -163 135 -154 -229 -227 -102 64 3 -207 -200 -146 -140 93 162 172 26 192 225 237 -16 -119 85 -247 119 -4 112 198 -169 -48 -208 -88 210 161 -112 -128 -228 49 229 -145 -153 75 178 209 -109 191 -238 -9 -188 -79 
TEST 60 ARG:-230 -112 188 -31 22 66 39 -64 -101 -5 34 214 178 -38 92 -224 -181 -99 -148 138 -125 -202 -10 204 11 -169 201 151 -117 -209 -35 110 -204 -106 -126 218 120 -94 233 -93 -225 42 -124 -137 -221 -220 232 -206 171 180 157 176 156 67 -135 -235 -159 -199 -36 -115 -81 40 -27 -119 -226 -211 -215 -219 132 -178 -250 230 72 -12 7 239 241 -141 -17 81 -140 -98 63 -227 -95 153 50 -92 -62 106 105 20 -130 124 -63 44 212 -113 248 -193 88 36 -97 107 -229 -24 245 0 -150 31 -49 141 54 162 -50 224 -183 -59 215 -44 189 -243 -233 -237 79 -96 -72 142 -153 -16 24 -168 97 -111 -132 -15 -56 13 -246 -23 -139 -170 134 202 130 222 183 62 98 166 100 82 159 57 -33 221 -142 -190 243 -61 170 46 -245 229 -131 101 177 -78 173 -144 148 -13 -85 65 242 169 154 125 -210 133 144 12 -37 198 -160 238 -47 76 -29 -83 -134 -79 190 123 -205 52 -163 -109 228 49 -194 246 21 -48 -100 77 -58 217 -67 191 -198 231 240 -213 150 -102 87 53 115 119 -45 -231 -195 -234 -149 111 -127 85 -145 -90 -2 158 -11 114 -4 152 -71 -176 43 207 8 225 172 86 186 96 -162 -6 118 -165 161 3 71 -120 70 164 -147 -249 30 -214 -188 206 74 -26 -242 41 -103 -54 126 -80 205 155 210 -30 -143 90 -184 -42 -151 35 28 208 200 56 -21 -114 135 9 -247 -174 236 203 179 109 237 1 2 211 -86 -240 69 213 -20 -74 26 -133 102 -69 223 219 167 146 165 193 -217 37 140 33 -241 -232 -203 -186 249 185 -68 196 64 199 247 -136 91 226 -164 -91 59 -223 -182 17 -32 -216 -172 -166 -51 -155 -180 -212 -154 68 78 -57 -196 25 131 -200 -177 139 -244 -19 38 234 194 5 -22 235 137 55 -73 122 -76 -175 -55 -46 129 195 -158 51 32 99 61 10 29 84 -197 103 -40 163 168 227 -171 128 121 160 -89 -9 -161 -82 -152 73 -207 175 -25 145 23 4 -123 45 220 -107 -122 -192 -173 -218 -179 -53 -201 19 -239 136 116 -65 -18 216 -236 108 89 -28 -187 -121 -191 -138 -167 -34 -1 -185 244 -87 47 -41 -128 117 -118 27 104 14 174 75 -157 -39 -228 -146 94 -104 143 182 16 192 209 -105 15 -70 -84 181 6 127 -14 -129 -66 -7 187 -52 -156 112 48 -8 -43 113 80 -238 149 -248 147 -60 -75 83 -189 93 197 -208 -77 -222 95 -108 -3 -110 -116 58 -88 18 60 184 
TEST 61 ARG:-88 -104 54 191 243 -149 160 185 -110 -108 -34 -237 -210 57 236 -148 123 -230 84 -190 60 114 -217 -7 6 -100 176 33 3 -11 221 -162 -87 -187 -206 -248 186 -25 110 108 234 -69 111 92 5 -83 146 4 -172 -242 -113 -98 17 -14 217 -75 -153 -179 107 170 -189 155 -50 -143 -59 162 -167 -27 199 -128 41 -161 -250 -1 -196 -178 115 20 -160 -24 -235 -150 23 -184 131 -124 -136 -236 210 -2 -5 81 2 122 -212 190 -65 -23 192 -155 204 228 128 93 180 -241 -201 246 -204 -78 245 -157 53 -120 212 29 215 -245 72 214 -195 -138 55 -68 77 -55 -37 -220 -117 152 9 -46 -8 -158 -43 168 83 -216 132 173 12 51 -186 39 -170 45 -194 -202 200 -159 -239 103 11 -238 -102 -147 187 -132 127 66 89 64 116 44 78 175 157 -103 -146 -3 -82 -26 25 -173 0 159 -96 35 -141 189 244 -30 112 144 32 -203 149 37 -32 -180 56 203 -56 182 125 118 -22 198 -42 225 -169 219 13 63 -89 42 -35 -249 75 80 247 150 139 -182 242 -224 -188 121 -41 82 231 19 -122 95 141 -97 -6 -240 91 129 -154 -115 154 143 126 -51 130 -15 71 147 196 -67 197 218 104 224 -145 31 -163 -49 -13 -215 -219 145 10 239 -232 88 156 134 -174 -18 -222 -70 76 113 -118 -227 -144 183 222 232 -166 85 -231 -64 -40 -79 -116 36 177 -29 22 248 209 -17 -111 -31 -54 -28 -77 -47 -112 15 -93 -119 34 -92 -126 -127 30 74 -45 -130 -199 153 230 136 -105 87 -125 -134 -4 -165 -200 -208 -12 124 227 135 -171 -121 237 38 193 94 65 99 -85 -139 47 -36 -52 -101 181 -94 -225 223 -91 213 62 -71 -131 201 138 -99 8 -221 67 -177 -84 -72 100 142 46 -137 -181 -192 -142 27 -62 28 -175 102 208 -243 -106 -246 -198 -10 -164 -185 18 -73 -107 16 174 109 195 -229 70 194 79 106 -152 40 59 52 73 133 98 -183 -48 -244 -123 69 14 -226 24 169 21 207 -193 96 -191 7 240 -205 226 -114 90 119 165 -247 68 -156 -63 202 -33 -140 1 -19 -135 58 -109 -218 -211 -168 105 205 -207 -61 184 -151 235 220 -58 216 188 97 61 -74 -21 -66 -95 50 -214 -16 241 48 -129 -209 -228 164 172 163 -60 161 -81 -197 166 178 -233 -39 229 148 -76 179 43 -176 171 -20 -90 -38 26 167 211 -234 206 238 101 137 140 49 249 -44 151 -57 -9 -133 -80 117 233 158 120 -53 -213 -86 86 -223 
TEST 62 ARG:-175 60 -110 79 62 228 -105 77 -180 -143 -111 -195 160 39 232 -5 -86 158 -127 91 -101 223 93 190 37 -161 -236 -116 241 -96 41 -210 -228 -166 34 -122 -138 68 9 65 -66 54 195 243 176 -149 -217 194 -19 165 22 -50 106 -58 171 186 -227 113 177 -90 -88 -61 -199 -72 136 182 -191 221 -28 119 33 216 -152 84 122 -163 140 164 -45 238 167 130 -224 -17 -245 -26 -65 -200 121 -34 211 72 0 17 13 -222 126 2 -69 163 227 -250 -9 92 229 42 -59 111 -76 -15 118 -178 -54 85 -97 -33 -157 -151 155 -226 -186 61 97 -7 185 -27 -80 74 138 -42 -36 -63 109 143 43 116 225 14 -208 26 -207 -77 -8 212 75 99 247 -223 -144 28 -130 203 -190 -52 175 -209 207 -11 107 24 55 181 159 -14 -37 110 -115 -198 -21 -106 248 71 -241 8 -39 -187 32 -56 35 -1 30 154 196 101 19 -48 -146 131 -20 90 213 -155 200 -71 6 -216 -229 -246 100 23 12 -158 157 -51 144 76 115 134 147 -211 25 141 -89 -123 -23 242 -124 174 183 249 -139 -203 -179 -103 206 129 124 -41 -141 -212 -221 -219 -16 50 -92 -153 -70 73 11 218 153 70 -3 -93 188 -188 149 152 -182 233 -206 226 -145 -147 31 -46 -159 -205 135 -232 220 -117 -10 214 224 -18 94 -244 172 15 46 -142 146 18 56 139 246 168 -193 -171 80 -74 125 81 -135 -174 -64 189 -231 5 -249 187 -185 64 88 108 105 -25 -233 156 -81 45 -239 -248 -230 -79 89 -132 -235 -31 178 -162 82 66 -225 7 180 -172 142 199 162 -40 -128 -214 112 120 40 -104 239 -91 -218 148 49 151 -126 -169 -30 -94 -35 -4 -156 114 -113 -242 205 21 -173 197 230 -83 -197 222 208 -55 204 170 -43 29 -120 -183 240 20 236 215 57 -243 27 -131 67 219 234 169 -177 -75 123 -119 -220 -204 -134 48 -160 -24 95 -6 63 -176 -2 127 -112 117 1 -84 83 58 192 -121 -85 -95 51 -12 -118 -60 3 10 -109 -234 69 231 -237 -137 -49 36 -29 -13 -189 44 -154 -22 128 -148 -108 201 179 235 -240 184 -57 38 87 -196 -53 245 59 173 -181 98 145 -102 210 161 -170 -114 -167 103 198 166 150 78 -194 -99 -165 96 -62 104 191 202 -38 133 -184 -192 -78 -133 86 137 52 -202 -47 -44 102 -215 -247 -73 -68 -168 53 -136 -201 244 -67 -107 -82 -238 4 -87 -129 -140 -164 -98 -32 209 47 -100 217 -125 193 16 132 -150 -213 237 
TEST 63 ARG:177 -138 74 98 50 -82 19 -64 231 -78 -219 179 -43 80 135 236 124 201 76 -127 101 21 30 -99 128 163 -112 -195 182 -57 -164 -18 245 -58 -117 -30 -108 -157 131 -162 -215 -232 73 186 213 87 85 48 42 -140 246 206 3 -202 -20 132 1 -175 114 -46 -69 94 -179 71 -214 134 106 153 -1 99 81 228 210 240 185 -79 -208 168 222 126 -71 -125 105 54 115 156 6 -218 -51 -74 -55 112 -194 -114 -5 -123 34 -244 -185 -37 -196 214 227 229 247 31 152 125 -236 142 -56 -173 110 220 51 46 37 -245 96 161 172 72 -136 -105 43 -118 27 -115 117 -129 150 -21 193 -106 -184 -150 -227 -220 -26 20 -235 -29 57 140 -120 165 -193 91 -228 225 -81 49 -172 -165 198 23 -216 208 248 -111 -23 -110 40 -211 -229 38 16 -52 -135 -17 223 -15 22 47 -205 127 -28 -188 155 -238 -213 178 18 -61 -72 -209 -189 160 189 -85 -141 154 139 170 202 -139 196 0 95 -171 -191 -183 4 241 103 -50 -67 -16 194 -48 -3 55 242 -137 32 59 -250 -233 -119 111 -182 145 -77 65 -248 -199 158 211 -19 41 26 -246 35 -49 -84 -176 -54 -230 79 -87 36 28 146 -144 107 -41 207 -45 -204 -174 -12 184 -31 -107 226 93 -201 215 82 -76 -93 8 12 5 -91 -237 -89 45 244 108 204 -249 219 118 -147 -207 -62 113 -94 60 -13 205 167 -142 239 -66 -35 90 -240 234 -198 77 -206 144 53 62 -2 -247 -42 188 -156 -170 -224 -11 147 9 -128 -153 39 100 148 67 -159 -222 176 136 -166 -158 123 181 92 224 -239 191 61 83 138 -186 174 -63 11 2 -83 -73 122 -8 149 104 175 -163 97 -6 169 10 -59 171 192 -221 -60 120 14 -36 180 141 -75 -100 -80 -53 -241 -180 -155 -148 -130 69 -96 -212 89 238 -134 116 63 164 66 -145 -131 216 129 -122 -200 -88 230 -27 56 -225 217 68 7 233 84 197 199 212 58 -177 -181 190 151 -197 -234 109 221 173 -14 -146 -187 137 200 102 29 -25 -102 -210 -152 25 232 -24 -124 -70 15 249 88 -7 -178 -121 121 -109 64 -4 75 78 -168 -90 -116 -39 -223 -149 -169 187 -22 -154 166 70 13 235 -103 -133 17 -33 -101 218 -243 -92 -98 -217 -143 203 -95 -226 243 -9 237 -86 183 157 143 195 130 -132 -126 -190 209 119 -113 -10 24 -68 -151 -34 44 86 -167 33 -47 159 162 -44 -231 -203 -160 -32 -65 -97 133 -192 -38 -40 52 -242 -161 -104 
TEST 64 ARG:227 49 79 -13 138 181 -234 -227 241 16 -162 -31 145 -146 121 215 -32 23 -55 -137 150 135 109 -125 73 53 -183 -35 -37 -4 -136 152 71 -135 162 82 -167 -169 37 12 -39 -165 -214 41 35 -72 -126 76 -149 161 219 38 -231 184 -191 131 -131 212 60 -68 -157 -16 28 -19 175 -64 -75 -200 -41 157 -203 65 228 14 151 11 155 7 -240 -215 -85 224 -144 20 -235 -141 -127 -229 77 -154 117 199 -111 -242 205 174 229 -195 209 36 154 -17 -86 153 -63 -34 88 -47 18 124 -187 69 125 -101 -185 -36 78 97 140 -181 -158 -7 142 180 182 246 -228 -210 206 62 -245 45 -151 132 -194 -163 193 -88 -92 -61 -117 -8 44 208 -205 236 242 -207 17 -95 -14 -90 106 -208 -89 239 -25 133 -81 -220 -43 -9 167 148 -118 -6 -2 -22 218 -18 -152 -21 119 85 243 -128 -139 -247 -74 -62 -147 -156 -221 6 -219 -106 172 195 -243 -143 4 -78 -201 -120 70 123 -182 -80 158 -52 146 31 223 -180 61 -30 -28 -76 232 9 -107 34 -70 116 -202 -190 0 22 1 214 110 200 194 128 179 -223 144 -10 211 165 -73 95 149 -94 8 -29 126 -26 24 52 2 -188 -173 -119 -114 -104 115 -197 160 81 -150 99 -138 164 33 178 -192 114 32 173 -108 234 -225 -211 67 -250 -98 202 -51 -79 122 -58 -38 5 185 -238 222 -199 -196 57 -113 -177 -132 -1 -204 -133 87 247 -142 101 -145 104 96 220 168 169 64 136 43 -217 -212 66 -213 187 -170 -140 -67 -164 10 72 -249 86 108 30 59 -172 -189 -109 21 91 -54 -49 105 130 -45 238 171 55 50 26 -11 98 166 -166 235 29 183 141 -96 -226 -232 -184 -84 -186 -110 -148 -153 103 198 137 -56 201 -248 -198 19 233 134 -50 74 248 191 58 90 80 39 156 -23 -20 -65 -155 -15 -244 93 147 102 196 40 -130 204 51 197 100 94 -122 54 120 231 -129 -239 -3 127 -209 -12 -193 217 207 210 -82 213 -5 89 143 -237 15 -93 107 -161 221 63 -222 27 112 -33 189 216 75 84 -179 -100 -24 -57 -134 25 139 -112 -236 -48 -71 -53 192 -216 -40 163 56 230 159 -59 111 3 -175 -103 186 177 -123 -218 83 -87 -121 245 170 -241 -99 47 -178 176 225 -44 113 190 240 -83 249 -124 -77 -105 -116 -224 -97 129 226 -60 -246 -115 13 -91 188 -171 244 -27 -174 -160 -230 -159 68 118 -42 48 -176 -66 237 -46 -102 42 46 -233 -69 -206 203 -168 92 
TEST 65 ARG:96 139 144 -190 152 33 -115 177 -209 178 -92 -193 -250 50 -64 -116 -225 91 -19 108 114 43 -211 -31 54 42 237 -117 219 247 30 93 184 -224 12 116 200 189 -198 21 -10 125 216 -129 134 -40 226 193 170 244 89 187 -166 -16 -145 228 205 -136 -216 76 -228 -29 -187 59 -70 -7 27 85 99 -30 -164 -194 -245 47 -6 -199 -67 -104 240 168 -213 130 -83 -159 -108 67 -44 -37 239 84 -149 -243 -221 55 -206 15 -76 -98 -175 -130 -84 -235 117 141 209 158 -232 -121 -171 175 75 133 -240 -71 -46 109 111 -128 -79 -112 -47 -142 122 -217 57 -88 203 -249 -229 -203 171 -214 -208 44 -176 -23 242 235 135 183 195 157 -73 138 -204 31 -125 112 -106 220 -62 -146 123 65 11 35 22 -177 62 -157 -93 166 -135 -61 118 -244 45 229 161 -234 -150 -41 129 -126 -2 -20 -43 53 -139 29 -107 -237 1 159 121 -42 -33 7 236 -147 -212 -132 218 155 5 -3 -156 192 -110 -59 -105 17 74 174 -183 56 26 223 -205 -50 199 -122 -247 72 -52 -38 38 -140 -162 13 71 124 233 -101 -21 -4 -90 -195 -28 -120 36 -179 126 -242 136 -144 149 179 230 167 -185 6 -63 164 -210 225 113 186 202 25 154 70 238 196 8 60 -97 140 87 188 -123 -152 145 146 215 197 16 -167 46 -163 -32 -72 169 -96 -119 -148 -24 -69 -220 241 -18 -1 -45 -85 -154 58 -241 -27 -66 -118 51 34 249 -99 14 20 -114 -68 -141 23 -236 52 231 -49 227 -57 101 49 -248 -174 148 100 104 -178 -86 -134 -158 -15 61 97 -173 -200 -201 -65 232 248 -22 -35 -58 246 -12 -230 185 -181 176 217 172 -127 142 69 73 143 -227 64 92 -75 204 -196 -226 201 -13 -155 212 10 -109 -180 -48 -51 83 105 80 173 -26 -53 -54 78 -87 -74 -137 -25 -192 208 0 -103 -11 137 81 -161 32 -131 -80 -55 150 -56 3 160 -143 90 -78 190 115 -8 224 68 -223 165 -60 -17 77 -165 -191 243 221 119 -188 37 -186 -207 222 128 206 -39 86 182 127 -91 106 -94 63 -138 -197 -5 245 151 -168 -222 -111 40 -100 110 -231 -36 -172 107 132 66 41 210 -170 207 103 -34 -218 95 163 180 -153 -160 147 -9 9 214 -182 -246 -102 -202 181 -238 153 131 156 -151 -124 -189 -219 -82 94 -81 -14 102 162 -95 24 4 213 194 234 -169 18 -233 82 -77 98 39 191 88 198 2 211 -89 -184 120 -239 -215 48 19 28 79 -113 -133 
TEST 66 ARG:-103 23 1 -84 -46 -128 -109 -226 248 -51 50 -25 201 85 163 79 108 93 134 -15 -168 61 83 6 217 -95 140 231 240 18 -116 226 220 -187 30 89 203 182 42 223 -122 -29 -22 189 25 96 -152 -237 154 -232 81 -78 64 62 207 -205 -85 -182 104 127 159 118 56 130 -41 44 166 -110 146 -186 -221 -193 -13 174 -14 16 -151 139 242 -20 74 229 180 -36 -33 218 49 171 -215 -238 -239 -74 -195 -118 -70 -135 -9 -120 -200 -185 -2 -218 -249 5 124 31 -97 67 -108 222 34 -102 -140 -88 -54 72 181 -167 -169 -7 54 -89 55 115 35 -229 -69 -197 -24 191 122 -178 103 -179 2 -99 10 -82 -162 -204 12 141 -21 237 -11 0 37 3 198 -37 -210 -32 -198 109 51 -228 -63 -8 40 -191 36 29 -129 91 -155 116 107 -93 33 24 -211 -201 -177 -250 -173 183 -240 -76 -233 77 21 -145 219 -121 -111 -56 -220 -199 -222 -241 11 202 138 -172 -58 -72 -83 -147 -80 -75 52 -244 68 -4 47 -188 -214 -247 -65 -64 88 -130 -67 -73 -157 -44 172 -144 168 90 -125 228 121 -119 126 -48 247 45 239 178 -12 -35 -213 -45 8 155 224 -126 -231 208 147 125 192 -160 -61 -216 -19 -105 -227 82 87 211 238 -184 92 151 59 -60 156 -101 -113 234 249 -114 -225 7 110 -183 17 -100 65 76 233 -87 -10 -52 195 -161 -53 133 100 -94 4 129 -49 -112 46 213 135 -153 113 136 -117 145 43 -190 -209 -28 -77 -50 26 58 188 -115 144 106 -192 120 204 -23 169 -39 -26 186 63 -196 -154 -148 199 -91 -57 117 -98 -124 -71 97 -146 187 80 -62 13 -143 170 15 200 225 -248 -149 -59 -180 232 162 197 230 123 112 -202 164 -164 -163 -132 75 175 -156 128 131 66 -137 -224 137 -104 98 14 177 -55 -175 -234 38 190 73 245 -235 -171 210 48 78 -34 -86 -43 214 142 94 143 241 -242 179 -123 86 -68 101 -79 -40 20 243 -217 28 -38 99 22 -230 -212 132 215 -203 -236 -170 157 32 -189 153 70 27 95 53 -5 -133 209 -92 102 -181 165 221 -1 -42 -176 -31 -90 184 -16 -17 212 -246 167 9 84 227 244 -81 39 193 -47 -134 -208 -138 173 -174 -165 148 57 -158 -245 -6 235 111 19 60 -141 -30 -96 246 -194 -131 236 69 196 -150 160 71 -159 -142 152 158 -136 150 194 -127 161 -223 216 -207 -27 -66 -166 119 205 -3 176 185 -18 -139 -107 41 -106 149 -243 -206 206 -219 114 105 
TEST 67 ARG:68 -52 53 -99 237 -169 -241 -172 188 145 -230 -228 -4 36 -57 1 -97 158 -243 59 190 7 104 13 95 -180 -71 -225 204 218 -173 -133 43 -189 76 38 -126 -208 232 -215 -28 -113 -212 90 -184 -199 -30 -62 -183 -195 -9 -32 41 134 174 118 -128 -200 -167 127 51 199 139 -219 -217 -245 69 -162 -118 -104 137 157 -63 80 -50 -216 -38 -6 219 34 165 -107 -250 212 122 61 -160 164 -244 -242 -204 187 40 49 114 18 -145 131 -124 -76 -120 -218 112 -51 -87 220 229 -103 202 -226 -211 -176 -24 33 -165 -83 -100 -207 -67 103 -123 -35 -210 -136 -8 -94 195 -14 -203 25 249 -149 -86 210 -40 46 12 -191 -231 -33 245 -55 -194 -238 -89 -137 8 -232 50 19 -190 225 -19 209 -73 31 -153 -193 57 73 244 -185 4 60 117 201 167 93 -56 156 108 170 138 29 -112 -201 -95 72 63 -141 106 214 65 -142 105 196 -227 16 -222 -22 246 -147 183 222 -49 -209 -21 -220 -127 -43 15 -129 -177 -239 6 192 -85 -110 -144 23 66 -70 -186 119 125 -164 -115 -47 120 -151 -237 234 231 -11 -27 179 -111 146 -188 92 -12 -139 -68 -192 -5 26 -29 176 -140 -224 27 184 155 -214 -135 37 -158 10 79 171 -90 248 242 141 -101 -92 -105 32 228 -132 133 17 85 2 44 -150 -82 181 -20 -146 -125 172 48 206 140 -247 168 -174 -74 121 128 223 -53 211 217 -25 207 109 -178 -114 -81 224 21 -16 180 142 -248 -34 116 -64 147 -143 143 91 163 221 -80 247 -187 126 -77 -196 124 136 132 -54 151 -122 -7 100 70 -39 -3 -202 5 130 240 -37 -98 -130 96 -206 20 78 213 235 56 -41 -1 110 -23 64 -108 89 -17 39 -109 182 -79 -168 216 159 -181 -131 88 150 178 -15 81 -198 67 -148 -44 -163 -13 -106 169 -170 189 -175 -121 129 -61 54 144 -88 47 -117 185 236 -46 -58 24 -75 -229 -66 -134 -18 94 233 58 -96 87 -31 226 -236 -59 99 86 28 166 -234 -249 42 -84 83 -78 -65 9 0 238 -116 191 194 -60 193 177 -205 98 115 -152 -197 152 45 -119 -45 230 -159 -246 -182 22 154 149 -36 107 227 14 205 -42 -155 -138 30 82 -235 -157 -69 55 62 -221 198 175 -26 74 -72 197 -48 -91 101 173 208 75 3 -154 111 -213 -166 -156 35 84 11 153 200 -223 -240 -102 239 241 97 -10 113 71 135 203 77 243 123 -93 160 -171 186 52 102 161 -161 162 -2 215 -233 148 -179 
TEST 68 ARG:-250 -222 -80 -76 85 -126 -122 147 176 158 -177 -54 -181 236 -239 238 172 -162 194 47 243 -16 -147 -136 -172 134 38 -59 -55 -35 195 -145 7 181 -119 -148 -188 -9 107 113 -221 -50 206 117 97 -104 20 14 112 -2 169 -20 -34 12 101 73 -227 -123 -203 240 -99 215 -149 230 188 234 249 -217 -125 -241 -118 170 109 -95 -179 140 -38 105 184 -195 -81 111 192 56 -61 -216 -134 125 -229 235 -11 -164 -191 -197 37 -42 204 18 -130 -137 -208 161 58 -39 -180 212 102 35 139 -5 131 -67 -129 65 -231 -63 -206 -43 75 132 -220 -235 -91 -115 171 96 -152 149 -139 40 209 110 -26 15 -226 166 62 106 -86 -116 -236 138 -117 67 -27 222 180 -178 -84 -51 28 217 189 -205 -146 -171 16 41 -89 23 -3 -105 -6 81 34 77 45 -29 -240 -211 -248 -223 66 29 136 -32 -101 120 0 -186 -213 -218 72 -175 44 82 165 -232 -143 244 8 2 221 -176 32 -194 -69 -103 183 -8 141 50 -73 -140 -199 98 -75 -189 229 -79 -78 17 214 210 -169 191 167 -102 5 86 -40 144 -157 223 -52 -85 -224 -202 126 104 -19 -204 -183 -247 216 21 -62 -120 49 -138 13 83 -132 -94 -133 -214 179 -151 -44 118 239 -219 164 -200 -228 95 -233 193 -57 -190 146 205 -48 43 108 133 199 213 135 -4 -58 127 90 42 4 -106 -182 79 91 -245 130 175 -83 196 -96 148 74 -163 -90 -60 103 211 -77 -242 207 -66 -161 -22 3 226 150 202 225 -107 -21 99 -159 124 -1 -112 174 231 -97 -230 185 -142 232 -111 -53 -36 -37 52 190 63 -249 -238 -187 -153 -17 -174 -144 76 -243 25 46 233 -196 78 200 -70 -30 -167 -49 248 -170 39 246 -160 22 119 151 57 116 -24 114 -65 197 -12 48 -64 -244 -74 -127 122 -166 218 203 -33 163 26 137 -18 51 -56 208 -121 168 -93 242 -113 87 -158 220 33 -14 -184 -131 177 237 143 -10 241 -201 -41 -150 -31 -47 -141 -173 -110 6 -212 129 -215 -154 159 54 69 123 -88 -72 -114 -207 187 -135 -108 154 -237 53 -13 224 68 -198 156 -210 173 27 219 128 -28 -68 182 186 -109 -98 -92 -7 80 -100 -192 142 115 84 71 -246 228 -124 201 -209 -15 19 152 31 -87 100 245 -45 64 -23 157 198 -71 55 178 10 36 -82 145 247 1 9 11 92 -128 -46 -234 61 -185 94 -25 88 59 89 -155 -165 227 -193 93 -225 121 60 -168 30 24 162 -156 70 160 153 155 
TEST 69 ARG:-217 -247 125 -128 242 -214 -224 244 -130 105 -49 -182 131 -6 -108 247 -70 -152 -210 144 -244 -57 -151 248 152 -164 -101 233 -100 -216 -174 -202 -109 -175 -146 22 173 -157 110 -196 -50 221 -1 -208 104 -149 -139 170 216 -206 -27 172 -79 169 42 -97 -110 12 -80 -47 111 149 -118 -88 -150 -204 -53 -195 -138 148 228 154 146 192 231 38 -249 182 -94 0 -54 74 127 -232 -120 -111 97 203 -222 225 180 80 -185 -116 106 57 41 30 -31 8 179 65 241 37 83 -7 -12 89 243 -155 -104 -173 141 79 -209 -145 -35 -242 -42 -43 119 234 28 215 -225 93 198 -51 -24 184 205 35 5 218 -245 1 -73 156 -197 211 -238 81 99 -16 130 -48 17 -236 249 48 56 134 60 200 -167 -158 73 -121 -89 178 -37 -115 -148 -59 -147 -72 -98 151 -15 194 -55 196 -234 -93 -161 -122 94 235 -18 187 171 -163 153 -135 -237 -178 219 61 238 -74 164 -71 -25 -154 9 59 -153 -230 -96 -78 -123 -77 70 -220 21 -250 15 -179 165 -3 -99 96 189 -4 191 -213 239 -239 -189 -46 46 -215 76 -200 117 120 31 185 201 82 51 40 -29 87 138 -159 50 -165 223 226 116 13 236 26 -243 -142 162 78 206 217 -207 20 195 -172 -38 44 240 -85 -90 -40 213 -30 14 109 155 158 181 -136 90 113 -33 -144 29 -171 63 6 -166 95 -194 3 -229 -56 -129 -134 -63 77 -199 237 -21 23 71 -11 222 132 -112 24 -69 232 -44 25 -61 207 230 135 -106 -160 186 193 101 55 -198 157 118 10 39 34 150 -75 -181 -231 -211 54 -125 160 -82 69 -162 102 -191 -45 -113 -227 47 2 -219 68 -102 177 -131 114 -143 -137 58 16 -17 227 202 167 166 115 245 -203 183 108 112 -241 163 -91 199 -66 19 100 98 188 32 -240 -65 122 -141 -2 -187 -23 175 -81 52 -60 -58 -183 -233 128 107 -39 92 142 124 212 -36 72 147 -20 -132 220 -67 -28 -226 -22 -223 86 -190 -87 -212 137 126 -193 -126 -169 -92 246 -64 91 168 -176 224 -117 121 -235 43 64 176 -140 -186 -8 133 -62 -19 174 -168 -228 197 27 -205 33 143 190 -13 -201 67 -68 -127 139 -5 -10 -184 -107 -192 -180 -221 75 53 204 -156 161 -124 49 62 18 208 -218 145 88 209 -34 -177 -26 -246 7 140 -114 -9 84 129 -76 -83 45 -188 -170 66 210 11 123 -248 4 -14 -41 136 -52 -86 -105 103 36 85 -119 229 214 159 -95 -133 -32 -103 -84 
TEST 70 ARG:9 234 -75 -150 86 172 0 41 210 152 4 196 221 -183 13 101 -171 1 38 185 236 -246 73 57 -218 -137 -224 -106 -115 -203 149 -18 -229 -197 36 97 -156 -228 110 -102 -76 214 200 8 142 76 -237 67 61 -241 -131 -143 -40 70 218 -56 104 2 175 173 89 113 95 -142 103 164 -47 -98 -67 240 -103 -172 -99 119 -192 100 90 -121 42 -210 -11 -95 -91 -51 209 192 23 199 189 230 32 148 59 -61 -134 -149 68 -179 87 40 -207 -196 -144 -123 231 -202 120 225 186 -128 12 -44 181 -74 -148 44 -204 156 -35 -129 -200 -58 77 83 212 167 54 78 -162 144 147 -198 -133 88 96 -65 -184 133 114 233 21 -158 75 -81 -160 162 -63 224 198 -124 134 28 -93 -116 249 -227 -151 205 94 92 -54 -4 85 -71 -193 -82 -7 -105 63 -83 43 197 -154 137 20 50 -168 -113 -155 55 -89 108 -3 -2 52 84 71 125 159 193 -28 -178 220 -31 -26 -181 58 -107 -29 -38 165 -225 14 33 -231 -39 182 222 -248 138 64 -53 -19 -57 105 29 -46 -100 -78 122 228 51 -72 -141 -97 121 246 154 -33 -163 -220 -52 -50 -177 -175 153 -209 157 139 56 201 130 155 -27 -226 31 -167 34 163 -127 -36 -64 -112 208 180 -140 98 -69 -110 -206 -84 -165 135 179 10 -90 166 11 -233 -146 -208 30 206 -117 -211 -120 -223 226 -94 -232 -80 245 190 3 -104 241 -96 81 128 223 202 47 80 -244 171 -8 82 211 46 22 53 16 204 -132 -60 123 -164 -170 -22 -214 7 -190 -14 -101 145 129 102 -238 -34 -24 -66 -43 124 60 -85 -68 -114 -86 66 -135 -169 161 -88 -216 -159 132 -125 -173 238 207 -236 215 19 -185 -191 -126 227 -161 -48 69 -139 -79 160 -205 194 219 -239 151 115 -215 -62 -188 65 235 -5 48 72 -92 183 -240 -157 -25 -136 131 -212 106 -222 247 239 143 -45 49 116 229 37 -221 -119 25 5 237 191 -219 111 18 216 126 -130 127 -213 -217 169 26 -122 -13 93 17 -41 -166 -37 -247 -138 39 -180 244 -73 24 91 112 62 -118 -21 107 74 -249 -243 -242 -153 -199 -186 35 27 177 178 184 -6 -145 170 158 -152 6 -30 -108 -201 -195 -70 15 -16 232 140 -1 -20 188 -32 213 242 -17 117 203 -147 -234 -245 136 -182 -15 -235 -55 -111 -23 99 187 -187 -176 176 109 141 -9 -174 45 -87 -194 79 248 150 174 195 217 -77 243 -42 -49 -189 -230 -12 -59 118 146 -250 168 -10 -109 
TEST 71 ARG:202 -237 -110 -233 -243 217 52 71 -107 166 -229 -35 20 -120 33 214 -199 221 1 176 -88 -43 147 47 -175 -53 203 149 111 -18 59 157 23 -31 -82 230 -147 -168 -131 -6 199 -187 107 105 -221 56 161 -40 125 -85 -220 -146 100 181 -58 114 185 123 -227 -222 210 249 201 79 -226 213 -230 -61 -33 26 -92 -234 178 0 14 -181 53 -245 232 51 113 -112 234 -247 -78 240 -46 -192 -47 -141 35 -5 -21 -207 117 41 -174 143 -196 187 198 -113 -180 -19 91 2 -15 120 209 225 127 159 -122 212 121 -124 189 -25 182 104 -39 -86 -217 194 150 81 11 183 115 156 -105 152 -197 -208 15 54 102 -202 206 55 -148 246 131 -135 -163 -51 -142 -97 -248 -183 27 -223 -225 -244 -189 83 154 164 -12 -194 -54 -231 73 244 39 -186 -177 -32 163 48 -57 -152 -76 96 -10 -91 80 75 172 60 228 245 191 -90 223 -13 -191 236 -94 141 -115 -215 -195 170 -170 -8 106 238 218 78 -182 -109 77 128 247 -37 24 -178 -206 -133 -200 -62 8 -108 67 -228 89 -9 36 -165 21 -101 3 133 -238 155 72 -73 -204 196 -210 -59 94 87 -127 109 -118 -56 -218 -20 119 -34 31 62 19 -121 -102 -22 -188 -129 -143 61 -213 -48 10 138 -27 160 84 144 -162 85 -159 97 235 242 38 -157 208 -154 69 50 -125 -153 -111 -145 179 -166 -75 124 -155 146 88 -70 175 222 -29 -26 135 13 -17 -64 92 -185 29 -41 165 173 216 40 -11 229 -236 -219 -23 -176 -172 192 65 153 197 -72 136 -209 184 30 169 -65 171 -106 58 -28 227 -16 -99 139 -52 101 -71 -3 204 42 126 -242 -63 145 193 190 -173 82 -232 22 -66 46 -69 99 110 112 28 -74 237 180 -137 -44 -216 -126 63 -67 43 129 122 -149 205 -89 -203 -140 -79 195 6 140 -246 211 116 -81 37 200 -132 17 248 4 -241 -205 5 86 -123 -139 32 -14 -161 186 -77 207 -156 118 74 49 233 -239 241 -68 -198 224 -50 -2 220 -55 -42 -167 137 57 -96 142 108 -249 -160 -30 64 -130 -100 -144 215 -1 -134 226 34 243 16 -193 -104 239 -169 -164 -49 168 -190 -235 76 -36 -83 219 -45 -4 -98 18 -171 174 7 103 -138 132 177 -128 -150 45 -116 44 -136 -93 -84 231 -211 90 -87 -240 9 167 25 -80 95 68 12 151 130 -151 148 -60 -214 -119 134 -117 70 93 -103 -212 -184 162 -158 188 -250 -95 66 98 -24 -38 -201 -179 -224 -7 158 -114 
TEST 72 ARG:-6 247 66 -37 200 82 -81 -166 217 -185 143 18 -1 -127 15 -20 87 -90 -218 -232 4 107 -119 33 -55 136 160 17 115 52 -195 184 -205 -45 -239 51 173 135 -190 114 232 -249 208 243 -233 178 -96 149 133 7 194 -129 -125 84 -210 126 -126 -144 -51 -148 -145 48 -68 -228 54 -242 -204 179 -206 -40 171 211 -28 164 -131 196 187 197 214 156 14 145 -92 195 -99 -182 29 -142 -95 -75 146 -223 137 37 -2 -47 -107 224 56 152 246 225 13 134 -247 45 234 -10 -202 237 -61 218 -235 97 180 -171 72 20 -118 90 142 49 221 -83 -157 55 -7 96 -211 -62 27 -194 -130 -9 -43 -104 -17 -78 127 240 -87 -27 76 162 -214 100 -147 -42 -133 -93 32 166 -191 -161 -34 -216 -86 122 -38 -139 -149 113 235 22 216 -175 -3 -80 116 199 58 -212 34 -23 -60 -15 -57 226 141 -238 -146 70 128 236 38 -209 248 -24 117 -224 101 -159 153 74 -178 -16 -184 95 168 67 -183 -198 94 148 106 -29 -164 -123 36 -50 108 175 -114 -111 93 -135 209 190 0 129 -196 228 -102 185 71 -39 -69 -98 69 -176 -167 42 -124 78 -4 165 -150 155 -155 -33 182 206 -226 104 120 39 -170 85 186 170 -221 -82 -35 193 -201 -94 61 -230 50 -122 46 24 3 132 79 219 -65 -151 -36 -56 -54 223 -100 -117 -213 -136 229 -18 154 204 163 -21 241 86 -91 -188 -72 73 -12 212 220 47 -141 -67 112 -207 -168 161 5 -32 -26 -30 105 -215 -219 -77 -199 -250 81 -241 238 -134 -240 -193 159 144 -84 -19 -108 -177 -53 -217 231 -172 130 23 -162 244 -113 -237 -197 -70 -64 111 -225 -11 -46 157 103 -58 9 -79 -165 60 16 -143 -25 188 -103 121 -187 -152 -5 -97 118 -203 192 -31 167 68 233 -163 -138 -85 -245 -137 59 21 92 99 -49 147 207 198 139 124 202 158 -76 239 30 -14 210 -73 191 53 249 242 222 -169 40 -59 11 63 -222 12 -115 -8 89 6 227 -22 110 -189 -208 -186 26 140 -244 -192 -106 172 -88 174 181 -156 -179 62 19 65 -231 2 -246 -110 -173 176 151 125 -120 -229 -101 201 131 -13 213 205 64 183 -44 -174 245 169 -227 -52 -48 119 98 203 177 215 -121 77 -112 -109 91 75 -153 25 -41 -140 57 -248 -116 150 -74 -105 123 -181 88 138 -160 102 41 -63 -234 28 1 230 189 -236 109 -154 -243 -180 31 10 -66 -158 83 -71 -200 -128 44 -220 35 43 80 -132 -89 8 
TEST 73 ARG:128 -191 -10 -25 -9 -19 -222 -37 76 175 177 -217 -196 -159 -89 -166 48 167 -237 91 70 127 29 140 162 -149 -62 58 -93 121 -66 -13 -70 116 -3 16 93 -39 -242 63 202 -33 -49 -81 173 43 -120 -108 -162 246 -171 -101 -220 229 71 52 163 -32 -94 -177 95 -165 -195 -129 248 96 40 -95 -64 -110 168 130 -135 137 -234 170 136 -85 45 -97 -214 -24 213 32 15 -200 -4 -40 223 113 234 247 0 -11 -71 -103 18 149 -206 -203 36 231 39 47 -244 122 59 74 103 182 -240 72 169 235 179 25 158 151 -230 123 89 57 19 111 -246 49 195 7 -205 90 196 -86 -231 181 183 155 -228 -174 -41 80 4 172 97 -20 -28 -138 156 -128 -122 88 69 -155 77 237 -77 -197 -227 -211 147 -188 -119 207 241 87 34 126 -245 101 -147 -69 -194 176 -59 -34 114 243 171 102 164 145 12 -179 141 50 -57 -131 117 -141 133 23 186 249 61 203 -226 178 -83 180 218 221 -105 159 -126 198 46 125 -189 -38 -46 108 227 -80 -1 193 201 31 86 174 -209 33 98 132 -187 -60 54 8 105 37 -175 -75 73 -235 -243 -225 -112 161 -218 -82 -143 -184 -181 24 216 240 -99 -74 -67 120 -42 -207 -148 -186 -208 -169 189 232 99 -239 13 75 6 225 209 -65 -96 22 -139 199 -50 60 -172 -163 30 -215 131 191 -125 -146 112 26 150 -232 -167 66 -76 139 -43 -48 -8 -68 -12 -153 -90 -190 -154 -212 -113 188 187 -6 -73 -115 -104 -140 -164 38 53 -133 64 220 -210 28 94 -27 153 -238 204 11 205 -170 217 -180 236 208 -21 -241 92 -15 -132 -36 -16 146 44 -111 1 -2 214 219 67 -168 -88 -98 129 84 -91 144 -247 -63 -78 -31 27 -17 233 -134 -52 -127 148 -56 206 10 119 197 106 -130 -229 -183 -161 184 -54 -7 118 -124 192 35 143 9 -29 -53 79 109 211 -219 115 222 110 -107 224 -224 -116 -158 2 -79 62 -51 -150 -136 -109 -55 -213 51 138 -44 -249 185 -47 56 166 -114 242 212 -5 81 -178 215 78 -152 238 41 -26 -30 -160 82 -106 17 -233 -61 228 42 -18 -192 55 -144 165 -45 -23 194 -92 14 -250 100 -142 -151 68 3 230 -173 -117 -216 244 -221 -35 160 152 124 20 104 85 154 -198 -185 -204 -199 -72 200 -123 107 -176 -137 -223 142 245 -58 -121 -87 65 -157 -201 83 -14 -145 210 -84 -118 -22 190 239 -202 -156 -102 -193 226 -248 -100 157 21 -236 135 134 -182 5 
TEST 74 ARG:147 46 51 -197 -152 -244 169 13 -186 -26 166 -117 -188 -184 -194 -185 125 -21 -15 183 50 -76 -213 162 208 -216 207 -180 -204 -224 -125 7 -37 -175 88 141 -143 156 2 -5 111 35 -68 -11 -168 -150 -193 71 167 235 -72 203 -129 89 109 -46 108 -101 198 185 -243 1 228 -55 -16 -230 -111 -174 -34 181 23 -102 -116 34 -118 -233 31 -249 -166 -103 48 182 -239 120 -91 168 -81 -231 194 -127 60 191 -141 -112 101 62 -114 123 83 6 -17 244 184 -44 -228 165 193 85 -144 -108 -181 96 -28 -7 -241 -203 64 117 39 153 -179 -99 -149 -238 172 40 -170 -240 61 18 144 21 146 159 -2 171 115 5 58 -177 -155 -140 -163 204 77 -205 -158 229 -14 240 91 82 -95 -210 110 25 230 -206 158 160 -223 -196 -142 238 32 225 138 26 29 3 218 84 152 -123 -79 139 -156 -232 140 -133 -215 80 -66 30 126 178 -38 90 -73 -6 53 -62 -45 42 -71 59 -78 -248 -90 142 100 -110 224 199 79 -13 -98 -222 -85 8 -107 -164 24 151 20 -226 92 130 -245 -9 213 -56 210 -189 87 -135 -207 -89 -87 -121 134 -132 -126 154 214 78 10 206 -93 69 55 16 -40 19 -49 -3 -86 114 -8 -234 72 -42 38 -247 -67 -119 11 -242 -151 -146 -136 196 249 -217 -64 27 170 56 -32 -57 106 173 -105 179 149 -69 -218 177 192 129 242 188 -219 216 -211 -139 -165 164 -113 190 243 -84 113 221 -153 -176 -131 -212 222 145 73 -192 -137 -106 4 -53 -128 -229 -100 -115 97 -199 44 -48 112 -159 -208 -134 211 66 -124 74 239 -10 -65 128 -191 45 143 227 -25 41 231 -227 70 135 200 9 -36 -130 94 -235 -221 -20 -50 234 175 -96 161 -169 -77 127 121 -214 63 -19 -1 -22 -250 103 -33 12 219 -161 155 -80 133 102 -201 -92 -43 -104 148 -225 237 187 17 -83 -200 -30 -58 -60 241 215 119 197 -198 157 -70 232 93 65 136 43 205 -202 -172 223 -246 248 49 67 247 137 -39 -97 195 -82 22 86 -160 -51 -237 163 124 -41 57 -167 118 -94 -171 -157 -220 52 -162 75 15 122 -63 131 -74 -54 98 33 -52 217 -27 201 -154 -4 -29 116 220 189 209 176 202 99 236 -120 37 186 -138 -109 132 -12 107 -122 -182 -88 150 -187 -178 105 95 -145 104 -209 -195 -75 -236 246 47 180 -173 -31 54 -190 68 -24 14 -18 0 245 -148 226 233 28 -61 -59 212 81 -35 -47 174 36 -23 -183 76 -147 
TEST 75 ARG:32 -105 4 158 -27 104 88 152 7 231 -184 -56 -65 99 121 -63 -244 155 43 237 168 -14 178 -94 175 194 169 -72 41 -129 -87 74 47 214 79 -189 -26 -170 -103 -187 39 -215 243 82 -205 142 -37 -146 160 -227 -236 16 240 218 -16 119 86 -153 141 20 -57 -79 -74 -213 90 230 -234 -243 -249 27 -182 -114 154 163 24 198 -3 -206 -32 101 -7 -78 52 6 164 -178 125 49 174 81 241 -156 -68 -230 199 -125 -122 196 -162 -246 185 115 -225 18 -198 60 -181 213 128 -173 -247 186 -53 -172 -242 97 -101 -177 113 -185 166 -85 -121 40 -10 26 -76 -159 -220 108 212 179 139 64 63 -248 -66 17 -140 -23 150 56 -175 2 -28 -47 -45 -139 205 37 -35 -212 238 122 208 48 145 -67 -219 -106 -5 189 57 -190 102 117 -117 134 112 130 -24 228 -77 137 -31 126 45 -163 -155 184 58 -60 75 224 176 73 69 -171 215 85 -123 103 -149 36 -143 55 -197 -17 94 -52 -193 -22 -208 -119 211 -147 249 -81 21 31 -73 182 129 -107 -51 98 -158 -41 -194 -132 -150 35 -152 -203 -157 -13 151 -192 50 -20 -133 -80 234 22 216 -46 -238 116 -124 12 -237 -176 223 -62 239 188 -111 209 9 -188 -127 -207 11 -39 183 -38 -144 225 -9 -201 -75 -18 -93 -141 144 -202 111 120 132 -183 153 170 -199 -218 -118 -195 105 171 -64 14 -50 -100 222 25 -49 -221 -109 235 -29 -151 140 133 242 -58 38 -71 -116 -96 84 217 148 247 -136 -180 -88 -165 19 167 221 227 -44 -91 51 71 65 -21 233 -229 107 190 -226 248 -191 -83 -61 53 -1 13 -154 -137 -43 -228 -25 106 109 203 172 192 -145 206 156 -99 -241 -6 -131 -98 -250 232 -217 219 78 80 147 110 244 187 157 100 -92 -134 -4 5 136 62 143 28 -120 -186 -8 -69 -161 87 -70 -126 -104 -30 -167 138 -130 123 -232 -84 -200 -95 -169 46 149 10 159 -42 -19 -110 -115 177 204 77 8 118 191 114 -86 -112 226 44 83 -36 200 236 3 195 -164 131 -211 -245 135 -97 -223 34 -102 -128 -174 -55 68 207 91 29 245 -40 0 -210 161 -142 202 54 42 -2 89 -59 76 -90 -233 -216 -204 -231 -15 23 -214 -12 127 95 246 15 201 96 -235 92 193 59 -82 -138 30 -48 72 -196 165 33 -240 66 -224 -160 220 -54 -166 67 1 -179 210 -89 197 181 180 93 -239 -135 -33 -113 61 -148 70 -11 124 -209 -168 173 -34 229 -108 -222 162 146 
TEST 76 ARG:-190 -94 -64 213 209 116 225 67 -119 37 65 166 129 5 62 42 159 -93 70 -57 -125 -197 84 -145 240 -159 -232 -153 -102 -214 -31 -185 -245 82 31 -158 96 83 -131 186 128 -212 -80 109 29 91 48 -231 -224 28 -192 23 -129 150 -37 -216 -210 -51 201 -141 -221 147 -241 197 168 -217 -191 9 -110 234 132 -53 103 57 127 89 157 -9 38 -54 -150 -227 184 -233 -244 -169 -79 45 -4 -133 -171 104 -127 -135 -240 -194 -202 136 -103 50 113 144 79 194 25 -36 232 -45 97 -182 -186 34 -55 -187 -237 -46 -193 -130 141 152 43 248 -76 218 -146 -211 135 247 -49 -243 -90 -230 123 -165 -29 148 233 130 176 -173 -184 -47 27 -5 -67 -148 -82 60 -242 216 111 17 -68 -77 169 81 239 185 78 119 21 -250 -83 -215 63 93 -12 -209 -17 115 206 -207 -138 -111 -14 -168 -62 238 139 -88 149 242 16 -179 76 172 -41 -35 230 14 -15 156 32 229 -26 226 -98 -97 243 15 125 -118 237 -164 171 108 26 143 41 87 202 -136 -188 210 10 244 245 -8 11 -28 -39 100 -70 -208 190 -199 246 -21 -7 -156 -166 153 46 -152 -204 66 165 -71 -195 -126 207 188 -229 163 95 192 61 189 -198 30 44 228 -248 -48 -234 -163 -219 -218 196 -151 162 -109 183 -189 182 142 -72 -56 73 -246 98 80 -105 -144 -34 7 174 -52 0 -201 137 -91 -19 -2 -25 170 -40 -6 -117 -10 235 164 154 -33 -69 -176 22 198 160 -154 193 -16 -38 180 -108 -100 94 -87 249 -115 77 -58 -112 -167 227 -44 68 114 117 92 56 33 -180 -11 -101 -124 -203 -116 -89 -22 -223 -137 1 224 13 -128 -92 212 105 -27 4 -196 -96 71 -183 222 -50 -142 86 59 145 -123 -61 -222 -95 8 35 124 -238 146 -236 49 236 -205 18 134 -157 -78 51 131 72 -3 36 217 -121 118 -65 191 -147 110 24 19 58 -73 -23 175 20 161 -239 -86 -162 107 -107 64 -59 -74 -84 99 -134 -63 2 -139 178 158 203 -60 -99 -43 204 -225 126 -143 -81 195 187 -1 -140 12 241 173 -200 90 69 -178 -206 120 -75 215 -249 -170 -104 88 -220 140 40 74 -24 214 47 52 53 -149 6 -172 -30 167 -177 3 205 -66 121 102 155 219 208 -85 122 54 177 220 -247 101 -213 179 -122 106 231 221 75 181 -113 -120 223 -228 -235 138 -32 -13 -226 -18 200 -114 -132 -160 151 -42 85 -161 -181 112 211 -155 39 -174 -175 133 -106 55 -20 199 
TEST 77 ARG:35 160 -151 120 208 -93 0 -112 157 -200 -92 43 -185 -172 60 -53 235 -181 -223 187 147 -175 9 -146 82 115 107 151 -142 133 -149 36 221 103 154 -156 -18 109 -82 -25 244 -111 174 -224 141 248 168 125 85 113 -188 148 -26 -229 2 -44 180 119 -107 242 -137 219 50 -89 -126 233 191 -219 238 72 -31 -127 194 -43 -208 -235 230 -48 -237 -28 -55 -42 81 -41 -240 -118 -11 67 45 -250 -196 220 -242 -79 152 -23 15 206 -193 -10 186 63 40 -108 65 96 66 61 195 105 -198 32 23 -183 -46 -91 216 11 -95 -216 -29 -40 162 218 37 31 -2 -106 -170 69 222 -168 104 -63 -73 209 -194 -70 210 163 -99 99 20 -24 124 -174 -220 181 207 -97 49 -45 41 139 117 140 -128 -228 143 5 -154 -140 -119 -33 -36 44 138 51 42 -187 -213 145 -171 -94 -124 -152 68 165 30 -105 121 146 39 75 129 -110 34 47 111 -1 -22 -69 -212 16 78 -38 167 -120 -100 155 -165 -197 -226 -167 -87 -153 -71 229 -96 190 -52 -206 116 24 -35 126 -190 -77 182 -72 -123 76 201 -186 57 -64 64 227 -159 -145 106 -102 -135 136 246 -133 -245 -182 -177 -134 -51 179 80 -211 -189 -143 -50 159 -249 -117 212 -68 38 202 52 -49 -21 -202 -173 224 192 -136 -201 -47 -3 -161 -115 -34 86 22 110 205 122 55 173 46 -15 -164 171 -241 -218 -5 149 58 -39 -180 156 -17 87 -75 -148 -7 71 -57 12 -74 93 -27 -138 -221 -244 84 177 -61 114 98 79 -12 137 77 161 -66 10 -98 53 -243 214 62 -199 -129 211 144 198 -147 -144 -203 249 -232 170 14 94 -157 89 -248 -103 90 -84 -131 188 131 204 -160 1 226 232 166 240 118 -130 -6 73 223 3 -59 228 -222 100 54 27 225 7 -139 150 -178 -13 -113 -67 108 6 -192 56 153 -238 -195 -191 -215 92 18 59 176 -132 -225 -65 169 101 -81 25 91 -231 -162 142 196 -76 21 183 199 17 132 -114 231 19 -184 245 215 172 158 -83 -166 -176 -116 -19 -121 -217 33 -150 95 128 -58 -163 247 -32 241 -109 -85 185 -90 -88 -158 164 -125 -16 -233 189 112 -8 -179 127 200 -101 135 8 -214 197 -20 178 -207 -205 237 -56 134 -169 4 70 -78 217 -54 -60 29 239 -30 -210 102 213 -80 13 -155 130 -239 -14 123 -4 26 83 -122 193 236 203 74 234 -9 -204 -62 -37 -209 48 -104 97 -230 184 -227 243 -141 28 -246 175 -234 -86 88 -236 -247 
TEST 78 ARG:-109 -173 -44 -158 140 241 -123 -57 135 -110 128 -141 -246 -5 162 151 -237 223 176 119 233 -199 73 52 167 -10 207 -189 177 -200 3 -140 58 5 -212 31 199 68 -245 22 -14 143 226 -30 -170 -144 84 42 -47 -62 101 -148 -50 -218 179 134 235 -54 -240 182 138 180 -213 -133 244 26 -19 -64 -115 -22 142 80 -97 -76 88 -77 19 -202 92 -78 -139 224 188 189 173 210 108 49 153 -73 -87 156 -155 -34 -159 53 -161 185 146 -36 240 -185 -60 -98 -7 239 192 -83 219 -124 -74 -222 74 -207 124 104 -9 -230 -17 -25 -190 -233 -28 81 198 61 87 -15 -48 231 -238 102 -105 243 -196 248 191 -239 -177 -96 -229 44 -243 127 201 -165 21 208 11 -193 15 110 237 -65 -172 -103 115 174 71 234 -126 -102 184 30 238 2 -24 -160 -214 -111 -135 216 76 -70 -219 107 -13 6 18 -129 -90 90 -58 28 -81 114 -136 -104 -42 -127 228 -223 171 -121 -209 152 85 77 63 -234 178 -175 -147 -26 126 -41 65 27 129 50 -11 144 183 -6 59 -80 139 -137 16 227 158 78 35 132 93 -37 170 -113 86 -132 -236 -156 -153 242 -130 -197 -248 109 -145 166 -167 -118 64 -154 247 -244 -168 136 125 149 123 -220 249 -27 -182 -178 -68 -201 94 -169 -143 122 67 -122 197 57 -235 -203 169 66 75 -35 -114 -20 99 -131 186 -194 161 -106 82 236 -164 164 160 145 130 -198 -247 -206 45 -249 -117 -217 10 -134 -205 190 33 117 -45 121 43 -215 -100 62 -120 -32 193 -125 209 -40 155 -86 205 113 79 95 -1 -116 148 245 -33 -21 0 -101 116 69 220 211 39 -43 24 36 -75 70 222 168 -227 -221 -88 147 133 -16 -184 -53 229 -55 131 -176 96 -149 -208 -71 60 -183 218 46 157 97 -151 -107 -152 -225 105 -128 -82 -166 -39 91 47 -231 -250 -112 120 8 -92 4 165 -180 212 13 -226 -192 32 51 -174 98 -188 -4 -63 25 17 230 200 55 -108 204 23 -242 40 9 206 -195 -241 -51 -52 -59 -31 112 -204 37 100 38 7 29 20 -67 -216 -66 41 181 -95 -38 159 215 54 -186 202 -3 150 -94 232 1 34 -179 -191 118 137 111 -138 -187 -228 -91 -93 -146 103 -29 -210 -23 -49 -157 14 -171 -79 -181 -162 -119 154 -69 187 221 213 -2 -12 72 -99 214 -84 -18 83 -46 225 106 196 48 -163 141 -150 -142 -224 -85 195 12 56 -8 -61 217 194 163 203 172 -232 -211 -72 175 -89 89 246 -56 
TEST 79 ARG:34 79 65 -166 185 -230 -120 167 -21 -90 -43 -74 -151 80 78 -106 -133 -71 -69 207 24 236 155 -82 -232 161 -18 -198 -195 -188 96 -197 -38 -127 -205 -80 -41 -228 234 115 -25 -153 238 -212 87 9 223 -156 240 -119 -47 -124 215 -167 134 26 -46 -240 -146 37 28 -211 -169 -70 150 197 31 -158 -144 97 68 164 196 109 130 13 195 -6 159 -216 166 -183 191 71 -128 198 36 -190 -191 -177 -98 -155 112 54 127 -250 214 -87 60 -91 113 245 -61 168 58 35 -89 -8 212 -235 61 190 213 -187 -4 -214 70 -217 -142 193 74 171 -237 -102 137 247 228 -81 -215 -60 -219 92 -121 76 138 -196 248 -245 21 90 -139 49 -20 -206 -154 -2 77 -189 -53 -209 52 -123 33 122 43 11 -56 -19 -40 -94 -112 101 110 175 126 188 -134 64 -163 -201 -42 181 -181 217 63 209 -203 -15 -184 -97 32 -48 229 -204 -23 -168 226 -22 149 119 -92 93 69 205 0 -3 -76 -220 -208 222 -130 -109 169 -79 2 73 104 158 106 -239 91 233 -68 200 -192 1 -50 183 -148 95 -161 143 75 -160 -31 216 98 100 67 121 -10 118 203 224 239 211 -180 -129 117 123 148 8 184 -27 -114 -207 -105 7 -17 -96 -131 -174 -223 162 42 17 220 44 -35 182 -247 -107 -30 94 152 133 -126 128 -52 -108 131 86 146 53 -93 -249 -182 -63 124 210 -175 202 -236 -111 -185 141 -99 -36 6 -118 27 -222 -243 -101 235 30 -104 10 -115 -49 38 47 -200 163 187 57 -73 -33 241 -159 -65 -241 135 -173 19 3 48 -135 218 51 14 -226 -67 -100 179 170 12 246 -221 -176 132 165 -28 154 -75 136 178 56 81 -137 -143 -231 -12 -1 221 -110 176 -54 -242 -125 -138 -55 237 82 -78 120 151 85 153 -11 111 102 -162 -150 66 -39 180 72 -145 -234 39 147 18 142 25 4 -58 144 225 15 29 -246 174 -171 160 89 -64 -244 -86 41 244 -45 232 194 -9 156 242 103 172 88 83 -233 -88 23 -117 -202 46 201 -170 -34 -59 -238 -122 -37 -227 -14 -152 107 219 -84 -229 -95 186 -141 -116 40 99 -24 -77 -7 108 -225 -29 -16 -164 189 59 -194 -62 116 55 206 157 45 231 -248 173 -199 20 -213 -85 -44 114 125 -218 -72 -172 145 -83 -26 140 105 -113 -178 177 -157 22 -179 -186 -103 -140 -136 5 -149 62 192 -13 -32 243 139 -66 -210 249 -165 -51 16 -147 50 204 230 199 129 227 -193 208 -132 -224 84 -57 -5 
TEST 80 ARG:-124 3 -122 84 107 61 -26 47 -74 6 -200 139 -35 -27 -126 168 -33 -135 154 -64 -243 -166 -70 -2 83 48 -40 50 -250 -31 171 129 42 -151 243 247 104 65 -197 -73 165 -140 -58 -94 31 106 73 143 142 216 -72 63 121 -25 36 174 -81 -88 -46 58 21 -146 187 -219 162 169 116 -210 -51 161 202 75 228 138 112 172 -176 -195 41 -232 -112 151 206 173 111 -199 184 -76 -67 -147 -236 71 146 20 -9 67 225 -245 105 -120 -131 77 166 177 235 201 -136 51 -138 -5 -167 152 -24 -118 34 188 -205 150 86 176 237 234 24 224 227 37 -224 -209 164 53 17 -93 88 185 175 -175 -218 -18 -117 0 -222 209 -144 27 113 145 -206 57 -186 117 -244 205 208 -29 -174 -240 -203 68 16 -78 -75 -188 -139 -44 -191 -57 -231 -105 -41 39 -89 199 114 -226 -204 -103 -233 -55 -201 -154 70 -215 -61 -60 -246 43 242 -48 -164 -16 -108 229 125 -198 -227 -68 -211 -59 29 -190 -92 -19 212 108 -23 231 13 -90 -142 131 -100 -247 101 -87 80 -157 97 240 -153 218 87 232 144 -15 -3 -213 180 -196 197 -47 -71 -99 -53 10 163 81 -98 25 155 -165 -234 -66 -107 -125 4 -20 153 167 222 69 -42 12 120 -141 -97 239 -128 -168 -123 -54 115 -217 109 194 192 60 136 -34 -163 93 -101 233 -229 -91 -207 211 95 85 124 -180 102 46 137 198 132 56 76 -183 -235 128 -177 -14 203 30 -193 238 -114 156 -80 -62 -104 230 207 135 133 213 -150 190 -83 178 210 -65 -63 1 7 2 5 -160 18 191 123 -84 19 103 -49 -129 -181 149 -17 -37 -110 -241 241 -156 26 -148 72 -10 110 196 193 -242 -185 -132 38 -96 -28 195 -162 66 -158 -11 92 -127 -4 15 -178 214 98 183 23 -77 157 -22 126 9 74 -133 -189 118 59 134 122 32 22 181 -32 217 11 40 -12 189 -86 -121 221 219 -1 -39 -113 -56 -173 -179 100 33 -116 -237 54 244 28 119 -238 8 248 82 204 -182 -228 -223 -13 -85 -248 -184 -45 -111 -202 44 -216 -119 -155 -36 -143 52 -169 158 -161 147 14 78 -79 245 -102 -109 220 -225 -249 -30 -149 94 -6 -38 -43 64 179 96 -7 249 -21 45 -145 89 -239 186 130 148 62 -172 -194 159 -230 -106 -208 -187 160 182 -171 -159 79 246 -82 127 141 -69 -50 -192 215 200 -152 -220 226 55 -170 -95 223 -8 -134 49 -214 -221 236 -212 170 -130 35 -137 99 140 90 91 -52 -115 
TEST 81 ARG:-244 196 -182 -140 -150 150 -186 -90 110 10 104 126 -152 123 -78 83 -121 -80 99 111 -156 -92 -155 19 128 17 224 89 197 -39 159 -219 -32 132 119 88 75 232 155 -222 202 -74 -214 37 151 -67 -104 247 80 95 179 203 -194 -117 -83 -6 12 31 184 249 -231 -109 209 87 -134 8 68 -15 -213 -96 148 6 -179 66 -102 -123 -223 215 -103 242 52 -66 -188 -34 -82 20 170 -239 116 183 -41 130 235 145 -200 -31 -14 -99 65 108 81 79 133 210 177 -28 -129 226 -97 -47 -164 172 -187 146 -209 -86 -76 -43 231 -35 -146 100 -181 -208 240 149 61 -225 167 -131 -3 -23 -236 168 28 -125 -101 139 -170 77 -89 173 -169 182 207 -230 -19 -147 -116 -61 178 -44 122 -4 105 -154 41 70 -245 50 -229 54 -189 -2 -178 222 206 -210 -153 -12 -114 -84 -59 -195 -126 -115 129 4 200 -22 -64 72 21 162 157 22 -243 127 229 -137 -202 33 -37 -139 -232 -30 218 -216 85 -27 125 169 -151 -176 -206 84 -207 -122 -165 -105 135 -51 181 106 15 -212 -173 25 -106 -68 -227 -174 -228 34 -75 -50 73 78 141 -168 71 -180 -55 205 11 -241 63 74 -113 -163 -145 -8 -36 -108 113 -124 -11 192 39 36 241 190 -249 193 -167 29 180 -54 219 -215 -72 176 160 97 44 164 237 -13 221 -247 143 121 -120 103 38 -46 118 -112 -81 -85 -234 -177 217 228 -1 138 -175 -162 -62 220 223 -138 -184 243 -26 -79 -144 214 191 136 107 23 144 -45 175 -158 112 -91 1 45 140 -21 -93 -128 171 -224 -132 -233 -65 -217 62 239 -24 -5 -199 225 -94 -87 -98 165 -10 -70 186 -48 -142 -238 230 216 -171 -203 93 124 -218 166 43 47 152 -118 -42 14 59 -77 -191 238 -198 -220 101 227 -63 -29 -130 -237 94 67 -127 174 158 -52 40 -190 -183 -211 -193 131 198 -166 48 -196 53 211 195 -149 91 201 51 245 -133 -221 92 -235 -246 56 58 16 -7 161 208 60 -95 -88 69 153 188 0 -197 -205 -60 7 27 -157 96 18 212 46 9 -159 -172 -226 -240 30 154 142 -53 -192 35 244 32 -250 -185 117 120 76 -17 49 86 -56 2 -119 90 -161 -20 -9 64 187 42 -148 -107 -69 -38 102 189 156 -248 137 -33 -242 -58 236 24 109 82 57 -57 248 -141 -25 114 234 213 -110 -135 199 115 13 134 -49 -71 -160 -100 98 26 204 -73 -201 -111 194 -136 -143 5 185 55 -18 -204 -16 -40 163 233 3 147 246 
TEST 82 ARG:246 36 185 -95 126 -108 84 -32 240 201 -44 197 81 114 131 109 85 9 100 -25 -241 66 239 68 -221 -184 -173 -96 110 -17 198 -198 216 208 122 -246 -19 193 -226 -49 -158 -81 -111 55 73 124 -47 -119 41 82 61 35 -147 -169 130 245 123 -14 227 -75 214 -90 140 -73 -60 30 155 204 -118 -86 24 67 -142 -250 -41 195 -112 150 -242 -125 163 -131 -204 -26 160 -236 11 17 0 -160 -109 -143 79 -243 74 -229 44 -225 220 211 147 138 49 -65 -22 40 -203 230 -5 106 151 133 209 -209 -38 -202 200 189 127 -220 -152 236 107 -76 31 89 129 164 -148 96 72 136 1 -168 25 22 -58 113 91 -43 -74 115 -135 -85 -167 -174 221 -98 28 -72 -50 -218 184 231 99 32 -56 -228 153 -133 -180 -197 -245 103 4 -196 226 -138 -137 -61 -53 -129 135 188 -4 157 97 63 51 -195 202 -21 -77 187 -222 -199 -115 111 -64 -212 -156 -181 -189 77 119 232 159 -233 -130 -247 108 -122 105 -101 249 54 218 88 57 -171 18 -40 162 233 205 -102 179 -166 -177 217 -123 26 -194 -87 -88 -91 -20 93 -164 -30 -217 174 29 -237 144 92 141 166 62 -155 27 243 222 -248 -151 223 83 -31 -145 -219 -42 152 194 207 -48 165 -126 170 120 -211 -7 -12 154 -107 139 -24 118 168 71 -188 -136 -23 244 199 -207 -106 145 -28 104 -240 -231 -216 95 -18 12 10 -121 125 206 -215 -159 -141 -223 -93 -238 47 -35 5 39 -57 215 -84 58 247 -89 121 -34 177 -163 3 241 -213 -33 70 -11 -110 -201 167 -69 176 -232 -191 -55 15 213 196 -70 -71 156 34 -45 -249 -37 180 -29 224 117 -105 -139 -190 149 87 148 80 -16 20 16 181 -15 -187 -117 53 37 -113 175 116 -8 69 128 171 -124 21 -179 -154 182 45 50 -104 142 -67 210 33 -52 229 -193 38 -183 134 48 112 -62 137 -2 -80 -230 -68 59 -99 -244 -59 -13 234 -234 -83 -235 42 -165 23 -100 56 -153 -46 -206 94 -186 161 -94 -97 -27 172 43 8 14 -78 146 60 -132 -149 186 -140 -54 -1 -114 -63 -175 -116 65 -192 -79 -3 -82 102 225 -39 228 -176 -170 -178 242 52 -214 -182 219 -128 -66 -239 98 -200 173 -51 190 -103 2 212 191 -146 101 183 248 -134 -36 -224 -120 -157 -161 76 13 -150 78 75 158 64 237 132 -144 -227 -162 46 192 -6 86 19 235 178 -172 -208 203 7 -127 90 -185 -210 -9 -205 238 -92 143 169 -10 6 
TEST 83 ARG:-183 -44 -210 -206 -187 -230 75 24 181 -49 137 196 140 -45 102 221 29 70 19 218 -222 -184 -114 204 234 189 -70 -160 198 114 245 158 -241 -146 227 -244 28 202 86 -169 -237 238 -239 172 144 -107 -141 241 101 -91 -17 -119 -170 195 175 -201 93 147 54 171 -30 -219 78 -97 98 27 141 34 -118 222 -11 -214 100 18 -64 71 -96 138 16 -192 41 212 -22 -75 -133 131 -173 -105 237 -143 220 97 -132 132 -8 -130 161 3 -99 -135 -238 -181 -249 -217 -48 -42 133 -138 -27 240 31 154 42 -246 -137 -189 -145 12 -148 -250 233 -77 -188 -24 -229 -139 205 -74 206 -19 91 165 -203 159 249 30 149 84 150 103 40 56 -196 59 -93 -31 105 232 -191 126 46 -111 186 36 214 -194 -177 -245 -231 -36 231 -156 124 -125 44 47 83 -172 -4 -151 60 -95 -13 178 -124 -73 -193 48 -51 39 1 239 94 229 -179 -98 -176 207 166 -204 129 -228 -185 -115 -195 -207 -134 23 -190 58 -123 -47 -80 -200 33 -165 11 -94 168 -153 173 201 -211 211 -83 -223 15 -147 230 -63 174 96 -34 104 -227 -2 79 -158 -159 -43 -76 21 143 -175 -243 -7 197 89 72 -60 -58 -149 191 -102 180 -25 -84 -199 -15 -101 -1 45 236 50 -18 -78 228 -65 -54 226 -20 -186 -212 -33 -72 -109 10 90 -220 -3 81 -71 -12 -218 66 246 199 -21 -120 -40 -242 -127 -232 76 25 184 82 167 200 -213 43 6 152 -233 163 243 110 -235 176 -79 32 -163 37 35 -110 -226 146 151 209 53 225 -180 4 -167 -106 85 187 109 -52 193 157 122 108 -5 -23 153 217 -81 -50 -161 -38 113 -225 -28 20 219 -87 5 -37 -55 203 65 -152 52 -202 139 14 -240 -221 120 210 235 2 -86 130 -66 -122 148 216 -108 -168 -128 244 170 -100 160 -53 194 -182 51 -112 -174 -62 192 -116 26 -208 55 115 -171 -6 117 -117 188 13 -67 162 224 87 80 119 77 8 0 -90 -57 57 -104 185 136 -103 111 -247 -205 62 -126 -248 61 -166 -32 -10 38 -144 -59 121 183 -164 169 223 -162 125 215 248 -157 -150 -121 -140 -88 213 127 -35 107 164 -92 155 -236 -61 135 177 -46 -29 73 68 74 49 134 247 92 145 -89 -234 -129 -142 -68 106 123 -178 67 208 9 -224 -41 -82 -26 128 182 22 -197 116 -56 -136 -16 156 118 -216 -113 -39 64 -155 242 63 69 142 -85 -209 88 190 -198 -69 112 17 -154 7 99 -9 -131 179 95 -215 -14 
TEST 84 ARG:145 -144 -237 241 17 -177 -149 -140 249 -79 2 -74 -156 148 -45 -22 -232 237 158 226 -117 -203 -110 -163 -86 144 -236 22 49 -30 -127 85 5 20 -134 -8 -42 -25 81 -5 50 200 -215 -211 -52 138 227 -214 -174 -55 -70 111 -208 64 -6 207 194 -204 114 -95 181 37 -118 -37 -63 -173 -184 -53 -219 -26 107 -155 -233 53 -83 190 79 -72 0 208 103 -111 141 -120 10 -77 92 198 -115 -222 189 106 29 -244 18 -231 -51 -39 -58 -80 244 133 -54 125 172 128 -31 217 -246 162 -217 177 11 -105 234 -43 153 -187 -197 171 -33 -89 34 240 149 175 216 134 -243 25 209 31 -61 -133 -34 -122 -36 -41 87 -175 -234 -19 -48 -90 -226 -248 -220 100 -161 -141 -128 -82 140 -159 -182 -185 -147 169 214 -145 82 84 129 -199 63 86 196 1 -97 -87 -153 65 59 -17 15 139 160 75 28 -56 -99 -212 121 12 -224 126 -130 168 206 183 -194 42 80 179 -170 182 97 -113 228 -229 -249 180 -198 51 -250 -38 -218 83 -47 247 127 193 245 -205 173 146 -10 -32 -4 191 96 211 44 239 -186 -171 95 203 163 -121 -64 90 -28 -94 54 170 66 33 154 197 56 113 -84 -40 -21 166 -241 19 74 45 123 -66 -209 243 27 -168 55 94 -230 -35 221 -67 238 -9 -242 -210 108 -129 70 231 -201 -13 -7 9 118 -109 -29 30 -1 88 -12 -114 -100 -245 52 -225 -138 -152 156 101 -102 235 99 -132 -16 -193 35 -62 -65 -190 39 -150 -213 -227 -78 -68 -154 -139 220 150 -191 -76 212 72 41 57 185 3 46 222 248 8 130 -124 186 218 -57 47 61 40 187 -167 -107 67 -59 89 -192 -180 -181 -136 110 117 26 -20 -27 73 -179 -235 -108 195 71 78 -157 184 16 165 104 -71 -49 -46 115 -93 -176 232 -166 68 58 -158 -11 -119 120 -60 -14 38 159 167 -106 132 151 4 -169 -151 -148 32 135 131 -195 -202 -240 -44 202 242 204 7 -131 152 60 -160 142 -92 147 -183 155 230 -50 -207 199 -125 -81 215 -178 -146 -172 -98 93 -18 -88 137 -85 -143 225 192 205 -223 157 -112 -137 -96 77 -3 -228 -216 102 -200 109 122 210 116 -75 105 -238 91 213 -142 98 246 -104 62 -189 -123 -23 -101 -2 112 -69 -165 -206 -116 13 -15 223 229 14 178 201 -196 21 -247 -91 124 224 -188 -162 174 -73 161 6 69 -135 -103 143 119 24 -164 164 -126 76 236 -239 -24 188 36 219 233 48 43 176 136 23 -221 
TEST 85 ARG:42 -118 -41 163 8 -153 -132 74 -156 -13 -60 243 -202 -189 -5 88 -26 32 124 190 -230 -1 230 192 -100 223 63 208 212 -158 -194 34 -47 27 -22 -223 -89 22 -217 26 237 -65 59 182 176 226 115 -187 -192 -211 94 40 -168 -209 -106 188 -93 76 98 -201 62 15 138 -143 33 108 -134 151 -90 61 220 -239 -102 -110 -55 55 -212 -214 118 -250 -138 179 235 215 129 48 6 92 31 238 -45 141 38 7 201 -216 -237 -161 -206 148 -159 -234 143 -53 -172 -207 105 200 -180 -182 144 139 -148 -59 158 -120 -58 117 -144 135 -116 214 156 168 -200 197 246 128 -108 154 -213 -221 -191 174 46 162 -43 240 224 13 113 11 228 -66 227 153 184 30 47 -179 -186 -244 -2 -49 -71 43 -246 -68 -84 189 -129 12 112 -11 167 69 -3 -44 103 146 169 -81 -14 101 -170 -30 -101 14 -222 209 -177 57 0 204 245 -188 -225 -173 41 222 -174 -178 -215 29 104 -131 80 -50 166 -52 58 -227 -236 -139 23 194 110 -95 242 -169 -128 -25 -210 -137 127 -91 -147 83 -34 109 -63 249 -51 210 93 206 56 35 -19 155 120 136 -18 86 234 165 -42 130 18 85 213 160 -85 171 -28 36 244 221 185 203 -114 219 183 142 -220 -190 65 -141 10 -243 172 239 45 107 175 -38 25 236 78 186 -226 -12 -87 51 181 -7 82 39 -70 2 177 -245 -247 -157 133 -112 161 -119 202 99 70 131 -228 -154 111 54 -242 -76 -61 50 -6 -235 28 178 -107 -232 -29 122 -155 73 79 -92 100 -164 -231 -229 159 -9 4 119 -248 -195 134 24 71 -46 5 116 49 -185 -36 -121 53 -23 225 -123 19 -146 3 -151 -96 114 -175 -204 241 60 -54 -69 -82 72 -27 -83 132 -135 -20 -133 -98 52 -199 -40 -104 -72 191 -124 232 123 -130 195 -37 -109 -136 -64 -78 229 20 196 -196 90 -105 -208 -74 89 -79 68 -21 37 -88 -111 -171 187 126 96 67 145 152 -62 -181 -142 -122 -203 16 -4 205 75 -249 -176 198 -113 -99 -24 -163 164 248 -140 -238 -75 125 -183 -184 -219 -115 -16 -127 140 199 1 -149 -160 193 -145 -32 81 -241 -233 66 97 217 106 -167 -8 -103 150 149 157 9 -57 17 -94 -15 218 147 -56 -162 -126 -193 -86 -97 -39 211 -73 -224 77 -31 -166 64 -35 44 -33 247 -198 231 95 173 -10 121 -218 -152 -48 -80 -150 -125 -117 137 180 84 -205 -17 -67 -77 91 170 216 -165 87 207 -240 102 233 -197 21 
TEST 86 ARG:199 188 -200 24 -6 113 10 9 -4 68 -97 -183 122 66 229 35 1 -68 245 -63 194 94 -58 16 -10 -162 -155 -172 -77 -196 -167 -37 -71 -76 -119 -27 17 65 -189 182 -19 151 137 161 -124 146 -40 -60 70 -108 -39 -140 123 -221 -204 64 -85 198 -79 203 186 125 22 -206 246 207 -82 170 20 41 -80 205 -78 -160 -123 -248 111 -212 -201 145 222 99 -175 119 -42 -101 -205 -126 163 -138 -8 104 -246 120 189 78 232 225 150 181 -65 48 -133 52 133 -241 -147 -121 213 -21 58 -16 138 -229 -84 152 85 178 242 149 -250 110 -235 86 -91 219 -143 -100 -117 -159 -23 -247 206 128 -102 -56 141 33 112 14 -139 -118 44 -231 34 -217 -198 -99 215 36 238 15 217 32 101 185 156 -83 -177 -88 -211 -34 7 195 -191 0 -75 243 234 126 241 190 142 53 -239 216 -67 247 -243 -128 171 21 184 -112 -232 23 -210 -171 -190 -174 -220 93 -236 37 -93 -194 167 197 -20 154 214 -62 -22 -158 165 -89 77 -156 61 249 129 -105 -208 -104 176 -61 3 244 -157 75 45 103 -242 193 -32 -13 166 -223 -26 191 -7 60 42 106 -130 31 74 12 -70 -48 132 -25 136 79 200 71 -225 -131 11 139 114 92 -59 105 -44 117 72 -92 -145 57 237 40 25 -187 -165 -185 -249 208 43 8 -182 -168 196 239 -222 -38 27 -36 227 173 192 236 -149 202 -12 -87 187 -184 -116 109 -66 -86 -107 39 -94 -166 -192 -134 91 143 218 19 -46 -15 -125 144 -95 -146 201 169 -110 -49 131 -186 -2 -193 95 -33 -31 235 88 -213 -230 73 -115 183 -152 160 -14 228 -178 -29 220 -176 26 134 -237 -132 -227 30 -90 82 -136 -164 127 50 211 -122 212 -233 124 158 87 209 -163 -51 59 230 100 248 -127 62 84 -103 76 -28 -47 -144 223 -35 -52 -5 28 38 -245 116 81 240 157 90 47 -30 -180 148 140 -150 -153 -216 -111 -173 -64 -24 -106 -170 80 179 -137 -142 -195 -43 -135 55 18 2 162 -69 -218 -179 130 -72 -148 -57 -219 153 -228 -17 159 -203 172 177 5 168 -54 108 -98 221 -188 -50 135 -109 107 -55 -73 89 233 96 51 -45 204 -209 -113 67 226 -234 -9 6 -81 -244 -226 54 46 83 -1 -197 -74 -181 69 -53 -169 4 175 180 -114 121 174 -41 -215 98 -151 147 -161 -141 -3 -18 102 -224 56 29 49 224 -238 -120 118 -129 63 -214 -154 -240 115 97 155 -199 164 13 231 -96 -11 -207 -202 210 
TEST 87 ARG:61 -14 34 38 -28 -202 45 149 -160 -3 -170 -192 59 87 71 68 90 202 242 16 122 47 -167 150 183 -32 95 84 238 230 111 -196 131 -173 -94 91 -242 243 -148 113 223 208 -44 -5 -43 9 -247 30 83 200 -8 -193 -85 -84 -165 102 -138 -227 -229 176 -60 -119 234 216 15 172 -69 -155 -48 -206 98 126 124 246 -72 247 117 74 226 25 -41 -95 -240 228 166 -132 14 -198 75 13 -187 22 -123 12 46 215 -142 -152 191 -224 -1 92 -65 -39 121 206 -128 189 -226 27 -133 -201 -186 -6 222 -4 197 133 -105 -34 -111 101 -238 -87 -115 72 199 -135 158 3 -130 -12 -107 -185 -114 115 181 57 -183 -30 143 116 169 249 -99 118 -182 153 -120 -235 36 130 -159 -244 188 120 -162 -157 -15 218 31 44 164 -10 -80 -205 203 195 -184 105 -52 88 -98 148 -2 -81 -40 106 58 240 167 -233 145 -141 18 -109 114 -70 2 248 7 182 184 109 107 60 -92 62 178 217 175 -112 -154 -134 -209 -16 43 0 138 66 -126 -91 -66 -86 -241 -37 177 -9 -214 232 180 187 129 33 -11 -74 -97 -237 -127 54 65 -246 -156 -121 -225 -19 179 39 -197 132 -169 6 -64 -113 -17 236 -172 56 4 -18 -250 -143 -45 -188 96 142 -158 -207 -54 -42 -29 21 -78 139 -231 -220 -163 -149 19 186 235 -22 -200 -230 152 174 -100 123 -161 -211 -50 -23 55 -208 137 -203 -67 136 171 -20 -116 -151 -216 29 237 214 28 -210 26 165 -181 64 -153 151 190 48 194 -89 154 -103 -223 -88 162 -38 1 127 -236 231 210 209 -195 135 -36 -189 50 -101 -61 -110 -53 -79 89 -243 -47 207 220 -76 -49 125 99 244 67 -83 -194 -180 161 -7 -217 69 -215 51 -174 -62 147 82 204 97 155 53 157 41 -33 35 245 110 -25 -147 170 -57 -171 160 -204 -218 -55 -191 -140 134 -131 63 -68 -150 93 -245 119 227 40 -168 80 -145 -177 -118 -93 168 11 -51 -144 241 -221 198 -178 140 -77 37 -139 224 239 -166 -222 144 -213 -176 -232 86 112 -249 -175 77 -190 70 -239 42 -63 108 73 17 -13 -24 -136 -73 79 -125 213 -75 193 -59 -58 -104 -35 81 52 212 211 104 -102 -179 141 -117 163 146 159 229 -108 5 205 103 -122 156 128 76 -212 20 -82 -199 -129 219 24 -31 -248 -219 32 78 -71 -124 -26 49 -106 -137 -234 -228 100 196 -27 185 8 -164 -96 23 -46 192 -21 -90 233 94 -56 173 201 225 85 -146 10 221 
TEST 88 ARG:-21 -238 163 -140 -51 -39 -222 66 68 102 67 -69 186 -196 -119 175 111 -248 -129 212 -42 -224 241 56 25 -15 -228 -3 -206 131 -58 -136 -57 83 11 -247 -232 -54 -118 -139 -134 113 -64 81 -183 -173 -164 28 -201 33 153 -154 245 20 204 138 -189 88 -87 -14 -104 -97 -209 -199 248 -117 -135 -103 3 57 -126 225 -102 23 -30 -27 -60 92 60 -241 -93 -210 228 13 -40 168 -144 -20 210 9 -223 -94 -100 174 -182 169 -229 -73 75 -29 230 71 52 -184 -157 223 229 220 -107 -174 155 108 -234 100 183 -148 34 -10 231 -26 -7 -205 109 149 -230 51 -17 15 114 247 -4 -34 -11 166 -67 -109 226 167 -66 22 -137 162 90 110 205 -120 -111 38 107 99 -193 242 119 32 -239 -122 -158 -176 190 -237 239 -200 -227 -77 206 -19 123 -220 165 170 -13 70 -56 59 -8 -153 -24 143 194 147 185 93 -138 -178 -96 -36 112 -177 -208 72 87 249 244 171 164 134 121 40 -81 -167 55 -112 161 -171 -80 73 7 -235 192 -22 173 -169 148 156 -79 -23 -98 -150 18 -130 -155 136 -152 42 82 211 -72 -243 224 31 104 -131 152 236 191 -9 115 -217 141 116 101 -246 180 -2 -213 160 -65 -186 86 214 106 -47 -33 89 -6 35 62 232 213 16 -149 61 237 -35 -194 53 -151 -198 91 5 181 176 177 -141 -236 21 -212 84 8 46 188 -49 -48 184 -115 187 -190 -5 85 -32 124 -187 80 235 -197 63 -180 97 -41 196 154 -68 -95 -124 -44 -25 0 -195 -71 4 -82 238 -132 158 30 -105 -231 -172 227 47 -89 246 122 -147 2 -84 -170 -110 203 -90 -159 159 140 -1 -108 -214 -245 44 -101 -156 -146 -86 221 -12 216 -99 -116 -191 76 17 39 -53 1 -249 -75 -45 -244 -133 120 197 -16 -38 117 -128 -74 -46 12 -28 26 -145 79 129 10 -165 146 -215 94 189 179 195 222 -207 243 -142 -127 -181 -43 98 -163 130 65 199 207 -203 200 139 95 -162 -221 45 49 145 -216 -242 151 -179 218 77 -55 69 -18 -50 -70 -31 208 172 105 215 128 37 -225 -83 133 6 -52 182 157 14 -63 24 -168 144 -219 19 -113 -121 193 64 27 219 -166 -185 41 -114 43 201 -240 -218 198 74 58 -233 103 -106 -204 50 234 36 -192 -123 -250 -59 209 -92 -62 -85 125 -61 -211 202 -226 -202 -37 48 217 -125 150 233 137 -88 29 142 78 54 96 -188 135 -143 178 240 118 -91 -175 132 -161 -78 126 -76 127 -160 
TEST 89 ARG:214 -127 172 246 -164 -29 -110 238 158 167 24 -119 -234 151 -46 170 185 -122 -96 117 -47 -111 3 147 31 -178 -8 -76 179 109 129 -229 -58 -117 -217 -207 52 -66 -39 -85 199 -241 -191 162 -120 13 -56 -237 23 -223 37 132 -53 114 -9 -208 50 -21 -149 -20 177 -1 196 -124 210 -106 230 -72 207 198 -13 101 79 -185 -162 239 124 -17 -240 36 -228 17 242 115 -205 -196 -84 169 -187 -243 -118 84 -151 34 203 220 12 155 -24 192 30 -103 -43 -95 -206 60 48 -176 111 -135 186 70 -27 -69 -181 -121 -86 -183 145 -137 89 102 200 85 -222 11 69 -10 191 -91 -48 99 -115 136 75 -225 -226 -14 -158 125 -68 -44 232 -18 -92 -116 44 78 -144 88 14 -152 -232 -73 7 -132 159 -99 -165 57 -16 -70 56 98 -134 171 241 -227 -107 -129 -74 187 180 122 -75 -50 131 245 49 -156 -170 219 15 175 206 -131 -45 141 -233 150 146 -238 -219 234 248 63 168 -54 -247 231 -242 -216 -235 188 59 120 -142 83 108 -113 95 51 182 118 -245 -112 -57 183 137 127 -100 -101 -146 -145 77 72 106 21 -139 217 97 -32 244 123 -130 225 -210 -214 -171 -77 -250 233 -231 -62 58 165 -244 8 -160 2 -34 -67 -64 67 5 223 -22 204 134 90 53 236 -150 -7 -108 -203 -246 87 33 -33 -30 112 216 80 104 212 193 -35 201 71 -220 -36 -147 19 -180 -186 -98 -2 194 47 153 160 152 6 96 -82 10 195 -182 247 -41 -65 143 -59 -193 74 -123 -102 202 -11 -169 237 243 40 -105 221 -55 110 126 -71 -179 -177 -194 -87 184 -140 148 144 -15 -157 9 -114 38 92 68 -49 86 174 28 -6 -3 208 73 0 218 -26 161 -184 39 42 140 -172 213 -63 -61 -51 240 211 -198 91 22 55 138 -93 -202 -221 224 35 163 -31 -138 -195 103 -204 -136 -230 93 -12 -25 45 -42 76 26 -168 -161 135 190 64 -128 81 -78 -213 -97 173 -141 -175 -88 -148 16 229 226 227 156 -126 -133 133 139 -167 61 18 116 -248 46 130 249 215 -28 -40 -215 1 20 -80 -197 32 -212 -79 54 -200 -37 205 -192 -60 -224 -218 107 -153 25 176 197 -23 189 157 -188 -109 178 -52 41 -81 -89 4 -236 -155 -211 154 100 -143 164 -104 82 -90 121 -19 166 -189 -249 -154 105 -201 29 65 -199 -174 209 142 181 -159 43 -163 -239 235 -190 -5 -38 128 222 27 -209 66 94 -173 62 149 228 119 -94 -4 113 -83 -125 -166 
TEST 90 ARG:176 -241 -201 215 -87 -169 167 -150 -216 234 -230 -30 -45 44 -109 -165 -186 203 236 -220 -133 -166 67 -240 90 36 -89 233 -177 111 206 31 -70 89 -59 46 69 126 -246 205 227 12 184 -77 -75 -156 -18 -12 -191 165 -178 -200 -57 -43 -104 197 84 245 105 158 153 -173 -158 -69 -44 -232 -101 7 202 -76 40 150 64 -147 -176 243 107 2 134 -182 -112 -187 -236 -23 238 -196 173 119 -25 -159 -52 15 -209 -238 18 -175 -231 -79 75 -142 136 -80 142 128 154 -47 100 28 139 -127 76 -91 -242 -99 -125 -198 194 -152 -184 -160 -239 172 -27 83 -226 59 130 61 -113 186 239 -108 -116 95 -214 241 -141 -208 -188 229 -41 -55 -250 93 -117 -39 -149 -249 -206 -34 223 178 104 132 149 -1 -16 -6 -4 -11 -62 25 123 -72 38 189 -163 45 -122 -151 6 1 82 -138 190 -110 -54 148 146 -115 169 51 -172 -40 -21 17 -205 37 81 -36 232 -24 70 -134 26 101 -85 113 161 -63 218 72 79 88 144 -223 211 224 53 -33 -146 -93 -171 -95 -154 -123 -56 166 -157 247 -14 242 181 -114 102 217 74 49 159 -9 114 -88 54 -153 -128 -120 -96 -111 -37 -118 14 -35 29 92 -237 41 131 -219 177 222 179 -130 -215 78 -145 151 110 138 -168 -58 160 -136 193 94 121 -74 -126 109 219 -28 -167 -92 -194 -22 -73 -20 -49 50 -17 13 -174 71 127 39 62 11 155 -140 182 112 170 -195 135 -13 -78 97 -103 -10 140 -213 137 9 -217 145 -32 77 48 -204 192 125 -131 -50 210 -135 248 -162 220 -183 34 195 -244 -8 87 196 -202 164 -7 171 221 -181 -46 246 175 -212 226 198 -234 -247 -106 -67 230 -233 -228 58 -203 213 -197 20 108 -144 -105 -139 -2 -227 57 -71 -97 -66 98 240 212 66 124 -61 133 120 183 -207 23 -94 65 85 -29 -225 96 187 16 55 162 52 208 -224 -148 -121 -100 207 228 237 -218 231 -235 -48 235 -161 -38 86 -65 118 103 -83 3 -82 5 214 -170 -119 209 -26 27 -180 199 -221 -243 4 -248 249 -98 152 -143 99 -229 19 201 163 -179 -132 60 -107 244 43 156 168 63 200 174 -64 -102 42 -19 -42 -164 -68 204 129 -53 -185 68 157 216 185 8 115 -190 80 -51 22 -81 33 -84 -193 21 188 147 225 191 180 -192 106 73 10 116 -137 -31 -90 0 -5 35 -245 32 -124 -210 24 -15 91 143 -60 -189 56 47 -3 -211 -199 30 122 -155 -129 -222 117 141 -86 
TEST 91 ARG:-205 178 -183 -169 120 99 112 -181 192 -126 114 40 54 234 -54 -26 209 242 22 87 80 81 -175 71 173 -199 -118 -230 157 -109 -241 200 -29 -197 12 201 -132 -137 -131 11 -238 -87 28 -112 117 -67 145 -90 -176 88 -202 225 -157 -15 243 106 78 -9 210 -159 -76 -83 -146 36 -173 247 -248 147 159 -43 135 -122 197 -105 -168 -190 -32 153 215 55 156 -99 -57 -239 193 -133 -73 224 -27 205 4 -33 163 -70 -96 48 -216 2 18 43 82 -28 -177 191 -95 -75 6 34 -151 137 -206 198 136 207 -14 -191 10 233 21 189 -49 97 140 -186 56 -50 121 -249 19 169 -144 -153 124 105 199 -147 -40 164 -184 -35 -63 62 -18 -11 -25 -161 -60 -154 -143 -69 129 -195 27 -86 -104 -94 7 -102 -110 -114 37 -56 221 -208 -134 -182 -80 -215 63 -92 134 -149 158 -61 35 -237 -116 -30 181 93 109 176 98 -13 -91 -174 -229 -139 -226 -58 160 219 75 -22 238 -204 -10 -171 26 96 -163 66 227 -201 -250 217 196 -41 -240 -119 -82 132 206 162 152 -81 -167 95 -123 -59 94 91 -179 -42 -106 24 14 -53 125 149 216 20 -196 103 244 -84 212 -246 -101 60 232 228 166 -51 -212 179 -88 -155 -192 73 -46 -227 30 123 -142 -130 -236 -245 -219 -113 235 100 208 110 -19 31 -74 -210 -21 39 118 -136 104 226 111 131 246 89 240 171 33 128 -135 151 119 61 -93 195 218 -145 79 76 -38 -64 -100 146 -23 -189 -198 -225 -124 72 -97 -48 -235 -217 222 -187 52 77 174 -17 -140 -164 185 101 -65 -37 86 -233 -221 -115 167 -218 230 241 122 154 42 69 15 -165 -180 59 -89 13 23 -68 53 -34 211 -6 -103 57 223 -172 115 141 83 172 51 102 -72 -162 49 127 214 -78 236 -55 -152 130 -247 -7 165 -111 -231 161 148 -141 186 194 -232 -79 -158 116 139 -77 -242 229 -214 -228 -2 74 44 -234 -224 144 -125 92 188 -4 8 -200 38 -66 -188 -127 -150 25 -160 183 170 67 249 -213 90 -129 143 -85 239 41 -8 -36 -121 64 150 175 -47 -62 -20 -71 220 -207 50 -39 45 58 -98 47 -5 -45 -209 32 -120 -138 248 0 202 -220 138 3 -166 168 190 68 133 -52 231 -178 -128 -194 -117 213 65 85 237 5 108 180 142 -16 126 -193 -3 9 17 -31 -170 187 -12 182 -223 84 -148 177 16 -24 203 107 -211 -203 -107 -185 -222 155 184 29 -243 1 204 -1 113 -44 -156 -244 245 -108 46 70 
TEST 92 ARG:-246 221 45 -197 -42 24 -54 85 -233 -40 -107 -3 -221 -82 -68 211 142 234 147 -96 25 -31 -35 81 -240 33 181 204 -44 -62 150 -154 39 21 137 -213 -153 224 -70 -146 191 226 -250 112 -105 168 -98 49 -85 -56 -97 207 14 -128 130 247 174 78 -247 -150 177 34 -242 36 -203 -144 12 -139 -11 122 105 -75 63 248 -230 -48 192 -171 -99 -212 116 -50 97 -151 -34 -180 -66 115 -38 -101 -224 53 -21 -226 15 158 -64 -10 19 -129 17 50 135 -7 58 -84 203 242 228 200 145 -78 146 -28 -235 -149 -123 -193 209 154 144 193 159 169 66 -234 172 220 245 -159 95 132 162 -140 -249 32 233 110 217 90 185 -51 161 219 -243 -167 101 80 -248 4 186 106 103 -236 -65 237 -220 182 164 140 206 -206 128 -218 65 114 51 227 -93 118 155 -69 -18 -103 -43 -87 -47 -32 -86 -186 -124 171 30 151 197 -190 -227 -145 -118 16 -61 31 -14 48 -83 -131 -222 -89 -108 213 -241 102 243 249 -104 201 246 -158 54 2 -205 -175 -195 163 -162 -187 107 -155 -130 22 70 238 -92 -136 123 141 60 -90 222 46 -133 -55 -181 235 -232 -148 -13 -112 -194 167 199 -111 -59 -216 -147 126 72 18 -88 184 64 -191 -177 -119 59 127 99 -137 212 175 -127 10 -165 -15 -25 77 241 -114 -46 42 125 -23 -176 -204 68 -22 83 -33 -4 202 108 138 194 -49 232 82 -152 -188 75 -27 124 67 190 -102 -163 -20 -19 94 -183 -169 43 -36 -79 111 0 -41 189 -244 -39 166 165 183 -196 76 -117 -143 -168 57 -208 -76 -121 188 -238 113 -106 -29 -166 -116 -156 -178 -113 187 223 148 27 89 -192 -174 240 -8 7 -91 -6 152 -125 195 41 -57 -179 244 129 153 178 20 136 120 -60 -209 -200 -134 -58 98 -231 -120 3 73 44 -217 156 -207 96 -225 55 -17 -142 71 -122 -157 -201 -1 -173 225 216 -210 37 -52 -71 -223 239 -74 6 121 52 -228 170 29 79 210 -215 -94 143 214 56 28 -199 218 -110 -245 35 86 91 104 208 23 -67 -72 231 88 236 119 47 -126 26 -5 -135 40 173 9 -9 -160 109 84 92 -161 13 -170 196 87 176 117 -81 230 179 -26 149 -63 93 -172 -37 -45 -214 1 -141 69 198 139 -73 -115 -12 -202 -109 160 -2 8 -237 -219 -211 74 38 -95 -239 -184 205 229 -77 -229 62 100 -138 131 -132 -16 -185 -24 -53 61 -80 -30 157 11 -100 134 -189 -198 133 5 180 -164 -182 215 
TEST 93 ARG:-107 86 120 106 -179 -86 230 -101 -192 196 110 180 -145 172 218 -138 155 188 13 77 21 147 74 -129 239 -219 56 -41 -172 -189 -70 226 -193 -157 -184 -199 -50 -58 -14 16 -45 48 58 17 -9 225 -170 195 -47 231 116 -25 -142 93 -117 -102 104 -162 87 -77 -87 150 -160 -196 144 50 113 -11 46 109 -198 153 187 -209 -214 -139 47 -141 -212 -55 111 -194 173 -210 -72 204 -122 90 -88 238 51 -152 -75 124 91 130 -4 -103 80 -244 -59 190 -85 248 79 -180 -154 -232 61 -216 -227 162 212 176 -166 -223 -240 -155 4 78 -220 -187 35 -30 54 -44 175 142 14 -125 -83 -33 165 -3 71 62 -239 57 -92 158 134 36 182 -28 -206 246 -190 -96 -78 -225 -134 -236 -233 198 -73 -167 -67 64 159 11 98 203 168 -147 220 163 103 31 20 73 118 -20 -32 -93 -120 157 -23 24 -177 145 186 12 88 -130 200 -226 -80 -63 49 -115 -207 -112 -213 28 181 7 -29 -38 66 132 -74 199 156 -169 -151 160 -116 -36 242 -53 0 44 -65 -6 60 -163 10 -48 213 -135 -110 39 -95 183 -82 -60 214 -81 -7 102 -143 -128 75 30 95 -203 -2 -176 224 100 119 128 52 174 -113 237 -158 -185 -146 -35 -84 202 192 68 233 240 221 -159 -217 -111 -24 29 140 -234 -201 151 -79 -183 -109 76 -126 -136 41 236 -22 184 70 -156 -91 211 107 22 -18 67 185 161 -224 207 94 -230 25 197 -19 129 -57 -237 82 -21 -49 -69 -204 208 164 217 -243 5 -13 136 -245 18 205 -231 227 125 -127 37 -43 -108 -221 81 34 -218 171 -1 122 -248 137 121 191 194 89 -164 -197 -205 178 -66 -46 15 -191 170 -56 -202 -68 -235 -124 -241 -144 40 126 -123 -171 63 55 245 27 235 201 83 85 -118 69 -99 -16 215 148 -246 247 42 189 -12 117 -178 143 -31 139 123 43 92 8 -238 -97 2 146 -34 -89 38 -150 -51 -15 138 -64 222 -247 -228 -37 -250 -161 -174 53 59 -90 135 234 -242 -27 241 179 -114 -140 133 99 -26 177 -173 219 -8 -229 3 -39 -17 1 115 -182 -76 232 -168 166 -153 -121 65 169 -200 -208 -149 152 149 -148 -105 -62 154 -186 131 -98 6 23 105 -195 -175 114 -5 193 -42 223 84 210 206 -94 141 -52 -106 -100 -133 228 -132 167 26 -188 -61 127 -215 249 244 229 -137 19 -10 -54 45 -40 32 -211 33 -222 97 243 108 -165 72 96 -104 -249 -181 -131 209 216 -119 -71 112 9 101 
TEST 94 ARG:184 37 63 199 146 189 195 -213 167 201 -164 -122 -41 240 -126 204 46 18 -216 238 134 237 155 70 -238 -43 161 135 -1 4 75 78 16 196 -134 -166 -187 150 96 -211 241 213 -83 198 113 -48 -70 -231 -146 185 -33 210 66 33 90 244 127 -210 93 -139 -101 178 -224 125 -91 49 -236 -130 -113 89 8 104 -228 -69 -119 47 156 59 24 160 220 -13 -218 56 109 -61 177 -176 206 247 -144 -156 50 -237 -58 179 -56 67 38 144 23 36 87 -188 227 114 -27 -148 17 -34 -137 188 216 -28 -124 137 -234 -74 -51 -31 -158 -52 -62 132 61 182 -10 -197 232 -12 -11 31 2 74 -190 224 -24 121 -167 -141 -136 14 -20 -5 -230 -147 -9 -243 -84 28 145 65 -118 -159 -151 1 -21 -191 214 -103 -72 205 25 -194 -233 194 168 -152 -208 175 193 230 71 -23 62 42 -57 -222 -82 139 34 124 249 -105 -109 -55 -180 -217 -108 -30 -117 130 -186 228 -90 -229 -204 -42 197 -63 -150 157 -100 -16 180 120 48 81 -140 -67 -221 -246 -25 -128 -196 15 -78 209 -244 -65 140 -4 166 -35 41 211 -71 -241 138 85 -19 -171 -94 -199 115 -242 141 -40 30 159 -114 -54 12 245 -121 107 -60 -79 73 -111 -68 154 243 -8 103 100 22 99 -138 218 126 151 35 -209 3 -123 -107 233 -132 207 -15 9 -220 -104 158 91 -173 187 55 -86 -49 -36 133 -3 32 -206 -129 -189 203 -112 123 165 246 -46 143 -39 -184 -64 174 -18 -45 94 -247 57 -7 -50 -76 -154 231 -125 -145 106 45 -80 13 -192 129 7 101 80 116 -38 -131 -168 -120 -53 0 217 88 82 -225 -92 -88 51 -198 -142 -183 77 -95 171 -212 118 20 -179 -81 239 -215 152 192 -169 -214 -172 79 83 -85 -157 234 98 -96 223 68 60 -32 170 21 202 225 -193 200 -2 54 10 111 172 19 226 11 -93 190 108 -47 176 -201 181 -29 -207 -6 149 153 128 -170 169 -77 191 -235 -73 208 117 -106 -240 43 119 221 -203 -239 -160 -133 27 102 -135 -200 -116 6 -26 -182 -22 -226 235 26 84 110 -249 -59 186 212 -14 122 -232 -44 236 -102 -174 -97 164 -175 -248 -75 229 -161 -219 -99 248 69 -181 112 147 -115 222 -149 242 64 162 5 -143 52 -163 -177 219 40 105 215 163 -178 -89 -165 -185 -223 -98 131 -227 92 -245 58 -250 53 -87 76 136 -153 39 -37 -17 86 97 -202 -162 183 -110 -127 -195 173 -155 148 142 29 -66 72 95 -205 44 
TEST 95 ARG:-186 -44 105 114 -241 24 -164 -161 201 161 -95 -27 -135 -110 -239 -125 87 -210 232 -85 5 -154 153 204 -30 121 97 44 -107 111 -187 167 8 -24 214 -175 -94 140 -72 141 -230 183 100 -46 -39 2 -50 -130 137 -33 62 231 -203 35 174 182 242 -26 -66 -82 6 -231 82 206 227 186 -131 61 79 76 38 -142 89 -209 198 -138 -5 169 -193 -31 150 236 -16 -7 -235 -17 -192 -56 149 -77 90 3 -196 234 45 117 235 -1 208 -48 53 138 -168 245 -188 -87 118 -111 226 -207 -237 -117 101 41 -134 -65 -248 202 229 159 163 -103 225 -204 -139 108 -211 -25 189 -98 78 -180 -119 -216 160 216 31 191 213 -116 93 172 -71 190 -41 109 123 92 221 -226 -213 -62 200 -53 30 -176 -118 -146 129 164 39 130 -153 25 -228 -179 239 135 -217 -224 181 23 211 134 -78 179 -100 60 -104 26 15 -233 -223 -45 48 -167 185 154 -151 10 184 246 -212 126 128 -199 58 209 -133 68 203 -15 -57 -28 -182 116 -191 42 215 -183 -81 165 152 80 -23 -106 219 136 -206 29 -73 -148 -123 -6 127 -160 49 94 217 -163 -190 19 170 -38 -90 -114 -244 -234 110 12 124 -11 237 155 139 -10 -121 36 55 212 197 107 -156 104 -178 47 -195 -143 -97 166 233 71 199 -166 -147 205 -8 224 20 13 -93 240 -52 125 168 230 247 178 -14 -238 -171 176 -220 158 81 -185 133 -37 -177 57 180 -157 -36 -124 -214 171 -197 243 -215 -132 143 -79 -42 59 -99 86 84 207 196 -12 113 -174 122 144 210 244 27 -159 77 -229 -218 -128 -19 -152 162 157 14 -91 187 -155 -122 -120 28 -136 91 -222 148 73 -70 -245 -101 -74 21 -205 -173 -172 7 -219 -43 175 37 -247 -88 -137 17 -169 11 63 151 -96 248 40 -13 54 119 -200 1 -49 193 34 -84 -21 69 98 228 -80 241 -184 -227 132 75 -162 102 -225 -22 115 -59 -112 -127 146 -67 -64 -54 -83 50 -69 -2 65 -170 51 -221 4 -181 -140 220 -141 56 177 -29 188 -115 70 194 -32 -40 99 103 106 96 -60 249 223 -189 142 85 -89 195 -198 32 147 -208 -58 -236 -47 -249 -20 173 52 -92 66 156 112 33 -102 222 -144 -86 72 9 -246 -3 -201 67 -76 95 -9 131 -35 -55 -145 64 -109 83 -165 88 120 -75 -68 -129 0 -202 16 -126 46 145 -243 -61 -194 -250 -18 -34 -4 -150 74 238 -158 22 -113 218 -105 -108 -51 -242 18 -232 43 -63 192 -149 -240 
TEST 96 ARG:89 107 95 29 164 137 -183 -184 -214 -44 -157 122 -205 46 -18 -85 63 -112 104 214 167 -248 -41 125 47 133 -100 42 235 -117 -54 -47 91 -39 -52 118 25 102 -68 -76 -115 176 68 110 -7 -4 -5 44 -106 -96 -175 83 -108 -149 241 -97 198 187 173 209 -114 82 -29 -1 6 172 -42 -101 -132 77 -209 228 94 -88 -133 -159 245 -3 234 88 59 49 -220 103 45 -181 -121 36 -153 74 -48 207 150 -206 217 64 21 -120 12 -225 0 73 206 182 117 213 130 30 -195 -79 -237 -28 197 -37 -210 100 90 -224 -62 201 135 -193 -180 -67 69 32 -190 79 27 -144 139 -234 -92 56 -86 34 -223 51 -82 105 225 -59 65 -196 186 -244 8 -81 -222 -147 -31 52 80 -135 -151 -30 -232 -20 -32 -243 -189 140 126 -211 -166 218 -247 132 -171 -167 223 -87 -90 203 146 -65 195 67 53 191 184 248 200 163 61 93 -163 70 -89 -107 -233 -203 -215 -134 -160 177 -103 -158 138 38 23 193 -61 -250 -93 84 188 16 35 -95 215 14 -246 233 -201 -185 -212 178 -74 -119 -202 -162 221 -25 194 1 -26 -22 112 -186 -23 113 -143 97 -16 96 116 -231 75 229 128 180 -127 162 -161 -174 -238 204 -105 13 99 -218 -36 152 208 210 -102 151 247 158 40 -235 -137 -17 58 22 -182 120 31 108 205 127 131 43 -249 143 -35 141 -239 -53 -242 -55 -179 134 249 -71 243 -219 -6 -197 76 33 -8 -236 199 17 101 -152 219 185 -187 181 230 -94 -56 -169 114 216 155 71 66 -199 24 183 -109 156 50 119 -12 39 15 226 -63 -138 -21 157 -15 237 220 -70 246 -155 -84 41 166 20 -118 154 168 239 9 -164 -227 244 179 -14 10 -104 -125 165 175 7 -113 202 62 -240 -177 -245 -216 160 -142 19 -77 -173 -213 -2 -148 -72 123 -98 18 -73 -126 240 -43 -150 -38 115 129 -146 4 121 37 -66 54 147 -111 -241 149 -45 192 -200 -13 -27 -188 -154 -11 92 161 148 -191 142 -80 -78 -40 -46 -204 81 153 170 -168 -217 -122 -91 -116 57 -33 -230 222 -156 55 236 -194 72 196 -50 136 -139 -124 242 -58 -24 -226 -69 -64 -9 124 -141 -10 -131 2 144 -228 -57 -140 -165 87 190 -221 171 -170 5 -172 -229 -51 212 -207 98 106 86 -49 238 227 28 -129 -128 145 -34 232 26 11 174 109 224 -110 -130 -208 -60 78 169 211 -136 -145 -99 159 -192 -198 -75 -123 -178 -83 189 231 -176 111 -19 85 60 48 3 
TEST 97 ARG:-39 -95 94 -90 -226 -113 -124 78 -85 -242 117 -81 100 -165 -4 38 145 84 123 -209 -2 76 -217 245 -229 -203 230 179 131 40 26 -130 181 99 54 237 19 50 -247 137 -106 101 215 -186 228 -62 214 -31 -235 -57 231 -33 -173 -14 16 -170 -27 -167 -45 -41 -249 -15 196 171 139 -192 -10 -97 -187 -19 233 -197 51 -157 -230 7 194 -49 184 193 -134 -86 -194 -64 -99 -221 -211 87 116 -248 73 55 90 -218 -58 -120 44 120 91 -78 -87 -246 -84 -115 63 197 -233 180 88 -178 -200 151 -40 10 213 105 165 -241 195 -65 27 13 177 -12 -146 -80 -46 -32 208 209 28 242 -183 -191 205 6 -136 -172 36 -214 144 31 202 -60 188 136 -161 -132 46 -123 -101 227 -102 -89 82 -73 148 -205 163 -125 -243 -42 182 -148 42 96 110 49 60 185 166 -137 -75 121 -54 -224 64 -52 157 -206 226 17 129 -22 -176 -67 -50 146 -244 161 156 -212 103 189 66 89 243 47 -231 34 -158 -76 186 -5 143 11 -138 122 218 -111 -140 -171 9 -6 109 -204 -55 -30 132 -16 -250 222 -166 -142 -13 162 -177 -135 -179 15 -232 155 -72 241 -82 159 22 -79 -105 203 0 71 21 210 111 -222 32 -26 39 170 119 -117 -83 -47 -24 207 59 142 112 -147 69 70 249 125 -38 216 93 248 97 -184 -199 -164 74 183 -127 -215 53 -141 -196 -51 -110 -98 217 -228 -96 -103 92 147 133 43 -94 -143 235 -91 -198 -9 224 -188 108 -93 95 140 -208 67 57 247 229 3 2 106 48 -21 -3 4 164 -25 -155 -245 -153 -28 -219 -119 14 246 192 239 -63 234 -169 238 -35 12 -77 -53 150 30 -23 -44 114 72 -114 -66 232 175 130 178 134 128 68 211 35 225 -18 212 -151 -156 -237 81 -195 -133 -8 29 20 -37 168 85 191 -74 -149 -7 223 -181 -104 -220 -1 -207 -118 -210 -189 79 172 41 102 173 83 -112 -240 200 115 -29 -116 -59 56 -144 61 -216 -61 -71 236 -174 -128 -150 158 -180 -43 174 -69 33 107 -213 -131 219 -168 -108 -48 206 -152 52 -238 -56 5 -159 -175 18 113 1 -182 199 187 154 -239 23 -223 160 -11 -107 -163 24 149 -160 118 220 -162 -17 -122 169 -68 62 201 -109 77 -121 -20 127 204 -34 -227 25 190 -154 65 -129 8 -139 -126 98 141 45 167 -36 75 37 -225 124 135 80 -190 -234 126 -201 -100 -202 86 240 198 104 153 -236 244 -70 -185 -92 -145 -88 152 -193 58 221 176 138 
TEST 98 ARG:-94 -176 122 -185 200 20 140 197 111 61 -172 -208 92 17 240 198 58 209 188 123 -59 -133 -219 -168 -49 -36 -87 -66 -83 -86 -186 -20 134 -177 -118 227 -169 115 -132 167 -54 -17 18 -244 -164 91 168 120 169 135 -159 86 -40 -112 -7 179 150 40 -2 191 -76 -34 -31 207 205 237 88 136 -62 -124 249 142 -104 124 -166 -227 216 -67 244 225 -5 174 -231 -92 230 -162 -81 -158 137 -44 -195 -14 -187 -119 118 193 231 -82 202 235 11 186 -101 -189 -149 247 1 -97 -236 -215 50 -170 -190 234 -41 81 -95 228 132 -6 5 -45 35 -235 130 -52 -21 117 -123 129 -143 71 9 164 206 -178 160 148 107 -10 53 -154 184 -33 -200 -128 127 46 -130 154 -70 121 190 232 56 221 -171 -75 -211 144 126 196 241 -161 14 -129 -9 217 -193 165 98 113 -145 36 214 212 156 32 -32 -247 -202 0 108 106 84 -183 -35 -153 -140 192 236 -107 -113 -23 47 -56 125 34 -73 73 54 171 -173 245 -30 66 131 -179 -175 96 69 80 -242 153 93 -221 -206 -239 85 -24 -125 -38 226 -4 -150 102 -204 -144 -152 105 -84 189 -116 172 -137 100 -198 -249 -8 201 -69 112 37 218 -11 -96 203 -232 90 -217 83 213 25 87 -110 -80 -203 -42 -194 -18 94 239 -111 -43 128 -103 -191 166 78 68 246 -182 4 -160 157 -50 19 -229 95 -115 13 -126 26 -135 182 116 224 219 -174 147 -155 21 248 199 -15 151 57 110 -64 29 -238 114 -220 27 52 -89 215 -146 149 -226 -127 119 -106 194 -22 211 -13 -184 -225 67 161 31 109 238 -241 -157 -47 -246 170 -142 139 28 -163 180 223 -201 243 6 133 -240 49 -63 -243 -237 55 76 -134 -72 -188 -37 16 7 77 -91 -224 -223 -79 -165 -19 -39 72 -3 -29 -121 65 -12 -46 175 75 44 -207 -16 -117 -74 178 -230 -205 3 48 -53 60 152 -181 -228 176 158 30 -250 -90 -85 220 177 -212 -55 24 -88 146 -148 62 -214 99 -93 -234 -28 -248 -136 74 -218 89 -105 -167 -147 101 -199 -222 -100 -25 -213 104 185 173 -58 22 33 222 39 204 163 79 181 -197 143 -138 233 -139 41 -216 210 208 45 -120 -27 -156 -48 70 -114 -77 183 64 242 12 -210 -98 -131 -122 -151 43 8 38 162 229 63 42 59 23 155 -61 -108 -196 195 15 -51 2 -233 51 97 -57 -71 -99 -65 159 141 -209 -192 -68 145 -245 -102 -1 -26 82 -60 -141 -109 -180 187 103 10 138 -78 
TEST 99 ARG:-58 -39 10 173 208 185 206 131 -150 -98 -148 213 204 -34 30 216 -219 -19 202 4 -180 -100 141 -120 -177 235 -109 222 82 -112 76 -140 -79 -206 -101 162 221 -200 121 -241 -151 249 132 104 92 91 32 66 -152 26 -106 209 6 43 -136 -143 -229 12 125 34 226 -155 -108 -31 174 -104 211 -187 179 -162 228 -137 20 16 1 87 -144 -72 -244 154 -192 -14 -40 -186 170 -154 -167 -99 -163 176 -115 -105 -185 -201 -212 -86 -84 -178 112 -77 -5 -96 13 -44 -122 215 -89 45 161 178 81 -246 38 47 243 193 -83 217 -70 35 -173 109 48 67 137 201 -135 220 241 -117 171 -12 -184 -207 50 -21 -13 83 -64 -166 -82 140 -204 -172 -164 -141 -126 -235 96 -209 9 -216 -239 111 116 -2 -94 -93 -102 -189 -61 -174 175 134 -63 -26 -181 105 -67 -47 -85 -56 -103 -23 194 195 31 51 -43 150 -129 172 74 -211 -199 -48 -113 99 -213 244 -118 160 230 184 246 -168 147 -38 -247 -57 60 227 -20 -125 -46 93 86 -97 -73 8 225 36 124 192 63 -60 -226 -179 88 -188 49 236 18 158 -4 -238 -91 -111 -161 108 -55 -214 27 -65 -160 64 65 163 182 165 199 -32 -243 -196 151 -78 231 40 -208 -220 -50 53 -87 101 153 22 130 24 73 56 -236 247 39 -250 -8 -52 -16 -18 55 72 237 -59 -11 15 180 157 223 61 -157 152 85 -15 -76 52 -169 -132 -24 232 -75 -53 37 89 -35 -1 -3 144 46 115 -80 -74 143 -107 100 248 135 -28 -149 239 142 70 95 42 -190 -193 -215 -42 -17 119 189 -124 -182 -159 80 94 113 233 -88 148 54 169 -69 -123 0 -222 71 -29 -165 214 -127 -195 103 106 84 238 -139 136 -156 -230 -71 -49 219 -158 -22 186 240 -130 -233 138 -242 -234 98 242 -66 -142 -217 -221 -197 155 -249 164 -25 139 -81 -153 78 196 210 -30 5 212 -194 167 97 7 183 75 197 -51 117 -146 -232 -95 44 -110 23 14 -231 114 133 -33 -27 -225 118 200 -218 11 -227 -170 -203 -68 -41 188 205 166 -191 58 107 -175 191 -90 -248 129 69 -134 68 -224 102 -198 224 -6 -133 59 90 207 187 -45 41 122 17 19 -171 -228 28 145 29 -37 -240 229 -9 -138 156 -223 57 -202 -145 234 -114 -245 2 190 168 128 177 -237 -176 149 -92 245 -119 33 21 123 110 -116 25 -7 159 146 -36 203 -205 -128 -54 -121 -10 120 126 3 62 127 -147 77 -62 79 218 -210 181 -183 -131 198 
TEST 100 ARG:-26 -87 128 -162 152 28 175 210 -174 72 -23 88 184 -178 -92 226 -139 83 -130 130 -81 -18 237 6 -222 216 16 103 -223 133 190 -143 60 -46 -114 -201 196 80 20 -47 147 -215 -120 33 -24 -110 42 129 235 116 -171 127 -2 141 63 -141 58 131 -13 30 -50 -202 32 -148 -38 -100 -125 92 48 -179 -206 31 -191 78 89 -62 170 165 -123 -25 81 156 -97 239 62 -145 -64 -219 -147 -242 -60 -187 0 -42 50 99 -150 -101 164 -78 -112 -11 -21 -247 27 177 -217 -227 38 -213 24 140 -170 -239 79 213 10 188 -44 -126 -249 100 -103 122 98 -19 -95 234 -225 -224 115 96 -154 7 -140 207 -237 64 -89 -180 -233 202 -37 204 -197 -80 -56 -194 217 -167 -228 -73 -220 3 -106 44 -54 25 75 -189 225 138 17 -109 41 172 -17 169 -59 -204 113 -71 76 -226 -115 126 22 125 18 -51 150 9 222 148 56 212 26 94 -221 -122 65 -159 -6 -83 248 186 -218 194 45 124 167 229 157 -128 208 199 -198 -70 -41 36 -58 -113 -216 144 49 19 69 13 230 173 -40 151 2 -214 -107 209 110 -53 -67 -163 -127 -30 143 -243 68 51 -16 211 77 -166 -105 74 8 -173 66 -79 -86 153 112 109 95 14 -63 -43 55 -85 -203 -248 -136 -210 -196 -138 -124 -119 -108 -208 117 215 4 12 240 -45 119 -36 -77 5 -250 52 231 -183 220 -165 -27 -93 244 -240 11 82 -235 178 -1 90 137 -31 228 108 23 139 142 -161 121 -188 39 -104 -72 154 236 203 -82 -229 -48 -68 -190 218 249 86 15 -3 1 34 -75 -177 118 -10 -99 -52 84 -152 -156 159 -211 232 219 246 -39 -55 43 -137 183 123 -181 -146 -172 223 -91 182 106 -34 -168 -35 145 135 -49 -155 46 192 -245 53 54 -116 -84 107 221 21 -96 161 174 73 -111 -15 -186 -129 -144 -102 67 -9 71 134 29 243 -76 -65 -200 245 136 -20 205 187 104 -175 -153 242 -184 114 -192 -157 233 -207 -88 -151 -28 -149 -193 200 176 105 195 47 70 -209 166 59 -118 -69 91 -232 -185 -132 -33 -135 158 -61 -5 191 -234 111 -241 85 201 -7 -117 -199 -205 -8 93 -134 37 132 87 197 101 -131 -57 241 160 162 206 179 -246 185 57 -244 61 193 -66 180 171 -29 102 189 181 -142 -121 -98 -22 227 40 -164 146 -158 198 -4 -12 -231 224 -236 -32 155 -212 -94 -195 -230 -74 -160 -169 -14 -176 120 -90 214 -238 247 238 163 97 149 168 -133 -182 35 
TEST 101 ARG:53 134 -200 -242 164 246 -212 -62 -2 0 -146 185 174 200 -232 -57 -248 -241 -75 -175 -86 27 36 135 47 229 247 -243 -222 72 26 -127 153 -131 131 -216 -235 56 179 61 249 40 97 171 -76 -38 -96 -114 -238 -98 37 16 31 48 4 -24 203 63 3 -50 -69 30 201 167 -211 142 -174 117 -87 170 51 -32 -176 211 -129 242 -149 -3 -63 188 43 156 -60 -68 39 -223 25 -172 -4 -233 -116 -36 92 57 -104 -95 136 35 95 13 212 -182 70 1 -239 120 -161 28 155 -250 22 193 140 -217 -1 -46 122 186 112 -228 -42 150 -201 32 12 -108 -186 17 -125 -23 195 147 -71 -29 -185 -52 -168 -137 -20 -151 207 126 168 -37 123 -162 -19 -33 20 -70 192 226 9 -85 132 -145 119 205 -156 50 -120 -55 -225 69 -244 -107 21 173 96 -214 -234 -171 -236 -54 24 100 75 -5 222 -210 216 -135 -142 220 -8 -194 -154 42 106 -90 7 -183 -17 104 -170 116 -35 109 -73 59 -119 -177 114 198 -226 99 178 -136 -14 -187 -99 102 236 141 180 -89 217 79 -246 23 -189 -12 -128 -158 189 -65 113 82 -153 107 115 -147 -204 165 45 -113 81 -160 -115 118 -97 -9 -67 -18 58 235 -7 -140 8 204 151 -111 -240 49 -40 163 38 144 243 129 -26 -159 227 80 -15 5 19 -224 -206 -64 199 -117 103 -220 29 -39 225 127 206 -13 138 -221 128 125 -66 237 -43 -51 -61 -229 77 -202 162 214 88 -179 -56 -22 -173 159 -126 -79 -178 -167 248 234 197 -143 -122 160 -105 -163 -94 -192 -106 -77 -48 108 -80 202 65 146 124 231 -88 44 -209 60 133 -47 86 62 -83 10 -230 152 209 -93 -6 64 240 -123 -100 143 -197 18 15 -59 169 157 230 -144 6 101 245 -44 -155 -74 -103 137 -157 111 -130 -118 244 -41 -193 -164 71 -91 -92 -237 -121 196 73 191 158 -150 -16 33 91 241 -27 -78 94 -169 78 148 90 -205 215 175 181 176 -10 -25 154 105 130 -30 -208 68 74 -133 -101 54 -181 -247 11 -219 172 238 218 -139 83 232 219 -45 110 145 213 76 -207 -191 41 182 228 85 34 -134 224 -102 -11 -53 -31 -138 -199 -184 -188 -215 98 183 -141 -198 -166 -152 223 -148 52 -249 -82 -245 66 121 210 -110 -81 -218 166 -180 194 -34 -132 184 67 149 -190 190 2 14 -195 239 221 -109 -231 -58 233 -49 161 -112 208 177 87 89 -203 -165 55 -84 187 46 93 139 -227 -72 -196 -28 84 -124 -21 -213 
TEST 102 ARG:223 -81 57 111 58 43 205 -247 -91 105 -198 98 190 46 36 135 -36 15 -125 121 -65 117 -115 183 -227 170 -239 -231 207 177 162 55 80 -48 -120 -168 193 -38 163 195 -113 -177 -30 155 76 -119 88 -230 18 4 114 -123 86 2 -145 -205 228 103 40 -179 113 -26 -67 -70 -25 12 -204 154 174 -133 -132 66 -215 -64 -181 143 -131 75 32 -105 47 49 -136 -154 -117 92 189 211 72 62 -223 -86 -206 -232 -110 56 107 203 -17 87 73 -222 41 -2 -68 -126 -98 -196 -107 -207 -78 209 -88 -35 234 -114 94 -100 -83 218 68 108 -185 19 126 61 65 14 136 149 -51 -101 9 217 -249 -224 159 142 -175 84 29 -85 59 99 42 188 -219 -24 44 -50 10 -244 -213 -211 13 -69 131 204 -89 -194 67 240 -80 -41 60 -163 71 116 100 -139 -191 -11 134 -180 81 160 7 182 11 181 178 50 -212 -37 -3 -218 -228 -4 -184 213 243 -137 138 206 -1 5 -199 119 -220 225 -243 -182 74 -201 8 3 196 24 -44 -75 -153 16 -248 171 120 -167 -152 21 210 173 -5 48 221 179 123 214 -229 237 102 -82 93 -9 -146 -59 -45 -57 227 -170 127 -148 -210 236 -164 23 -161 38 -134 89 -63 -246 17 124 230 -10 45 -141 -150 -39 137 -189 -77 -87 -16 -192 198 -157 167 -203 -135 82 -111 -233 -165 -147 79 37 -142 125 -208 28 215 -116 -238 83 -31 33 208 -29 -124 -32 139 -106 220 -166 -42 -245 -109 -121 -54 30 -74 212 -151 -176 -52 -76 222 -217 242 245 -242 -18 101 -102 201 -47 151 112 1 -15 246 -241 194 166 185 219 96 -7 -214 150 64 -55 39 -155 -130 -112 -171 130 51 216 54 -138 156 -236 118 -53 -33 -158 -94 -22 -90 -66 -160 244 129 -12 109 197 6 -27 -58 -129 63 -60 122 -72 241 192 -49 -188 -197 52 -186 -28 22 145 -162 165 -79 -156 184 110 -127 -13 168 -195 -73 133 70 144 191 85 -183 235 -235 -221 -237 -43 34 233 -93 -8 106 78 26 -92 -122 132 -97 -178 153 200 -234 27 187 91 -240 31 152 199 25 229 115 -96 -225 -169 -140 172 232 -34 -209 186 169 -46 -95 239 -200 -40 -128 140 238 128 -143 -21 175 249 224 -56 -174 -118 226 -84 0 180 20 -193 53 -159 -20 -190 77 -149 -71 -226 141 -172 -99 -108 -62 -6 69 104 247 176 146 -173 -187 -104 -216 158 148 147 231 95 -103 -61 202 -14 248 -23 -144 157 -250 164 97 35 90 -19 -202 161 
TEST 103 ARG:210 -26 169 -249 -211 237 -243 167 -137 -114 -153 0 212 -69 -167 -124 10 -181 -38 -13 189 -85 -190 -115 -79 7 173 -207 -61 226 -174 65 145 -106 57 228 124 -149 -121 -80 36 100 249 130 -175 35 -3 95 -125 13 -169 -227 126 -76 -47 31 239 53 -6 148 4 -239 203 86 -147 135 -171 61 -113 -20 -1 -48 -18 245 60 -77 -10 231 47 72 -55 120 -78 -134 -132 52 -71 12 76 77 -12 -44 216 -236 91 -145 114 -200 92 -139 -126 -14 19 179 -193 -51 79 -72 -156 -101 -81 28 168 51 -204 178 -103 -216 70 -73 90 -45 -58 190 227 211 67 -192 42 -62 -59 -7 -110 152 99 -56 116 172 55 -172 -187 -235 -186 -42 -130 131 -196 185 125 49 -178 82 -230 -119 236 -28 223 -27 -94 206 15 -39 96 -157 -223 68 -229 -170 -24 -234 -197 -49 -221 191 160 97 219 -215 85 121 16 164 75 213 194 8 59 -99 -160 156 105 6 242 -21 146 171 -136 -199 -180 -66 -74 84 -11 143 2 220 -219 38 -154 9 80 3 34 202 200 -16 39 87 -161 -67 66 138 -168 155 -159 -60 129 -122 69 232 122 -220 -191 -86 94 150 -231 45 50 -90 17 101 108 244 240 -22 30 -173 -50 174 29 56 -87 46 205 23 -205 -89 -17 -151 -108 -46 142 -57 48 -98 25 -107 102 -228 -188 -116 199 106 -102 -250 198 -185 -233 -109 233 -35 188 -194 104 111 161 -118 -232 180 -203 22 -138 -183 187 -82 -184 11 166 222 136 -201 -224 26 246 -248 -143 -105 241 63 -9 -206 238 132 -133 182 -128 -179 -225 -65 183 27 62 -241 193 215 14 73 -222 -244 -142 214 224 58 159 -237 -189 -100 -217 -111 -32 134 217 149 33 24 127 218 163 -209 -117 -75 158 128 5 -54 -165 -164 107 -208 -2 -218 186 -213 -146 -25 113 139 -33 -166 -141 -70 165 -83 -31 -246 112 137 209 247 208 -84 -36 234 -30 64 -63 133 -214 -195 -37 195 -202 170 -96 -176 -52 -5 -68 -93 -238 -4 -242 153 225 -226 -148 109 -155 -129 248 88 117 110 162 21 115 -198 196 192 230 -163 -210 141 -162 177 -8 -97 -150 229 -53 -247 140 -88 -120 119 -64 197 -140 -34 -91 93 -240 43 89 -19 18 37 78 54 207 -212 -158 -29 157 103 123 98 -135 40 -182 181 204 -40 147 74 44 151 -131 118 154 32 -123 -15 71 175 -104 -41 -92 -43 -177 -23 235 -245 81 1 184 144 20 -152 -144 -112 -127 221 41 201 83 176 -95 243 
TEST 104 ARG:-222 219 -81 -104 145 85 -53 120 -52 -130 -44 14 193 61 72 -219 -58 -8 -73 -86 199 155 -215 29 51 -183 -82 36 89 -62 -225 76 214 109 178 -248 -170 -156 90 -249 169 177 -97 -95 -223 -42 188 23 106 -187 -230 -64 -33 -128 -77 226 248 -191 -134 -55 -111 -126 -84 -36 -121 150 143 235 -5 -91 -27 -23 -17 44 -167 -149 56 -9 -107 -39 62 -110 -49 -21 59 -202 -193 84 231 77 159 167 -169 -37 162 -20 142 157 -66 -182 22 -221 -30 13 10 -237 17 -178 129 191 -177 172 6 -102 168 -214 -69 32 -195 163 173 100 -94 -109 218 -180 -204 198 73 18 183 211 202 83 30 -140 -47 11 -203 239 39 113 86 4 -99 -34 244 92 12 137 48 -76 237 -159 94 19 187 -6 230 -96 99 180 179 -60 206 -189 115 -57 149 208 66 -216 147 -65 -206 247 111 232 55 204 241 -115 -153 0 28 -71 -227 -13 192 -88 112 -234 -15 148 -151 31 114 222 -87 224 185 201 210 234 -92 -98 -124 33 49 97 -26 -142 5 -4 15 -38 229 -72 132 -160 -11 -63 105 57 -35 -83 -141 -85 174 160 -242 93 -3 24 -148 223 96 119 -161 -89 -172 190 20 158 37 -122 110 60 -137 -194 40 -70 243 161 170 -123 -186 -114 134 70 141 128 -135 53 80 -207 -205 -2 -212 -93 233 -40 -224 -164 220 154 -90 -129 -175 -120 -139 -184 -244 -14 -144 -240 138 -131 -78 121 -220 87 -162 -103 -10 171 -173 104 -209 -218 -31 101 -43 -16 197 -119 -157 -118 176 -196 -12 -150 221 88 98 -236 16 -28 164 -116 -198 -231 189 238 182 151 41 91 -208 42 -45 -213 135 -229 -176 107 -145 7 65 25 166 225 -181 9 58 -188 213 228 1 216 -200 -101 -235 131 156 215 -24 -127 -192 144 -245 -132 246 52 69 117 118 -68 103 -166 140 64 67 -59 -56 -250 240 -211 54 82 -125 -22 133 71 -154 -50 -112 95 8 -238 43 165 -80 -79 -243 -25 -190 -174 -179 -74 -117 181 152 127 -201 -108 -136 -146 200 207 184 -143 -46 35 227 -158 -54 -147 81 -7 -185 -48 -51 -247 249 209 -165 102 136 153 47 2 130 21 63 -133 125 38 108 212 -19 -197 3 34 123 -138 186 -18 -232 116 75 -239 -226 -105 -246 -100 50 74 -155 126 -67 -228 236 -61 78 175 46 -199 -163 -32 203 139 -241 -75 -210 27 146 -217 242 -106 205 -171 124 196 217 26 -113 -41 -233 -29 122 194 45 -1 68 -152 195 79 -168 245 
TEST 105 ARG:-33 144 87 -140 -24 -144 -105 -109 198 105 232 2 90 25 244 -181 19 246 39 205 181 229 31 115 188 -235 155 -228 -86 184 -192 -147 247 201 236 -28 227 146 145 -194 -146 38 193 74 21 9 -185 48 103 -184 -166 -124 -193 70 -237 -83 41 -81 233 240 86 -79 106 78 -30 32 -59 99 114 17 42 84 -73 113 130 160 -95 55 178 119 -116 -96 50 18 242 219 -61 195 3 237 -221 127 -139 -160 -71 -52 199 -54 -156 192 -80 72 -137 23 96 -82 231 183 -5 -183 -94 -90 -215 128 204 -34 -66 -130 -76 197 7 1 -122 212 58 73 208 228 -87 -123 -171 220 182 223 65 169 -142 -120 -241 80 24 -161 92 -211 -129 27 5 64 211 132 -56 100 149 -36 158 -44 163 138 -168 -225 -245 -188 -151 147 63 -249 -214 -197 52 -85 -226 101 153 -53 194 35 53 93 139 -6 -233 -138 131 77 -70 148 150 -42 -191 161 143 -57 -169 0 -170 245 -58 226 -155 -159 121 135 -176 -75 47 191 -35 -242 -248 230 28 202 68 -206 -63 -106 -65 243 -136 -98 186 -114 98 -55 -204 159 166 120 -240 -9 15 -218 66 14 62 95 124 116 -113 -72 224 177 37 -200 40 -127 -18 -48 -27 81 20 82 4 36 85 -198 -231 -213 213 162 187 83 218 168 -179 248 -43 -115 43 71 -133 -84 173 45 -93 6 -13 -250 -41 196 -212 -89 -162 -209 94 -99 -49 11 221 172 225 110 -234 -189 -207 69 -64 -51 222 -4 -32 -40 -178 -165 -227 -2 -19 136 -143 -92 -157 79 141 -67 -38 -243 -1 176 104 142 51 13 -3 -246 -68 -102 152 -26 -216 206 -29 185 179 -21 -190 -141 -31 -186 -175 -125 -118 -173 -100 -47 67 8 -107 30 -208 -12 -23 29 -17 137 109 157 -163 133 112 -110 89 -134 -154 126 12 -217 -205 -69 59 -224 -180 -145 -201 -172 203 61 200 151 167 165 214 235 -39 241 16 -229 -108 -210 -126 34 44 111 156 -196 -220 -128 97 -195 -167 -74 170 -20 56 174 215 26 -222 76 217 33 -203 -16 -60 -10 123 -239 -158 -199 22 134 164 -62 -119 -131 -132 -238 -187 -112 125 75 234 239 -244 -202 -7 -37 46 209 -117 -111 249 -22 129 -25 -11 108 54 91 -152 -8 -149 -77 -46 -135 88 -103 118 -164 107 207 -14 -78 10 154 -230 238 -148 -236 210 49 -219 102 -177 122 -121 60 -150 175 171 -104 -232 180 -45 190 -247 -15 -182 216 117 -91 -223 -153 -97 189 -174 -88 57 -50 140 -101 
TEST 106 ARG:88 -133 -167 96 62 -155 -102 243 -245 153 -215 60 -246 97 206 134 -45 223 203 -26 207 33 66 45 -148 162 -178 224 152 -84 -142 -151 -106 116 -250 179 24 -222 -38 25 114 181 41 143 230 -202 170 242 -116 150 90 -159 -196 -53 -68 239 192 -207 -71 237 0 -166 238 -88 89 5 151 -16 -139 240 -136 233 215 247 166 -170 28 195 117 189 48 -50 -31 -20 -179 -227 125 -158 104 205 -54 -181 -173 -241 19 218 -236 -48 7 -34 83 -2 95 9 161 -156 11 158 156 123 -188 -89 -210 -62 -249 -86 245 -18 -44 26 -3 228 4 22 -72 16 -191 136 -199 145 -94 84 99 -113 8 235 68 171 -200 27 -124 -239 190 -206 148 2 -63 -43 -160 -111 157 -198 198 187 216 -21 -176 -204 -5 -235 234 128 -213 -154 73 31 75 43 155 -30 3 -29 -80 94 -153 87 -25 -214 -42 -105 -185 80 -165 172 44 -125 79 164 74 -230 121 98 -183 -145 -112 213 67 248 54 -224 -248 118 109 -69 -197 -211 -164 202 -47 -104 -115 -229 -177 185 -35 -14 200 -150 -98 102 167 21 -233 -223 -61 -99 147 135 -79 -23 182 -78 76 144 -24 -76 186 -221 20 141 -15 -51 12 -55 188 -8 139 227 174 163 -132 -174 -11 23 119 -217 194 -109 64 55 175 126 103 -138 35 197 -231 249 14 38 -17 93 226 -126 -95 -146 -66 244 70 110 124 221 232 6 63 -134 208 127 184 173 212 -147 -135 -52 193 37 -107 225 52 36 -192 -13 100 -49 -22 154 130 29 -243 -180 78 -184 111 -171 -162 -81 -234 196 140 -93 -130 132 56 -7 -41 18 86 61 57 13 72 146 131 -129 142 -232 42 -120 209 115 120 -10 -187 71 -100 50 81 -114 -39 -12 46 -19 -58 -168 -163 39 -140 138 112 -203 211 199 -4 -56 -28 59 -87 229 -101 -1 101 246 -74 -242 91 159 165 -119 69 -240 10 30 -118 204 177 53 -90 122 -219 47 -37 -70 219 51 -193 -122 -9 -175 -209 -141 -57 129 191 -205 241 107 -169 77 -194 137 -92 -40 -96 178 -152 -59 -237 17 113 106 15 -208 -216 -149 -157 32 -201 -73 236 -67 231 -60 -144 92 -27 168 180 -238 -128 -137 169 -123 -220 -117 -82 -195 -46 201 108 1 -32 210 -121 -131 -110 -247 -83 -64 214 40 105 220 -190 -127 -75 -226 160 -36 -97 82 -218 -33 -77 -65 149 -103 -189 -182 -108 58 65 176 -91 -161 -85 85 -228 -212 -225 222 49 -244 -186 34 133 -6 217 183 -143 -172 
TEST 107 ARG:106 -163 167 4 6 -65 99 -18 186 104 -192 184 -205 -38 151 32 -204 -94 72 -152 -189 -12 -169 -73 -107 -19 -126 -92 -234 -231 -80 219 44 -201 -116 -4 164 -193 58 74 17 -37 154 -21 -74 192 84 117 119 -101 -102 -136 171 -53 27 42 24 -119 29 -222 -211 133 173 185 35 -244 31 126 -164 -33 148 -20 61 81 -188 -165 -138 -141 209 190 -241 -191 -35 -25 70 50 -160 -217 -16 -167 222 -41 91 -82 -220 242 63 96 146 -184 -149 -232 -28 138 -124 -23 -206 -46 220 -214 142 19 -246 241 -122 236 -104 101 41 -98 125 38 77 112 57 -177 203 231 93 10 67 153 -129 -58 -161 -49 -95 -64 194 -118 224 -213 -54 68 149 234 79 -175 135 -151 -83 -115 -157 -70 205 55 162 -24 2 195 -45 -97 -131 -166 -42 -86 -242 232 -250 -227 -32 -76 -173 -243 172 -36 14 169 9 179 -108 40 -13 -223 28 -240 78 -113 163 202 -26 -11 -88 118 -7 -84 -200 165 206 -57 157 -186 -171 3 -238 226 233 -147 -218 193 97 -235 212 -150 -128 -103 48 156 197 175 103 -230 -228 189 16 59 34 -44 247 141 1 -210 -176 114 52 -10 204 -174 199 23 -168 62 83 -77 87 -96 -8 80 98 -78 92 128 181 7 -146 -106 -31 144 -61 155 -56 -229 73 -125 213 15 -140 -5 227 37 221 145 -139 -221 13 53 46 211 64 -198 21 -52 152 249 -91 237 -179 88 51 239 75 71 89 132 248 183 -15 -75 82 -154 65 -68 -219 -156 134 187 115 95 -63 0 -172 -111 235 147 -196 -208 107 -22 56 -233 -90 176 -199 -110 246 -181 -99 5 -60 -127 182 22 18 60 -34 -178 -27 -50 -155 223 225 -17 -89 230 -236 -249 -215 -132 170 -66 102 -134 -133 -212 -9 11 245 238 243 -100 -72 215 69 113 244 -182 -112 -170 123 150 -159 -39 201 105 -43 33 -62 -14 122 109 -67 85 177 124 -225 -202 -237 94 90 8 -59 45 216 -162 -245 -55 -117 39 -135 160 196 180 -190 -209 -247 -47 240 54 166 -71 -1 130 -143 120 76 143 229 111 -114 43 174 -194 -216 214 121 -142 -40 49 -207 -121 -248 131 -144 116 -123 -130 159 228 30 200 -2 217 -137 -3 -183 -153 -180 137 -203 210 178 -105 25 140 -87 191 139 -158 129 127 -109 -79 20 -51 12 36 -226 -69 66 -48 208 161 207 -120 110 -224 -29 188 100 -197 -85 218 108 -93 -195 -187 47 26 -185 -30 -6 168 136 -81 86 -239 -148 -145 158 198 
TEST 108 ARG:129 -31 157 -219 -3 27 217 -48 -20 187 81 77 -182 -90 234 -159 -146 -245 -250 -187 -76 -51 241 230 232 -22 12 -55 106 -139 139 182 0 -112 -196 166 -153 155 61 10 -130 152 -97 45 -7 142 246 -144 -243 109 177 -195 -53 228 -137 143 185 112 123 199 34 -238 -203 -179 107 -147 100 -61 60 -228 -37 -158 -161 -157 -1 160 41 -207 -208 68 -136 132 -135 -41 162 188 -140 169 -23 194 247 -152 110 -126 92 239 -110 -104 -75 -180 -56 144 -6 -95 66 -116 87 30 245 -122 17 -45 84 -36 -143 37 -24 59 -13 4 88 222 189 -9 214 213 62 80 -128 122 -239 -191 -73 -189 24 223 -42 186 97 133 -91 125 -17 53 -25 148 -63 240 135 180 242 -28 6 128 19 -52 249 -231 83 -67 23 21 73 -188 31 16 25 18 209 161 -100 -132 153 5 -107 26 -181 -18 -134 99 64 -167 -59 191 -244 176 -205 165 -19 190 35 -10 120 173 -85 -33 -16 181 -248 229 -78 -185 -105 93 -204 49 127 136 137 -72 -80 -217 -47 178 244 -163 -176 225 -149 219 174 -38 -11 236 218 -49 43 89 147 233 158 -235 108 -174 67 124 51 -83 48 -64 -34 9 171 -170 -177 -233 167 103 170 235 -156 -199 -39 134 183 91 -213 156 126 -234 211 36 52 -86 208 -120 -169 -164 118 -141 -69 76 -206 101 -103 -125 14 -113 -106 63 -27 -101 226 -66 -111 3 -35 47 1 72 198 -241 54 -160 -21 -102 -173 44 -131 -166 -89 164 -70 115 195 22 -186 243 179 -50 -30 -225 -8 -175 -150 150 -54 216 50 -192 151 -5 -172 -84 -215 237 114 2 85 117 102 -224 -43 -15 141 -108 -246 -194 184 -82 -240 154 38 -230 -162 70 -88 -71 -32 -12 220 -26 -221 -198 -223 -168 138 20 55 193 192 -148 -115 -145 39 -117 168 -211 -171 111 -133 -210 163 -99 119 197 -40 -94 -2 149 116 74 -119 -118 -201 -227 227 221 15 238 175 86 57 -14 -249 -200 131 32 56 -216 145 96 113 215 -62 -124 172 -218 -65 -232 -193 65 130 -184 -154 -109 -58 71 -129 -127 146 -202 140 -29 -226 -87 -96 204 200 42 -77 -4 -209 207 -237 210 159 121 95 -142 -165 33 212 104 -212 94 -44 -138 90 202 78 -242 29 -214 79 -121 28 58 -74 -151 -79 8 11 -222 -114 -123 75 7 196 201 82 231 -183 -57 69 105 -81 -68 98 -190 -93 -178 205 -197 -155 -98 -236 40 -92 46 -229 206 -220 13 248 203 -46 -60 224 -247 
TEST 109 ARG:216 59 79 249 -193 -62 94 29 181 -7 -232 57 -190 -140 30 116 172 43 174 -90 -102 140 145 -4 125 -196 -20 -52 214 107 80 194 162 240 206 192 -127 121 -78 90 -180 1 -70 -41 -30 -65 142 -9 -124 166 -8 -204 32 14 231 22 102 -55 89 -53 -108 -208 -138 237 222 -126 110 -107 179 -87 227 -230 117 -116 -212 111 -74 -198 106 36 -175 -141 245 49 104 -157 224 54 9 -172 223 -148 26 -58 -161 -5 -14 20 183 86 -143 -149 -218 -240 169 -15 204 -73 141 146 -144 134 -241 -130 124 -158 135 200 233 -79 -135 -63 -118 70 -160 50 8 105 -185 -167 6 238 241 58 37 -154 196 128 -69 35 -249 -209 190 215 -111 68 -173 -132 42 115 170 -61 71 95 -109 -117 235 123 225 19 -155 -26 -22 153 -64 -114 -131 -97 -243 24 -81 180 100 55 203 -233 -224 91 132 147 -242 28 -152 72 -247 221 51 38 138 127 -36 -164 -136 -162 -210 -82 -184 -71 -181 -43 -42 171 -129 -98 -113 -183 -44 247 -213 78 -250 -201 -84 -29 -200 186 -219 -80 -6 173 3 98 182 -227 154 11 87 -203 -194 -25 -3 -66 -166 -220 -237 -56 -18 77 23 211 230 160 83 73 -211 12 65 101 175 -176 -170 21 226 239 -94 -150 -169 -119 -1 -40 -151 10 -45 236 61 126 -32 163 33 177 82 -28 56 -50 -214 143 93 -99 -191 103 158 39 -192 197 60 193 -85 -197 -182 52 178 -122 34 -188 53 -207 205 219 229 -244 164 187 131 -239 44 -228 -165 129 -159 113 -101 130 234 -2 -12 -24 -37 213 -238 -222 -33 -16 -86 -38 18 76 99 210 -171 67 13 208 -187 118 -195 84 112 137 -226 120 -236 -145 -146 -168 -46 -177 228 85 -51 136 -178 -123 -19 -133 201 244 -248 -27 114 -215 -105 161 155 108 -77 -179 157 2 152 -225 5 45 220 176 -96 15 122 195 148 75 -67 -89 -104 -121 144 -153 109 168 -11 207 198 -174 -199 -34 31 -100 199 165 242 -139 150 -205 -206 248 81 -216 -17 -221 74 232 184 96 139 -75 69 -83 -147 -120 -21 -35 -128 97 167 212 -202 218 -186 185 -235 -59 149 27 -125 48 -217 46 -106 88 -76 188 -57 66 -112 -23 -47 -93 217 4 -91 0 202 -95 -39 -92 -137 16 -49 209 64 -142 156 -115 159 -110 246 119 -13 -31 189 -54 243 -246 151 47 41 -103 -231 -134 -223 -245 63 40 25 -10 -234 -189 -163 -229 7 191 -156 62 -48 -68 -72 -60 133 17 92 -88 
TEST 110 ARG:-34 -176 -5 -43 -154 -18 -109 -21 -14 46 -202 -205 224 -81 187 -194 -25 -189 -180 171 -161 -73 -183 -63 14 -71 -230 -50 25 -242 -241 102 -77 30 122 70 -136 65 9 -210 89 207 45 -88 81 -93 -104 -86 222 29 -45 148 -171 87 228 117 -235 147 -143 47 -31 69 123 -11 188 -91 -96 -170 22 93 113 215 225 26 248 156 -29 -108 -27 115 -83 -69 -79 173 136 -74 -172 -247 32 111 77 -160 127 -145 152 -6 -135 107 -28 195 119 -237 205 167 -227 210 196 94 54 -148 209 4 -57 -62 -76 -7 76 208 -115 162 194 204 180 -164 154 237 -82 203 169 -32 110 220 -124 142 143 -166 -24 138 -1 -3 -149 6 -190 -80 -59 -129 124 -187 232 126 -207 23 -233 38 164 -121 -236 132 103 246 78 150 -232 -94 135 42 -112 178 -226 16 -66 -67 -155 -46 13 182 -117 -105 -144 -142 217 90 -87 157 247 67 39 -114 198 3 176 -220 68 -41 170 5 -116 185 109 231 -132 192 -200 -206 125 2 -192 -90 -203 -195 -199 -2 -185 28 -130 -209 -127 98 20 -22 105 -243 131 -17 199 242 146 -184 79 249 -85 99 7 -65 84 96 -147 62 -179 86 8 101 -213 92 -128 184 18 -134 212 64 -44 -167 206 -222 236 -141 233 166 -152 59 -103 -153 106 82 244 -186 112 -40 -174 63 -240 159 88 31 -9 168 153 -110 219 239 97 -246 -97 -231 11 35 -37 177 149 58 -10 202 -36 -139 37 -146 -99 -244 -38 27 1 -35 161 -101 -39 193 74 -157 130 -221 139 -214 -33 -245 -120 40 12 179 -111 158 165 128 211 -224 -204 -239 -60 -181 -23 73 -106 -20 -169 -47 51 -61 -225 -223 137 155 -68 -49 183 -211 172 160 60 61 163 -215 200 227 24 -133 52 116 95 108 -55 -182 -193 0 -234 -89 129 71 100 -151 -64 226 -219 -107 -178 -12 223 -228 114 21 140 57 -26 75 -156 -125 189 91 -175 -42 243 238 -58 -48 190 43 -8 -196 245 41 -140 120 -159 174 133 -168 -165 17 -123 -30 186 151 230 235 -53 121 229 -126 48 221 -98 -13 175 -102 213 44 -92 -173 -70 -4 -56 -138 -75 -78 50 201 -197 -15 145 -72 36 -150 85 -162 -113 53 -191 -158 -163 56 19 118 10 234 -122 -188 66 80 34 134 83 -52 104 -100 197 -248 181 240 191 -216 -119 218 -95 15 -249 -212 -250 -137 49 -217 -229 141 -218 -118 214 -84 144 -198 -131 72 55 241 216 33 -201 -238 -16 -19 -51 -54 -208 -177 
TEST 111 ARG:85 -198 98 -131 127 -186 -135 88 -150 153 205 120 -185 28 241 72 25 82 -87 13 137 186 -127 -63 -22 117 -172 -77 -56 146 216 -119 158 62 -167 -177 9 208 243 180 -108 68 -207 -237 141 -13 34 -111 171 172 -100 -142 26 -85 176 42 104 -7 -19 174 114 -208 73 155 145 -112 121 163 202 -90 21 -223 -14 93 -159 199 237 -76 -64 193 -94 78 -35 246 -61 -11 124 -42 123 -71 29 -70 -178 31 245 112 198 37 -73 99 -148 223 157 41 129 -99 -86 148 -249 -229 239 -43 191 -28 91 102 -17 147 -238 133 -121 238 -145 -152 226 207 119 -230 -4 122 179 -72 222 18 16 248 71 139 77 -233 84 -27 70 51 76 215 -190 -215 126 -160 1 225 -128 -174 -26 12 -202 27 -60 -91 -162 218 -8 183 -95 116 247 -153 136 90 -24 -248 -38 -104 -110 -78 -214 -62 6 8 244 -212 -129 81 61 -36 -32 -242 103 -166 -240 -188 209 79 -246 7 101 189 242 -9 44 -149 -146 211 -168 240 -82 229 2 110 -156 -48 -133 132 -58 -109 -137 30 54 -211 249 46 -239 33 -40 152 74 -102 -80 -134 -101 -57 -217 -130 15 -155 39 168 -49 166 194 182 -3 161 48 -170 -163 53 -29 -158 -50 -114 162 -39 17 125 64 -15 -247 -1 56 80 185 -53 107 -116 210 -106 -117 -144 -124 38 -88 165 192 -184 36 -126 -18 232 -92 -105 4 143 233 190 -200 -97 100 -118 -195 -103 -219 160 -243 -232 130 47 111 228 144 115 235 -6 -83 -69 -171 -138 -250 -140 57 113 173 20 -120 -189 69 -23 -225 164 -79 55 -226 187 -161 -139 95 201 -89 156 92 -193 159 -75 -55 234 -113 200 -194 -154 43 24 96 -10 -192 -179 219 94 50 -65 -205 -199 105 -81 169 45 149 204 -98 40 167 213 87 -234 59 -221 -30 23 170 184 -210 135 -244 206 35 22 -224 63 140 -41 -196 108 220 -12 -59 10 -122 236 -45 -136 -132 -37 196 52 221 -66 -125 -180 134 142 -44 131 -157 -84 -216 188 -231 -68 -227 -2 -74 -197 -169 -182 -25 97 -165 178 -204 138 217 195 -191 -143 154 -20 175 231 -183 75 -31 5 -213 -16 -245 -206 86 -218 -67 197 83 203 230 -47 -52 -21 -175 58 -236 212 227 0 106 -54 49 -222 19 3 224 14 -5 65 -173 -107 -141 181 151 -241 -123 -209 128 -46 -201 -164 150 -115 -147 -33 32 118 109 -235 -93 -51 11 177 -228 -220 89 -96 214 -176 -203 60 -187 -34 -151 67 66 -181 
TEST 112 ARG:-87 -2 0 -79 -195 102 193 -54 -3 -46 -20 224 81 -149 137 -147 246 190 218 152 164 -119 -177 166 -120 43 -31 -74 -81 -51 -27 -153 191 -231 -35 -102 222 -194 107 -50 -14 8 -44 129 -21 37 -209 3 -95 34 83 -225 -34 36 -236 21 -249 -58 -7 -210 -232 143 -136 138 -155 -113 -1 -104 -161 -57 -170 142 2 -65 114 62 -216 -90 162 118 141 99 1 -183 67 25 -246 -212 -169 -49 132 -91 189 146 41 -208 9 187 -112 91 -41 150 140 127 46 -200 93 188 -6 106 202 201 -62 72 -125 -89 -238 -218 125 176 -38 42 -189 -160 -173 31 -53 -174 -243 -63 161 60 -211 -140 197 116 -151 19 158 -226 -138 205 249 147 216 245 63 111 199 -180 -13 -244 220 153 -134 92 151 -43 165 29 96 154 -107 235 -82 -150 33 66 119 185 243 124 207 95 -16 -126 101 155 -203 120 170 39 233 22 -234 174 -241 172 -99 192 -115 -248 115 89 -59 -122 221 79 -205 -198 -158 6 -56 7 -40 -162 136 78 240 -4 -182 -196 -45 212 173 -73 85 113 -131 -250 64 20 76 -175 156 226 -129 -240 -25 49 23 234 77 -109 -146 213 13 -220 -12 219 112 58 241 177 -116 -168 180 145 45 203 175 -215 -159 105 -121 225 133 163 134 82 -75 -22 244 108 -132 -105 159 -52 -72 27 -190 -15 -227 181 -172 -186 130 -85 -117 183 -141 131 -93 97 38 -37 -101 -221 184 238 -47 -111 -60 -199 -61 -213 -157 -69 -28 -9 55 -191 126 -230 179 -223 -114 87 -202 73 28 -185 110 -106 -39 -239 217 -11 -176 90 242 -123 -29 68 236 -100 53 70 178 -164 -207 149 -118 18 228 69 247 -71 -245 -188 139 104 74 215 -167 -23 -33 210 -224 75 84 100 -171 -92 32 -130 -66 94 -179 98 -217 117 -84 17 -128 -219 -94 -127 229 160 211 -108 -166 -228 12 -10 -17 59 -148 -64 -26 -178 30 123 -222 54 -36 -42 157 209 -8 -144 167 -206 -70 -96 -204 44 24 56 122 -201 -55 -18 -80 -165 -197 -181 -133 144 50 -152 -103 -184 -88 -86 10 -163 -32 169 -156 -143 -135 -97 -237 -242 135 52 -247 35 -187 239 168 48 15 186 -142 -67 26 -19 230 86 -139 4 -83 80 11 231 -30 182 237 -124 248 -110 -193 -233 65 61 128 204 -78 -77 -145 214 198 195 194 71 16 88 -5 200 -24 196 148 227 -48 40 51 103 121 206 -229 223 109 208 -192 -235 232 -76 5 -214 -98 14 -137 47 -154 -68 171 57 
TEST 113 ARG:-165 40 100 -245 -81 -224 136 14 -152 98 -191 75 220 -85 88 94 223 -113 53 125 -11 45 227 -2 -216 110 -13 -192 146 248 -217 167 -102 180 38 -126 -21 60 3 152 221 -156 103 -158 -73 -31 -33 226 -214 82 213 204 47 39 7 -210 33 182 -138 -67 183 -227 166 97 -100 -119 196 -204 203 85 80 -229 -168 -181 -111 74 117 170 184 58 26 -45 -243 -120 49 91 -173 -32 79 1 176 246 -179 134 -41 -36 139 -183 -56 -58 -48 163 233 200 209 -195 245 -76 23 -49 -16 30 -164 -26 -39 -201 89 -163 -114 175 78 201 -134 -148 66 181 -249 160 77 76 -25 68 113 81 244 -203 -86 198 52 -205 -106 -177 -3 138 133 115 153 -90 -7 -69 86 218 -240 194 17 -178 4 61 142 57 -116 135 -226 179 216 -47 -143 -176 -171 -37 -89 -197 10 195 -60 -87 -22 -237 -170 -65 31 64 137 -66 -172 -1 159 107 -5 -12 -209 -182 -10 109 32 -97 -213 126 84 -30 228 -92 128 -109 -196 -105 -206 217 237 -212 240 -72 -160 -107 132 -129 -142 165 127 -188 186 -115 48 148 -234 19 -19 120 190 122 -44 12 -247 108 -184 185 144 193 143 -144 -140 -18 0 -236 87 -9 -137 43 171 20 16 -62 173 -70 162 15 -219 -112 -55 187 51 238 231 -103 112 -211 25 -61 -154 41 -43 -153 -110 -185 -155 -131 -91 -238 -63 199 229 -169 -71 242 124 21 129 -4 28 -94 -127 154 192 -159 155 -93 69 -235 -167 96 -193 8 232 11 34 -96 145 -225 189 55 164 63 35 6 5 -232 -242 -64 210 71 130 -40 -84 -151 -123 157 -231 -133 -132 -233 197 18 -117 -239 73 141 -139 -15 202 -202 -175 -101 37 -88 205 42 -57 105 27 249 -130 -75 13 -230 95 116 -198 36 -54 -125 46 -104 -157 -241 174 54 -218 243 -187 172 83 111 -68 -207 -228 -162 -150 -186 131 211 -189 22 147 -77 -99 222 -17 92 -46 -79 -244 161 -200 56 239 -51 -149 99 72 -161 178 -23 -78 235 -174 177 -223 215 106 -121 -147 -246 2 168 212 -222 -141 -83 188 -250 -122 214 236 59 70 -124 149 207 156 -190 -199 -221 -95 219 90 247 -128 241 230 -146 62 101 -50 -52 104 150 -215 44 -208 93 -38 -82 114 29 -80 234 121 -166 -35 -135 225 119 -180 158 -248 206 -28 -136 -118 9 -8 169 -108 -194 24 -42 -145 -27 65 123 -29 -59 -24 140 102 -20 67 -53 -6 -34 191 -14 224 50 -74 151 208 -98 -220 118 
TEST 114 ARG:-200 -108 -126 -72 -144 240 -88 231 -121 169 172 -67 155 73 -235 224 -231 226 20 -197 -173 -160 175 57 115 6 178 156 -82 -65 -150 -2 -134 79 -47 150 14 -236 36 -145 51 56 -143 -247 -104 52 75 -167 -101 -168 112 -203 -201 204 187 -51 181 80 32 38 -148 -62 245 -106 -140 -76 -230 170 -120 208 135 158 -52 197 234 166 -158 -10 -133 -213 143 -30 -58 -176 10 171 -155 162 -79 -220 23 -218 -77 101 -75 33 -169 -214 2 -163 -206 246 236 -139 -33 -141 154 152 186 -90 -24 -243 215 -16 -240 -147 -211 -215 109 -17 110 200 41 -78 27 -96 194 103 -39 -29 248 -112 -180 174 16 0 -131 -114 45 -135 -187 -217 -182 -224 -40 -184 -179 85 -244 66 -192 -132 95 -27 209 -71 247 217 -246 -87 147 -136 -237 -175 -177 98 -124 -5 -97 -94 -219 -222 -86 12 211 37 164 -64 22 196 140 113 -7 241 160 185 -149 179 100 61 -208 130 -34 129 -4 121 227 -19 105 -130 -95 151 118 -202 8 108 -232 -138 -227 -165 -191 159 -225 59 -229 180 132 44 -1 -74 119 -205 -111 -42 -152 47 -98 163 77 223 -25 225 -41 -54 82 -15 71 -60 -125 19 88 128 -241 -105 -18 233 -85 206 -80 238 -204 190 40 182 70 -45 -137 -122 -172 -174 228 21 34 -8 205 -129 -91 39 93 -84 -115 31 133 -212 -242 24 -185 50 195 191 30 176 114 198 -234 -239 -38 -92 202 -128 -127 69 81 29 230 11 -13 -32 -195 -55 219 -107 -37 210 -153 138 235 -210 25 193 96 9 149 127 -188 -223 89 -161 126 -44 13 201 -113 183 189 249 144 107 92 -216 -196 48 -70 -250 -178 120 58 220 -48 207 141 5 78 -61 4 134 -118 242 -109 -57 -170 243 17 -226 94 218 -157 -11 -28 199 -20 -9 -81 84 -228 153 1 -117 148 -36 214 216 168 87 229 -171 -35 188 -6 28 -12 -154 123 18 -207 177 15 -14 -159 -116 165 3 221 -164 68 91 -186 -26 -249 63 161 212 157 -89 53 -183 -56 222 83 -156 -69 -181 102 65 111 43 104 49 192 117 46 -198 244 -66 54 -50 -3 72 -102 -119 -59 -43 -21 -93 173 125 -53 -190 239 -123 -83 55 76 62 -238 237 116 167 184 137 -199 -194 145 -142 142 7 -99 -166 -49 -100 -221 -63 35 -245 -68 203 42 122 -110 90 -31 -22 67 60 -193 74 -151 -23 -233 -189 106 26 64 -103 -46 -209 146 86 -248 213 232 97 -162 -73 99 -146 136 124 131 139 
TEST 115 ARG:83 25 78 -28 -204 173 -49 -56 -130 128 -232 -172 113 218 123 -126 151 -92 231 221 -141 79 141 3 219 176 22 -60 53 75 180 181 4 -25 186 97 166 63 -1 -88 -124 -62 -211 -201 136 159 -249 -75 237 -129 -164 -241 177 -208 -168 -65 -2 65 142 68 106 243 36 -34 69 160 -202 240 225 236 23 -242 114 -8 146 222 2 -26 209 57 -149 -134 -113 -53 61 -24 -197 -228 220 0 153 -142 -45 110 51 -96 -80 182 60 169 -110 -131 112 103 -76 -132 -52 190 40 -150 24 172 -29 -169 -155 134 119 92 -226 -179 144 -199 46 -247 -22 -58 66 -39 -191 223 111 32 129 -176 207 206 -16 -94 -138 -173 -59 117 1 71 43 -37 -41 227 205 137 72 -188 179 10 -21 232 -14 -54 -198 95 -90 62 -10 -86 -248 -233 -104 8 125 178 -139 -235 -81 -66 77 -160 127 67 -109 31 -216 208 -170 81 148 121 -20 14 149 -177 -13 -192 130 87 143 -5 -151 -55 165 94 -4 -152 152 -91 54 201 74 -157 120 9 -11 -143 -84 -35 183 -217 -32 -27 -243 89 96 56 -103 -207 34 171 131 -182 -79 -193 233 -174 -135 -15 195 -239 163 228 239 -185 214 29 102 -111 88 108 91 -236 47 -234 17 -9 -246 -82 -224 170 -166 -98 -144 -100 -159 28 -107 -203 118 105 55 -57 140 50 -218 100 -229 58 -42 45 -205 122 39 41 244 -122 126 -128 204 211 -136 210 154 150 -112 16 -36 -183 215 98 -120 7 -114 -189 -87 229 -85 49 234 164 86 13 -73 -51 -240 158 70 -158 107 241 216 82 42 -220 -6 -213 -118 -74 -187 145 213 191 93 133 21 -77 -195 -50 -146 27 -89 -154 224 12 -227 -125 101 -127 -215 90 -31 38 -148 189 248 -181 -250 -121 -219 -61 184 -44 -67 -221 -99 196 -147 -72 202 20 15 -161 -7 -209 -46 -133 5 -163 -184 116 37 -210 -63 -153 35 -230 -101 99 -244 18 -165 -97 203 -105 30 -33 -156 -200 -180 -95 157 155 -23 212 -12 167 -178 6 -190 -186 156 217 132 161 80 -69 -238 249 -222 242 -206 192 200 -162 194 -43 -212 33 199 -102 175 -78 198 44 188 197 -194 109 147 -40 -237 -48 11 -140 85 168 -71 193 162 238 -214 -108 -30 -145 64 187 -167 235 59 174 84 -137 73 -19 19 -171 -245 139 -223 52 -106 -123 -38 76 -93 -116 246 -115 -18 -231 -196 104 -70 245 48 138 135 185 -83 -17 226 -64 124 230 115 -175 -47 -117 -3 -119 -68 247 26 -225 
TEST 116 ARG:-199 -122 -29 220 -177 138 191 247 219 -150 7 116 171 -82 -136 -222 -149 52 119 -92 -22 -48 -88 -195 -132 -24 -197 -194 -99 151 207 -3 80 66 249 -175 -126 -18 75 120 -17 72 -183 25 -138 -43 221 73 -235 -176 125 102 -39 -104 115 24 -154 -216 13 84 -14 5 -145 90 -158 215 -135 225 164 0 3 -65 183 -121 -69 -237 -20 97 -45 176 -181 82 88 -233 -67 -68 -32 -148 143 -23 -208 -51 223 177 58 -144 -221 113 39 -196 16 -152 -117 -61 46 246 -5 -212 139 67 59 -66 160 -86 129 168 190 -94 152 18 95 136 53 -139 -70 173 -54 230 -173 -201 111 -107 -12 -141 2 70 -42 127 -244 -9 22 -125 -128 51 -210 98 27 -96 83 -189 184 216 -37 -248 62 -25 -187 150 28 77 -44 -7 76 201 145 -249 -59 -157 -164 212 -27 -56 42 -100 -163 -243 146 -102 -236 -223 -213 40 -220 -134 189 -123 -16 -49 63 -238 -214 243 203 68 236 -72 -97 228 -147 199 -10 -224 -124 107 -105 186 242 205 239 48 -178 -84 -209 248 -78 -170 130 -40 117 -130 238 -52 156 209 37 231 -21 -242 -85 49 86 -103 -90 12 245 241 -227 -230 214 -171 -140 -91 -60 -101 -83 147 -1 140 -165 187 -200 -184 57 -168 178 234 -239 4 181 227 -192 154 35 -229 81 202 -13 17 -33 -62 170 -131 142 229 -47 192 -217 218 87 196 -95 -30 -143 29 -111 -36 -63 31 93 -73 -115 141 226 60 79 211 232 217 -142 34 -98 -64 169 -159 222 21 -106 -205 128 -133 240 -26 104 -198 -80 71 -156 157 106 -110 44 166 194 -15 -153 244 131 161 -120 123 9 96 41 -35 -203 -57 38 -87 -211 162 167 -162 -38 237 -218 110 20 -76 85 -19 -77 43 99 36 200 -8 101 45 -129 -151 -232 144 126 54 -225 -166 -231 -215 103 8 -228 6 -58 -246 208 132 74 149 -74 174 179 64 91 -240 61 133 118 33 50 30 -53 -89 -219 69 -137 -6 -226 -247 -2 -167 -202 -241 15 -41 182 158 -116 148 -204 -207 -108 -193 206 47 -112 124 -188 14 -55 -118 -127 10 26 -155 -79 114 55 -161 94 78 109 210 153 -81 100 -75 175 -93 -169 -179 -191 195 137 -11 65 -186 -146 1 -250 -4 159 198 -172 -174 -160 -28 -50 235 32 193 -206 134 -234 -119 180 -245 -185 105 122 224 56 -31 -190 -34 135 155 -114 -71 92 172 -180 165 233 11 204 89 -109 112 -46 121 -113 188 163 213 185 -182 23 19 197 108 
TEST 117 ARG:180 -143 -119 -1 47 -242 190 158 227 170 245 -70 108 188 -50 -103 178 162 -194 209 86 66 -125 175 87 -113 19 -56 -19 14 -94 -159 -177 201 -78 -144 -227 -62 -241 224 -145 -157 -49 98 236 -163 202 -118 -231 -178 -25 119 -234 74 157 21 160 12 -138 62 71 204 -249 215 122 -120 29 64 -2 -188 -222 -99 8 7 129 -153 -116 6 -191 67 -209 -169 -105 -35 -4 164 -140 144 -237 60 -198 -102 -196 -203 -47 -214 143 191 -87 -124 -15 -88 61 88 135 5 -11 225 -89 106 -207 -224 83 51 -192 -60 120 197 234 115 -97 24 32 -53 -185 -218 76 -101 -42 -246 132 165 219 -23 -210 242 -184 -130 -245 -151 -16 221 -181 77 133 150 206 15 -66 2 247 222 228 176 13 147 -32 -225 159 70 -243 46 -136 97 -95 49 85 -142 248 -250 -100 152 -229 -219 -176 57 -128 -109 -81 50 -147 177 -10 -7 125 -202 -215 63 148 100 124 -152 140 28 33 3 -65 149 -77 -235 -90 -44 163 113 112 81 239 -171 216 -156 -86 -54 179 103 -208 30 101 94 -17 -33 -217 200 -216 -175 -238 -228 -200 -137 139 -24 68 -63 96 9 -240 84 -98 235 118 -85 -114 107 17 20 102 230 -73 89 -41 -135 161 -108 151 95 -230 -27 -13 -179 -213 54 -204 -212 181 -104 210 23 -186 -40 -247 31 -189 196 189 80 -51 -131 -199 -82 -48 34 -141 -187 -34 -220 36 78 -38 -233 166 -107 52 127 -164 -165 -121 136 -43 121 -162 184 241 0 41 -58 -182 -174 232 145 -129 174 -193 171 114 172 226 182 56 244 92 -76 -201 205 -52 -139 -28 -115 138 -248 173 238 -96 195 183 -3 79 -79 -110 -170 -154 -117 -14 117 -106 -83 -161 199 -57 193 217 -167 -112 -55 153 99 25 223 91 220 -91 -5 -166 16 -211 126 37 -205 187 -30 11 10 43 -180 -84 229 -146 213 -18 72 -190 -126 110 -31 128 -223 169 104 134 -29 55 167 53 -59 141 -71 -39 -168 116 -45 -75 -134 137 -36 45 69 -20 75 -22 38 -133 73 -173 218 249 237 203 155 -6 -64 -244 246 -12 -9 -80 4 -74 192 18 208 -122 -93 154 82 111 212 -239 -72 -46 44 -236 -195 -158 -21 26 -150 -132 198 35 -149 59 105 -111 39 231 207 142 22 -127 40 -26 90 123 -92 156 -226 -37 186 240 -221 109 -68 -61 146 93 -183 -8 233 214 -197 1 42 -67 -155 -172 168 27 -148 -123 -232 -69 -160 194 65 -206 131 243 185 211 48 130 58 
TEST 118 ARG:51 192 -234 17 228 37 26 147 180 167 213 75 90 86 -163 -26 28 -184 71 -17 -154 208 205 235 -228 -168 3 38 -242 -9 -88 145 -68 199 138 111 82 -104 44 -210 -173 -18 87 69 249 91 221 94 105 153 118 142 -2 166 107 -69 -156 30 -219 126 181 31 -44 -149 128 141 65 -232 -187 185 101 156 -221 165 -167 -246 33 124 -231 -126 4 -63 -140 179 96 63 -70 -99 -159 169 27 -205 246 18 -86 223 -59 -22 -152 -28 -36 244 -179 -65 -103 -53 100 -250 104 -211 218 -160 7 -60 224 112 -224 195 -208 -118 -165 -117 135 -120 125 173 -136 -40 -78 240 -6 -49 77 -185 -220 144 -105 -79 134 136 -146 52 14 -207 -12 -20 -127 -80 -4 -229 -102 -164 163 59 110 9 184 122 -37 191 -130 146 116 70 217 39 2 210 -96 172 -33 72 66 176 -81 170 74 186 10 109 -7 -157 -67 -247 -41 174 -172 229 201 160 -177 42 133 -139 238 194 -91 -31 -239 -100 -218 -55 -32 36 -189 117 -174 127 227 106 -98 -201 -107 190 -209 -180 -195 64 88 -27 -151 231 -58 -112 -111 149 -82 -19 47 20 237 -15 203 -46 -141 222 -181 -182 233 -213 58 -54 -183 13 140 -148 -135 -38 -14 -190 -43 15 239 -71 -134 -35 187 -215 197 -8 -194 -200 -238 -109 8 -191 219 157 -23 114 -77 182 -51 40 -92 99 143 -206 -193 189 -116 -119 -57 -108 155 35 171 209 -45 54 19 120 158 241 242 -196 211 -97 -101 119 -145 -171 -197 -113 34 -222 206 123 230 -29 225 -93 -11 -133 -203 -25 -186 150 83 -214 -245 -202 -143 -74 -244 162 76 -76 -39 73 79 -95 154 -64 -233 -21 115 215 -226 -212 -178 -10 159 129 202 -192 81 -85 80 198 68 24 130 -24 -66 -73 56 -204 137 -125 188 -52 48 -169 193 84 236 -72 -137 232 6 216 -13 139 93 29 11 177 -56 -243 -142 -241 -236 -83 -155 21 -75 196 -124 -47 49 32 60 226 -123 -42 61 -227 -217 62 -166 67 97 -240 43 247 -175 -230 -176 25 -162 103 -94 132 161 248 -48 148 -30 16 -131 -110 131 178 85 22 23 46 -62 0 53 220 -1 -216 5 152 183 108 -128 -84 175 -89 -225 89 -198 -248 214 102 200 50 78 -150 212 -147 -199 121 -158 -249 45 207 41 -16 -235 -223 -115 -121 113 168 -153 -188 -161 55 204 -61 -237 1 -122 -50 -90 -114 -3 -144 98 12 164 57 -138 151 234 -132 95 243 -170 92 -129 -5 -87 -34 245 -106 
TEST 119 ARG:-182 -69 170 -171 117 239 30 -62 27 -16 237 151 194 -98 203 166 -84 -207 168 159 -21 183 67 -203 -126 -116 137 -1 8 -19 135 -170 185 -114 101 -82 -93 -119 -5 164 32 41 201 51 130 -79 139 71 218 -63 -224 216 -97 -213 -192 -129 -235 -196 15 39 222 36 -111 -40 157 -166 -56 190 175 230 -181 223 -120 -238 142 172 197 13 21 -153 -194 -172 224 143 238 108 -190 64 156 58 73 -179 -175 -44 -125 125 140 200 -189 121 -236 -74 -220 -48 199 23 210 -229 -133 -107 48 40 220 12 -159 195 -109 -26 44 86 -115 -227 -77 148 133 169 233 -18 -174 106 131 -81 77 -14 25 68 -228 -233 -139 -204 221 215 -202 158 26 -134 138 -183 234 248 -222 -60 -157 -41 -146 -151 -140 -13 184 -128 -108 -83 155 -163 75 -73 186 -225 111 -244 -30 146 118 182 -96 63 -112 -147 -160 -177 24 242 235 150 -17 78 33 -210 208 -122 -27 -223 -150 128 43 -188 122 62 80 98 56 6 -195 -95 160 -88 -38 9 -241 96 -64 189 55 -43 219 -12 -141 -15 69 -47 22 -124 163 181 -186 -247 -55 -152 -39 -137 176 90 202 129 -36 -2 -240 -246 -32 100 -3 -162 -24 191 3 214 -42 99 79 196 -245 -100 116 -149 173 205 171 0 -20 -103 -117 92 66 249 29 -80 141 93 -185 -54 147 207 -231 -226 -37 -164 -218 243 11 87 226 -206 38 -28 59 -50 -155 -205 211 -173 45 161 -113 -237 212 -89 120 193 -199 -168 -123 227 -145 82 245 76 154 -94 188 144 -148 -193 -6 46 124 -11 -219 -76 104 -135 35 -165 -91 177 97 -92 -72 74 115 -78 -87 -9 -57 -59 236 -142 -31 -105 47 -35 -25 83 -90 1 145 229 18 2 213 5 -118 -132 -131 -154 -61 -33 -208 70 217 -102 -161 -200 -4 -191 -66 16 4 89 -127 174 -85 -86 -201 179 -216 -232 60 -144 204 28 53 123 -34 -180 14 -178 20 65 178 -250 127 7 198 232 -169 103 126 95 -130 -249 -138 209 -239 -217 228 34 -248 -243 132 -65 241 119 -71 225 180 -10 105 -51 -187 113 -106 -52 -197 -22 91 -230 -143 -8 153 72 134 -156 114 31 244 149 19 -184 -136 42 -75 231 50 94 -167 -198 -29 -58 110 -176 17 -221 -121 57 81 109 152 -99 -104 61 49 -242 -158 162 10 240 -214 -49 206 107 84 167 -23 -110 -46 187 -68 -209 85 -212 -211 246 192 -67 37 88 247 -53 -45 165 112 136 -7 -70 -215 -234 -101 102 52 54 
TEST 120 ARG:45 222 -144 -103 -123 186 197 94 -93 -2 -233 227 -170 -156 137 -215 130 -141 -246 37 -78 105 -226 -168 -149 -225 -152 98 -171 139 -91 157 246 -67 -7 36 106 243 75 -245 83 -194 -212 171 34 -46 -82 215 -243 149 16 -125 -11 22 -51 -15 78 52 140 -188 85 -59 -94 154 100 209 191 117 -88 145 175 -193 -151 -178 -214 128 -109 -52 -137 -87 64 90 -153 245 244 80 180 116 93 156 -216 7 158 -227 -81 57 177 248 -53 -165 184 -31 40 -100 -145 56 210 102 224 -107 77 164 -18 -44 135 46 -174 160 -223 -128 25 -111 -102 247 -76 -189 112 -222 19 -4 30 24 43 -130 55 -190 -68 -86 172 -206 -96 178 101 193 113 -238 67 -3 -197 -176 -45 -41 39 127 -27 218 -185 242 -208 -104 72 -39 73 -221 -163 220 211 123 -60 -231 -90 -84 -181 226 0 -147 -142 9 -172 165 -54 -14 103 -38 -42 86 237 110 -161 114 -56 -34 68 124 -247 1 -192 -62 59 173 20 -85 -36 71 -65 -129 -135 -186 -58 -131 -105 48 -40 97 198 152 -148 214 111 196 189 181 207 -201 219 232 120 -101 50 -183 225 -115 35 -74 147 -219 87 118 14 91 -134 -239 229 -184 -241 -146 166 141 -200 -25 202 4 89 -112 -61 -98 168 -191 -213 81 96 108 -64 28 -195 -155 -209 58 -244 -199 -167 235 150 221 -139 143 -136 -175 159 201 -92 60 53 176 -143 233 41 182 -16 -49 -237 -132 142 212 -158 122 -21 136 146 -249 -218 51 -196 185 -89 115 -73 -8 -63 195 239 -228 -159 133 -242 -182 -10 -121 119 -157 95 125 -35 200 -17 -22 88 126 -204 -210 -108 49 161 131 -202 -229 12 -97 -19 109 29 5 -24 -20 82 104 -124 65 -33 107 204 -232 179 18 11 -150 -205 -164 -80 84 213 -110 208 144 236 79 -198 163 -207 217 -37 231 -50 -55 206 132 -169 -154 -113 153 -236 -6 134 38 -180 -133 -28 -234 -13 192 -211 223 -29 69 54 -95 76 -47 -177 129 -162 -12 -57 162 -240 249 234 174 -160 6 -9 -1 -122 -116 -127 10 151 199 -119 74 -248 63 -217 188 33 -117 -48 -5 -140 148 -83 -203 -187 8 92 -118 -235 61 31 -30 -138 -179 205 -99 -166 190 13 23 21 -220 187 42 -79 62 66 2 -173 -32 99 138 183 -23 228 216 -77 -224 -26 240 167 44 26 -43 170 194 169 -69 70 121 -120 230 -114 241 155 -230 -71 3 47 17 -250 15 27 238 -75 32 -72 -66 -126 203 -106 -70 
TEST 121 ARG:-43 194 -82 -21 28 -232 -102 73 -56 238 192 -140 200 227 -204 210 -120 -213 55 -136 -196 -78 -222 -93 151 241 121 -98 27 -84 25 217 -189 -158 51 -95 -106 -127 -48 225 -211 36 120 -156 -141 -115 -226 53 102 2 -179 111 -94 -168 243 0 181 -128 -75 82 -29 -137 101 218 99 139 -159 60 -80 -27 26 232 209 122 -133 -15 -235 -68 -104 10 136 116 -66 -105 -130 29 92 240 38 126 -37 -125 77 -121 48 -13 -111 -34 195 -90 -113 242 -10 -85 -9 -23 -225 -236 -109 -122 -249 103 11 -155 -119 69 23 -132 14 203 64 -18 -169 -71 9 -187 17 -246 3 -220 -19 164 59 -209 134 150 88 167 -224 -46 -223 248 -53 187 -73 31 132 112 -198 171 -100 71 -62 -218 -221 198 42 81 18 -139 -135 24 95 -64 43 -12 -184 233 193 114 -118 149 -112 -148 215 244 -74 65 -3 231 -157 -129 13 89 -191 165 19 168 -52 -17 -152 -194 -208 49 -161 226 229 -40 234 -143 137 -237 -207 235 186 162 -41 -81 54 125 106 91 -154 83 6 -245 -164 90 189 191 127 -205 -217 74 197 -142 -86 -216 -203 16 -61 -7 -177 -91 129 -14 -49 -2 177 -186 138 1 -151 176 -134 -83 -58 8 -244 97 206 -99 175 216 148 56 -144 -202 78 -146 -16 87 113 146 -26 39 117 62 -182 -72 236 -97 -124 228 156 180 -4 85 -175 67 135 -24 68 157 133 230 -239 212 245 222 190 145 160 105 -248 -199 84 70 188 -210 -32 -103 15 184 79 -149 109 170 128 -173 115 131 -96 30 -215 72 -185 -63 22 57 172 -170 -200 147 178 208 -176 21 -162 -231 -212 -1 -77 246 -250 201 -192 41 -167 196 33 -22 -150 -153 -188 -88 66 -87 -241 -181 207 -45 -76 44 -160 107 -55 152 40 58 50 45 -79 -243 205 -117 -242 204 52 75 -171 239 185 -110 -234 -147 -126 63 -44 -229 221 142 -240 76 173 -5 -131 163 -174 166 47 119 213 182 -50 214 -145 7 140 -69 -233 -57 -230 143 -138 61 94 -39 86 -30 219 -114 -54 -190 -20 5 -31 -178 -25 4 -116 98 -163 -227 -6 159 123 -70 -36 -51 -8 -107 -172 -238 211 -60 35 124 -33 153 -28 154 -101 37 -11 223 -197 199 32 161 -228 -108 93 46 12 -42 224 -65 220 169 -180 183 202 -193 -206 155 237 96 -35 174 -89 -166 -123 -195 -247 20 144 -183 -201 158 -219 179 130 -165 104 108 -47 110 -38 247 141 -67 -59 118 80 34 -214 249 -92 100 
TEST 122 ARG:-16 67 50 -42 145 -209 34 159 -95 186 181 6 -176 -191 -219 -147 -205 2 194 219 -20 249 209 108 94 -74 196 -118 -170 200 47 180 77 183 226 -202 54 195 227 199 -128 32 142 23 106 68 245 82 211 -210 3 81 -160 -236 -114 -143 -250 104 197 72 87 -155 -8 152 86 118 -215 -34 100 204 235 49 15 120 -36 -24 168 -78 248 -225 115 -181 71 133 -105 184 -194 189 -15 -61 117 -113 -46 58 4 111 16 36 -226 143 -249 237 -116 -233 28 127 -23 18 -86 -232 -178 -5 119 233 109 -19 45 185 212 -172 137 24 -207 -162 241 -88 112 84 -243 -103 177 -164 -31 178 240 -91 -199 -101 -246 79 170 -27 -134 51 149 -75 229 -188 201 113 188 -47 -231 -110 126 -25 -241 102 -84 -171 -120 93 -83 35 -140 -182 130 -32 -245 124 17 -68 -17 156 -21 -130 157 97 11 144 -165 -139 44 148 225 -98 203 239 -9 -184 -90 98 -64 114 -148 128 69 -141 22 55 140 -22 -37 -133 116 26 -100 9 -242 80 171 -174 -79 158 -145 101 238 37 -216 1 -123 -198 -45 218 53 -49 163 182 -93 43 -30 -94 -39 175 -65 135 221 42 -67 103 198 27 -48 173 -190 -127 -158 -203 -53 -157 165 131 232 217 224 193 167 -26 19 -2 -131 -41 52 -54 -166 -10 -154 -102 -177 8 -57 153 -4 222 -87 -230 146 -109 -159 191 -44 150 -239 -52 -217 21 -124 -7 141 192 -138 -196 -135 -115 -73 -175 64 107 -14 -185 -29 164 -58 -238 90 -213 246 -156 -227 -3 242 91 -201 -149 96 -107 -33 -223 174 75 92 73 78 234 -92 -60 -193 -40 -122 -183 99 12 14 20 -99 166 88 -119 31 -96 -195 129 187 -136 -208 161 -189 -97 60 -248 -200 -153 205 125 -6 -111 -144 -125 208 0 -146 -222 215 139 -234 -35 179 -69 -106 -76 40 121 48 -126 105 -152 -163 -104 -51 -220 -1 5 160 228 -117 25 -38 83 -197 65 33 236 -28 -62 206 -108 57 190 223 -161 -89 155 -247 214 -112 169 154 -180 132 -186 -214 -224 -11 147 39 -121 138 10 -132 136 -12 95 -240 247 -228 -82 59 220 -204 134 -129 -206 -151 63 -142 -55 70 210 230 74 176 -63 85 -81 66 -80 -72 46 -43 41 -218 56 244 -50 231 -244 172 207 29 -59 61 243 -211 110 151 7 123 -192 -179 -168 -237 62 -212 89 -167 -173 -56 30 13 202 122 -169 -77 -137 -13 162 -70 216 -85 -229 -187 -71 -235 -18 -150 -221 213 -66 38 76 
TEST 123 ARG:-199 -131 -43 76 249 -15 69 -62 -37 239 -63 163 -14 -153 237 234 214 218 240 184 -77 -216 16 -4 20 183 -95 45 -203 2 242 199 -114 22 -228 -101 40 -57 65 -212 -230 46 -3 86 -146 154 -123 -9 -31 98 150 -242 -237 232 -8 236 -126 82 -125 77 10 104 -115 -11 145 81 -180 -109 -248 -241 204 217 113 -140 -220 4 208 244 -6 209 35 -44 130 -196 33 -144 -145 -210 -182 -34 -80 -46 89 185 -235 235 73 -152 223 213 176 -18 162 6 -56 -54 -245 43 -48 60 -49 181 170 21 215 -73 37 105 -55 -234 -100 -17 -240 117 -155 -45 -133 -244 61 -148 231 211 216 219 126 195 142 -20 -70 -68 161 -60 -209 101 42 -7 -223 75 127 44 198 7 -5 202 -61 206 121 66 -89 -16 -184 -191 -94 116 -229 88 50 205 -22 -36 38 135 -13 -135 57 -231 -227 -23 -67 -69 3 -211 -19 166 193 34 -243 -165 -139 -107 0 -47 120 155 -233 -59 -183 102 -102 207 180 136 148 189 -162 200 -179 -111 -201 192 -124 -202 133 -42 165 -171 -197 67 -189 9 -132 246 -157 -174 177 -221 140 -33 172 212 225 95 -97 -137 -236 -119 123 -151 -193 174 15 -166 178 -106 71 159 -217 -147 137 -50 -213 -158 1 243 97 -208 -219 54 17 -247 -108 -75 -82 241 -66 31 -170 124 173 247 -51 -71 118 122 92 -198 56 -120 13 226 -177 -110 -29 -127 -84 -238 68 -90 221 197 -164 125 224 49 -159 -25 -128 -178 -214 110 99 147 -38 -74 168 55 -138 143 18 -93 80 -52 -2 -172 158 -87 -225 12 222 149 -150 164 -105 -26 175 -167 245 -200 -58 58 -24 -1 190 8 79 -246 131 229 108 238 -30 182 -185 -192 152 93 28 -232 151 132 -53 -195 179 72 -175 -204 30 -113 186 157 64 94 -181 19 32 84 129 128 -81 59 -190 -121 -83 187 -205 -143 -117 -134 -118 -215 -32 -194 85 -88 201 109 167 14 74 144 203 -207 210 169 114 48 106 -141 39 -149 27 -12 -129 23 -78 96 112 -156 11 -163 -249 153 220 87 -154 138 228 196 230 -72 -104 78 134 146 -10 107 52 -250 -130 191 160 51 100 -85 47 -99 62 111 5 -96 29 -122 -161 -21 248 -39 53 -41 -86 -218 91 -226 -206 -40 -160 24 -222 188 -65 -76 -92 -187 141 -79 63 -28 41 -142 227 -176 115 119 -116 70 -169 -224 -103 -91 156 -35 -168 -186 139 233 -112 103 -239 -27 194 83 171 -98 -64 -173 26 -136 90 25 36 -188 
TEST 124 ARG:249 108 -4 -189 208 80 -186 231 -228 16 88 -244 -213 62 65 239 245 -234 236 57 -214 56 86 198 144 27 -80 227 116 129 -19 -130 33 213 142 -167 109 -102 147 157 -223 174 9 120 -67 125 -235 218 -61 14 -125 140 68 0 -35 248 -120 -42 195 193 50 222 39 101 18 164 -179 79 246 205 124 244 21 26 -229 -211 201 127 209 -24 82 167 -56 98 210 215 -11 202 104 204 211 151 -70 -107 219 -174 -37 -127 -169 163 165 146 -65 -32 -88 -86 -217 238 -209 -222 -230 -164 60 -146 -183 -10 234 172 -6 -78 10 -44 -150 -141 187 69 49 182 102 221 -148 -26 224 -68 -5 105 -89 -9 -176 -171 -96 171 -218 -62 96 -122 3 76 -175 107 -177 31 -30 15 87 -197 36 199 17 -142 -246 72 228 -193 52 126 55 89 -161 -117 30 -182 -40 114 24 161 -194 139 -101 135 -48 40 -202 -63 -170 -59 226 -204 225 -79 230 -249 -154 -103 -108 196 -232 148 -18 -66 -113 192 -49 59 -74 100 123 214 175 -210 -207 -140 206 -199 -123 -13 83 -34 191 -7 -178 185 78 130 -17 -54 58 -187 -22 -165 97 -242 -100 -248 71 -205 -134 -124 -157 -69 -238 13 -135 113 189 12 6 -116 28 -23 -53 240 137 8 43 156 -156 223 -38 -208 -136 -76 -27 154 38 237 184 118 94 -111 -143 -16 -158 -21 -106 134 70 -97 -192 -155 91 136 -147 133 168 106 -55 162 247 19 -73 -20 197 -77 34 22 -14 46 -104 -191 41 64 -243 155 181 145 143 -144 -227 -145 -153 -216 138 48 -110 243 95 176 -212 117 -3 -87 -163 -90 152 119 177 -92 178 212 207 -131 -236 -185 1 -188 7 -250 -112 -233 -173 75 25 159 -152 -2 188 92 29 200 63 -115 170 81 -31 -126 173 5 169 153 186 -8 235 241 -195 128 -137 -149 -46 -95 -151 32 194 -83 -160 47 -51 77 -138 111 -139 -203 73 42 -52 141 -75 67 4 -29 74 -15 -50 -58 -239 190 -206 99 -114 -180 -231 103 -245 -215 44 217 -98 -190 -201 54 166 -99 -82 -94 122 -159 -219 20 90 -1 66 -240 -39 -226 -119 -196 149 -247 232 -198 -71 -47 -237 -118 -241 131 -93 160 229 242 233 -105 121 -85 -121 -220 115 -60 -129 51 -168 -200 -41 179 150 -133 -128 203 -91 -57 -12 53 37 110 180 -84 93 -132 -224 11 -221 -181 158 112 183 -33 84 216 61 23 -162 -81 -184 -64 -45 2 -225 220 45 -28 85 -72 132 -109 -166 -172 -43 -36 -25 35 
TEST 125 ARG:-235 -88 -137 -105 -134 239 -94 -8 -181 228 180 91 183 -195 196 -7 19 211 190 -204 -245 184 45 -218 -208 191 36 -153 245 -189 -51 -11 -205 52 203 157 -36 142 11 -117 79 62 -128 216 -178 194 188 17 -125 -126 -148 122 -24 -132 87 -248 -175 82 37 -66 -121 109 26 113 -70 94 -20 12 -233 159 101 -23 -16 -38 170 65 -149 244 32 -97 -6 217 28 -159 -18 208 -110 -55 -22 -46 -43 213 -29 -82 -35 -76 154 -114 197 -54 61 -198 -133 -77 114 111 132 -62 219 205 187 55 107 -225 38 -33 84 -48 105 -247 -172 174 -234 81 86 -154 220 -179 -180 223 -87 -244 49 51 83 -185 -129 -174 99 -115 112 47 -91 -116 241 247 22 -12 232 -187 100 -164 131 -142 189 -44 -183 -240 -98 -58 -40 173 10 -57 236 175 21 59 -182 210 -4 43 15 0 23 77 198 106 123 -72 204 141 -213 -167 156 171 -99 -161 168 57 227 -84 -127 -89 -131 -67 161 30 243 -80 -170 -220 -90 108 185 145 -101 -215 -223 50 20 -30 116 64 -145 177 41 -191 -186 56 67 225 126 2 -95 -157 -21 95 70 -162 -211 234 -201 -188 246 -194 13 -26 27 -124 -39 -111 117 89 248 181 -93 75 -146 76 182 238 144 -49 -249 212 192 166 -10 -200 155 -50 231 98 -42 221 72 60 118 -196 -31 121 -193 152 -130 130 42 -190 -102 124 -144 40 -63 162 207 74 -122 -60 186 -177 -222 -113 -106 7 218 125 78 135 -96 -2 -224 149 -210 -52 -118 235 -79 167 68 -141 200 35 -92 -56 -199 -73 -160 120 88 -221 71 -207 -214 -203 146 -237 -86 -168 137 102 172 226 -83 80 -34 151 242 195 -238 169 -69 66 222 -107 -231 224 -173 -68 85 -150 -166 -241 179 -206 -71 233 -184 -212 53 5 -112 29 -85 -155 39 58 -152 193 158 -53 -103 6 160 -41 163 202 -209 -123 -226 -32 165 -246 24 -140 25 237 8 110 -135 240 153 230 -236 -156 9 103 214 -65 139 -228 -74 -147 -158 -230 93 -104 -250 -243 178 -27 119 -45 150 -169 -171 97 164 90 215 -75 134 -15 -192 129 -239 -163 115 3 -81 46 -202 -28 34 104 209 -37 48 -109 33 31 -25 140 -197 -232 133 -3 73 -61 -78 -151 143 201 -242 -165 176 -119 148 -219 -17 127 -9 1 206 44 -59 -13 69 -136 16 -120 199 54 -216 -108 229 63 136 249 -14 96 92 -19 -5 138 -1 -229 -64 -138 -100 128 18 147 -227 14 -176 4 -47 -217 -139 -143 
TEST 126 ARG:-63 222 28 185 -57 12 -79 -179 59 -126 11 -114 -67 225 31 -54 -116 -56 -224 224 233 -28 175 77 9 -176 -105 -236 -10 164 70 -172 229 122 184 75 -178 -148 -145 -35 207 206 87 -209 26 -53 -183 -238 96 158 92 -39 162 -42 -41 -118 139 -37 157 -157 103 -25 243 -134 143 -33 22 246 -65 -232 -121 241 121 -225 155 182 -6 84 100 15 174 91 16 200 19 4 25 -24 -200 -38 120 -237 113 -107 126 57 196 7 78 142 108 -127 -189 137 -40 -106 -210 -135 -52 -213 82 -203 173 188 115 -235 2 -45 -51 37 34 117 248 127 186 -250 73 -13 -133 80 64 -186 90 220 -248 223 89 -97 -23 240 -85 236 42 -142 53 -49 -226 97 -208 -43 -47 -87 111 116 -175 -151 -170 -12 -50 -109 -84 208 135 13 210 -217 -132 -9 39 69 141 -32 187 27 136 -187 -90 0 140 66 228 -141 -11 1 -82 -91 211 -197 -55 -171 235 152 3 198 -14 -113 85 94 -99 -16 180 -27 163 176 18 148 -30 -244 -228 -246 -161 178 189 -144 -98 33 -83 -167 -128 32 67 -92 -190 133 165 203 -130 -196 149 195 131 212 119 -223 -3 -124 109 -207 95 -227 172 147 191 46 88 99 -129 166 239 6 201 132 151 181 -184 214 102 232 -168 -199 -233 -146 192 -72 -68 218 226 145 190 -81 216 -164 -220 194 48 -19 234 60 62 230 -155 -193 -48 -69 -26 -18 112 61 -5 -44 -112 -1 -147 -70 -125 -86 167 -89 -191 169 79 -182 -138 118 8 -73 130 65 110 -222 -214 -243 56 -198 -241 205 -102 -77 -95 -173 161 76 144 160 215 -153 -80 93 43 -8 -115 249 -120 -71 237 -117 -195 159 -247 123 153 -158 40 -64 -188 104 179 71 -211 -143 202 -111 21 114 -239 30 55 154 17 -36 -17 5 -231 106 105 52 -140 -205 47 -88 -202 -78 -177 -29 221 -93 -101 45 125 -75 150 -163 -212 23 -62 -152 -234 24 -123 -122 -131 193 38 -242 29 14 -159 36 242 -74 107 170 -165 227 72 98 -166 -46 -104 -60 199 -206 -15 -215 41 -7 171 -2 -136 35 -58 -160 -180 -216 -149 -162 244 68 197 -192 177 -21 168 138 -108 -229 -221 -119 213 -154 63 101 -139 -31 -66 -156 -110 -100 247 -240 -103 204 219 -249 -185 -59 58 -94 51 124 -169 83 54 86 50 -194 129 134 238 -174 74 49 183 245 209 -20 217 -76 146 -245 20 -219 -61 -201 -4 44 -204 -230 10 -137 -218 231 -34 -96 128 -22 -181 81 -150 156 
TEST 127 ARG:-4 -210 182 56 247 201 192 150 -104 -106 -116 -24 -44 -49 184 181 -90 -7 156 239 223 52 -96 -142 166 -36 -219 -144 -245 126 -27 -85 104 -79 62 -207 2 -181 74 -133 143 220 152 146 -45 12 -13 -215 248 26 -103 229 30 42 -113 -234 -137 197 20 47 -130 -32 -240 -208 -226 230 -65 -92 -161 -117 137 -17 -149 -162 -93 75 -43 -237 -170 -9 165 224 -148 226 -183 -30 -152 -126 237 -250 -186 0 96 -42 -171 235 151 186 -158 240 -147 -125 123 44 -72 102 180 112 -81 60 -220 -242 -214 100 -39 -120 209 8 128 -74 -94 89 91 241 -124 -69 35 54 -29 -41 132 -87 95 -182 -119 106 -112 33 133 -25 -191 23 11 -229 -109 194 32 155 177 77 94 189 221 -127 130 5 -211 -35 92 -216 213 -99 -34 -246 174 -185 -18 172 158 36 110 -197 231 178 157 18 64 162 176 43 153 125 24 -203 -23 -150 86 -154 199 98 -184 -153 -97 195 -206 -178 -21 145 10 -128 -177 190 -239 70 -121 50 -67 122 -3 140 22 48 164 49 -60 138 40 4 169 198 170 243 -174 -145 -83 -157 206 119 -201 196 -187 37 225 -14 -10 15 227 115 85 -22 79 -138 45 -118 -188 -212 -12 58 -222 160 217 88 245 7 131 -46 -70 188 168 -91 61 78 244 -108 149 111 -16 -86 93 233 -55 127 -102 -141 -175 -213 109 -232 -28 -160 215 -88 161 66 -243 29 219 -195 135 -6 -189 -114 -37 183 163 -5 -140 27 193 -33 108 -193 -209 187 53 -47 -159 -62 205 90 3 -247 84 142 238 -199 39 69 242 -241 211 -71 99 -122 38 214 -221 107 -249 216 218 -61 -107 -223 105 -139 -194 -115 134 -164 -105 -169 -143 -51 121 -238 -180 -76 -80 -95 -123 116 139 -167 -233 68 144 141 65 -56 179 117 -98 9 -110 17 21 71 -196 -131 19 -132 -129 -75 -200 -244 83 -26 124 -227 -236 31 67 -48 202 -166 236 -151 -156 -173 -64 -53 210 -15 -100 -136 234 -202 25 -2 200 59 175 -77 249 76 159 73 -111 51 55 -198 185 -135 246 63 1 -155 -59 -218 -54 -176 -146 57 -163 -20 191 -50 -165 28 -235 -134 -89 -172 -204 -101 212 46 -231 173 222 -66 113 148 -19 147 232 118 72 207 103 -248 114 97 -190 -82 -63 -52 208 171 13 203 -78 82 81 136 101 -224 -40 41 14 167 -217 -205 -1 87 6 -31 204 -11 -230 -58 16 -192 -73 154 -57 34 -84 -228 228 -225 -179 -68 120 -38 -8 80 -168 129 
TEST 128 ARG:-230 -205 238 170 -26 212 -122 94 -102 236 210 32 116 -129 -39 248 133 -191 -160 -200 27 -226 -196 177 193 -235 64 -165 -86 -184 -28 231 -110 247 132 -123 158 -76 176 157 104 57 145 -218 -136 37 -177 24 -135 194 179 230 20 -229 2 233 246 -216 136 -125 168 163 220 -100 60 10 88 53 75 91 3 -54 197 -209 -74 -158 -211 92 -202 74 -155 -208 192 -166 4 -241 -239 52 183 -162 151 55 -88 110 95 198 -7 -64 -95 -240 -210 -13 174 -33 111 161 249 218 -161 -41 65 -58 -29 97 -222 -224 -189 -56 29 30 -111 -116 68 200 -22 -181 -43 205 -9 -36 -213 202 -192 -55 171 -105 -89 -92 63 45 215 184 71 -97 0 -69 -157 241 185 129 -133 201 -48 232 12 -178 188 -6 40 -59 101 9 -225 -234 130 -145 14 -42 16 -93 234 -109 -250 213 -154 -249 -15 -80 -212 -180 18 148 -124 -79 85 61 149 -147 -227 244 98 242 -101 62 -182 142 93 -16 137 150 -173 -198 154 8 181 186 120 114 -128 211 -164 190 -94 41 -32 21 -137 -174 -168 -31 208 -23 -199 -14 1 225 -50 56 -37 -171 -183 -44 -148 -113 147 15 -119 -73 -201 -163 -143 -194 214 162 173 -217 223 -81 48 -8 222 -195 134 -121 106 -24 175 -185 -84 -221 153 -243 -53 206 217 -126 -67 -204 -203 73 36 108 59 79 -25 -170 -237 42 219 195 139 -12 -83 -20 -248 189 -98 172 -190 -207 -17 167 -82 -132 96 125 82 107 199 -127 -70 191 72 -87 -159 -71 80 -232 141 -3 112 23 26 152 216 7 -179 100 -219 164 118 83 -78 -151 -186 -103 -30 -40 -57 -63 78 123 33 237 -1 229 -38 159 227 166 122 -215 54 -118 -47 44 -66 81 -188 144 -18 207 109 -153 -106 -141 204 -156 -65 169 105 -206 -167 -187 143 -238 -96 -172 -112 67 160 -85 -10 50 -131 209 51 115 240 156 11 -152 -27 25 69 99 226 -108 -144 102 5 -104 -4 -223 -2 34 -77 90 -91 196 -45 -220 -34 87 140 -231 89 -51 243 84 203 77 239 235 -134 -214 138 -90 13 -193 126 228 19 -242 -169 35 70 -146 119 -176 -68 -140 224 -150 146 -62 -75 131 -120 -117 221 -114 -138 -61 180 -99 124 -245 -115 187 -142 135 -233 76 -21 -197 -107 -149 -60 -52 47 22 58 -236 -72 127 43 -130 113 -19 49 -35 17 -11 6 121 38 -228 117 -175 -247 -5 66 165 155 245 86 182 31 -49 128 178 -246 46 39 -139 28 -46 -244 103 
TEST 129 ARG:-107 101 -80 -15 -148 -123 -117 136 -19 -237 -198 -86 25 -112 -165 -164 -46 -243 183 221 77 162 68 193 -185 139 -183 144 211 85 88 -184 -218 -61 146 -50 62 -242 34 76 -232 -29 154 -126 200 -250 -16 -20 -13 -74 231 107 218 142 238 239 -225 224 174 21 109 95 -180 163 -146 -154 -188 -168 177 74 167 176 -137 210 46 -118 236 -110 222 149 152 57 171 -151 127 -115 196 119 131 -67 248 -178 -63 -96 -28 207 123 -105 52 212 -150 73 -18 -191 130 203 213 -104 126 -93 -214 98 204 12 -85 243 232 -114 -202 -204 -116 7 237 -248 164 245 172 6 11 -106 -241 185 43 96 92 -97 -172 -170 19 89 -44 249 -224 -233 32 133 -142 -2 -9 -94 -193 -240 135 16 -101 -196 35 -26 -30 59 -27 64 132 -153 -144 182 -72 -35 47 -24 -236 -4 -12 -132 -83 -25 -51 184 122 173 80 -247 24 -156 10 -109 170 194 -238 206 -88 -6 42 168 -176 114 137 -201 -34 97 116 23 -215 -230 36 -120 138 70 -158 233 5 153 198 -17 -157 -171 -64 55 1 -140 -54 -11 -228 -124 90 33 -3 -21 20 29 235 78 159 30 148 -103 -98 158 41 -22 -192 -10 -222 53 -149 179 229 -249 -36 -5 -141 -217 175 86 -229 102 105 115 -84 -89 128 192 -216 22 -102 -90 -39 18 165 -226 -159 50 -38 -223 -177 81 -206 63 69 60 67 -152 157 208 -71 -92 9 -207 -210 160 -8 -78 -182 28 -235 187 246 225 240 -205 244 -138 106 -174 8 -244 -130 215 143 -37 234 44 37 49 -76 71 -66 -91 4 -134 -181 -62 -95 61 103 2 -195 -199 226 -135 -68 151 -209 -43 -227 13 -100 -113 110 87 -119 -166 -167 17 -162 -203 -53 217 -60 72 205 0 120 -70 -58 -75 48 188 54 39 219 -187 124 -231 -45 -213 112 -161 209 141 -147 -108 -131 190 -7 -221 -129 -145 -220 178 -128 -200 91 147 -87 94 -56 -139 27 66 181 140 -55 202 14 113 -186 214 -127 -82 189 84 -81 169 -99 100 -59 199 -160 228 -208 -197 51 -179 -49 -189 -173 227 65 134 117 79 38 191 58 -33 -190 -1 242 -111 -246 -169 -69 125 3 -48 -163 82 155 -47 156 -14 230 -121 247 -31 166 56 -136 -122 -52 -219 145 161 129 216 45 75 223 241 40 -32 -40 150 121 31 -133 -143 186 26 -211 220 -175 99 104 195 15 93 -125 -23 -79 197 111 -42 -73 -41 -77 118 -194 180 -57 -65 83 108 -212 -234 -239 -245 201 -155 
TEST 130 ARG:62 64 -52 145 132 31 50 45 -115 -98 -177 248 -45 -175 -199 11 -18 -127 130 90 -187 -176 78 214 -154 213 142 -95 -126 -122 -250 107 -65 106 -212 -210 -86 133 -113 18 171 96 168 -29 169 -38 -131 240 -26 246 48 4 208 23 -149 -189 -68 -39 -234 203 114 -140 219 36 109 199 104 -155 -47 126 138 247 -169 144 -240 58 -220 -196 -10 -160 -111 227 43 187 -64 76 176 -167 239 -60 17 154 146 -236 -3 -156 189 69 -219 121 -25 -134 -107 -172 -43 136 -82 -249 -67 86 -165 -151 -195 -183 80 143 -231 -37 103 -237 -203 -74 -211 -118 -22 197 -69 -246 175 -84 209 147 -90 16 -12 -50 -213 -147 192 170 -114 163 -92 200 -188 -24 -109 201 -248 -238 198 -76 -51 -66 -105 25 -204 35 -192 44 188 229 -110 -112 54 -93 -36 205 245 -245 9 105 -216 15 196 237 -11 -225 -46 21 56 -180 206 -130 -97 179 -94 134 -108 81 -142 -125 -181 118 174 74 -55 -28 233 -4 -54 102 72 6 -34 212 -123 216 57 -124 -247 153 -128 -83 88 148 242 -209 115 60 -171 52 166 -182 22 232 161 236 -221 -242 140 26 -23 93 -159 225 128 77 66 -7 -30 -217 172 117 -135 37 -143 228 8 -78 -9 -230 -222 -197 -162 177 -174 47 -223 123 1 13 -214 95 131 -185 222 -166 -141 97 -15 159 -121 -152 -53 190 20 94 0 -168 122 119 -71 7 5 -79 178 -1 -233 -44 -137 184 243 -101 157 -243 -139 -229 210 186 165 204 -184 108 160 217 99 27 116 127 -201 152 -158 -119 98 220 10 -56 -244 125 70 -106 -96 -48 -103 85 -208 173 -70 -191 -235 -80 -170 -194 40 101 156 83 49 185 -190 -14 -186 149 -173 -153 191 -6 -193 -207 34 124 24 202 -163 -72 -13 55 30 -161 -100 39 -228 -104 -2 -63 244 -57 -5 193 79 224 -150 -49 38 -40 82 65 -226 68 112 91 164 -88 -102 3 238 151 29 111 158 -120 181 -41 -75 207 -241 155 -138 226 -145 -116 53 223 -164 183 32 41 46 218 -31 -8 141 2 -239 -136 110 67 42 87 -62 75 -85 -21 -42 231 -77 139 -17 -59 -178 230 162 -218 180 -117 129 -144 -27 241 71 -205 -133 73 -87 215 12 234 14 113 84 120 -132 -89 137 -198 -19 -35 249 -20 182 -148 28 59 100 33 -61 -32 92 -179 211 -129 195 -232 -215 150 -146 221 -33 51 -16 235 -99 -157 -81 -58 -200 -202 194 89 19 167 61 135 -91 63 -73 -206 -224 -227 
TEST 131 ARG:-211 6 81 -62 171 -26 -142 237 98 185 28 92 128 -129 13 -225 -187 25 148 42 -139 -170 -188 -10 20 218 -25 -100 -38 220 -52 244 217 -17 -248 -172 133 44 56 -121 174 236 225 67 105 88 -180 169 -177 -212 -61 106 -76 -2 -217 -175 -33 167 112 233 -182 -163 -145 246 -154 189 76 -119 -148 -202 179 -203 111 -51 143 -1 1 -190 -205 -237 -97 172 180 -131 -218 -125 17 119 195 196 33 62 49 -242 84 226 -226 64 -30 -136 93 243 193 175 -156 122 -193 -47 58 -114 -110 78 22 38 68 107 -12 48 -94 -39 -158 -195 -174 18 210 248 149 31 232 188 -14 0 -116 127 -126 -35 -36 245 -238 -74 209 -69 12 -73 2 187 -207 -229 30 36 -196 73 60 130 147 -234 -222 -118 -124 123 170 -230 -29 194 199 -34 -60 46 139 -99 4 -89 211 -204 -5 -102 200 -161 -43 219 97 -13 55 -137 -227 -53 27 129 75 52 -244 157 -54 8 131 125 -184 54 160 -103 146 212 -98 57 61 -133 -84 37 -28 235 -231 118 -130 124 47 -16 -56 -165 -243 -250 -93 -46 -79 -115 -32 24 132 40 -181 144 135 -21 96 164 -88 -155 150 -223 239 -200 140 126 53 -219 -239 9 26 192 -166 102 190 91 39 207 -194 -240 -83 -45 74 -91 82 247 213 -157 99 101 177 215 -71 21 137 66 -162 -246 -216 108 -18 72 -201 -206 -48 -81 -96 228 -236 29 184 -167 -63 145 229 -8 -87 23 -221 -169 5 87 152 -228 7 202 181 -135 -42 168 -64 -82 -149 -78 142 -151 -113 191 -111 -198 -7 77 182 -105 -189 -245 -40 165 -232 134 -11 -132 221 206 -20 100 116 -123 222 16 -65 71 -178 -3 -104 216 79 -27 231 198 204 -57 -150 115 -120 114 161 224 104 -199 -173 151 95 214 -209 -220 -185 70 -112 59 176 173 -106 -186 -134 94 -9 -160 113 -213 -128 -24 -191 -215 45 -197 136 11 85 14 -138 -86 50 34 110 -171 -15 -44 -210 154 -224 -80 103 155 203 158 -192 69 178 10 238 3 -249 138 201 223 -37 156 -164 -77 86 -117 -147 -233 63 -127 -49 -95 35 159 -31 89 -50 162 234 109 -70 -168 197 -183 -66 249 -247 -68 242 -4 -6 19 51 -208 -23 -67 -153 90 208 241 -75 166 -176 -140 -241 -90 -55 -143 32 -101 -85 -152 230 80 163 183 -58 -72 -235 -107 -59 41 43 -41 117 205 -214 -108 83 65 153 -22 120 -144 -92 -122 227 -19 -159 240 -109 15 -146 141 186 121 -141 -179 
TEST 132 ARG:-123 -202 152 -101 -13 39 230 0 133 167 -73 -122 45 -235 68 38 156 -138 -246 -21 -159 -192 -218 -3 227 92 -111 -49 -68 70 -124 140 -100 -128 -63 149 6 50 -188 114 160 -70 165 157 57 93 206 235 164 -78 -76 -190 53 -130 -200 212 -239 137 -54 89 -47 121 179 162 -221 -227 -228 74 -194 -95 -245 -61 -40 -36 31 142 -133 61 62 73 -250 75 -87 -147 205 21 139 -145 32 -108 -117 -109 43 77 98 243 -85 -7 -9 37 15 27 -169 -24 -141 60 2 -196 232 -217 12 -223 -154 54 83 200 46 229 -20 -81 -52 -215 -176 -42 186 34 180 52 210 138 -197 -119 90 -14 -211 158 8 48 -205 -43 -127 95 195 -57 9 249 103 -16 -65 -92 188 -26 -173 -187 -60 -195 182 1 -27 -249 99 -120 -140 -75 -152 69 -77 -46 35 124 -212 -1 66 -222 -209 -94 201 245 -45 222 120 -106 -98 56 241 -156 -203 -171 -62 -97 -84 -143 94 26 218 129 -219 -178 169 -67 217 -82 -28 13 -150 72 211 170 71 181 -231 -107 -31 16 208 248 14 118 23 97 115 55 -80 -142 -144 76 -35 -19 -118 159 -174 177 178 -12 -185 30 135 -102 -11 105 -172 194 19 174 -226 -32 185 151 -34 -232 213 -236 192 202 240 -247 233 -22 -71 126 -149 144 -5 -186 49 197 -91 -224 24 -51 161 100 -201 -163 -41 -112 -184 -157 207 41 -30 145 175 136 125 36 -248 -170 204 190 -88 17 153 183 172 -44 244 -230 -168 -129 216 11 -59 3 -233 220 -37 -90 -162 -29 -64 123 25 163 -79 147 128 -48 -115 130 -216 -241 -104 246 -210 108 -155 -103 132 198 78 -225 -89 -151 102 -39 -55 110 242 -242 -193 -8 -18 -33 236 28 -121 -204 155 -243 80 173 -207 209 7 166 -148 -191 -113 -125 51 215 96 193 219 143 223 -126 -175 -132 20 150 -66 -56 119 -160 -229 -234 -177 237 -83 -135 116 234 111 -165 -38 168 18 59 196 -167 247 -213 10 -96 33 203 -4 101 -50 -199 104 238 58 -53 79 -23 -180 -105 -86 40 85 113 84 47 -69 -158 -6 -134 -166 87 107 231 -161 -139 187 171 214 -153 -25 112 191 -244 -72 -198 225 -238 -114 134 228 91 -58 -206 -237 -15 -214 -93 -146 4 -10 44 122 65 -208 64 -240 42 141 131 -179 5 -131 189 117 199 86 88 127 -189 -2 221 148 -99 239 67 146 -220 226 -17 63 109 -74 -136 154 81 22 224 -182 -137 -164 29 176 -181 106 184 82 -183 -116 -110 
TEST 133 ARG:-170 -47 106 -173 78 33 67 -131 -176 79 216 -159 73 57 -108 12 50 195 4 30 -198 194 139 -88 -6 -239 -75 208 36 149 243 -17 219 -83 -49 -151 -93 -240 -190 168 38 -59 -185 190 -147 -80 -25 66 131 191 -206 83 192 -125 -69 51 -229 -200 198 187 -117 227 100 -120 -58 -160 -184 169 156 59 -154 84 -141 92 6 -71 96 -237 235 -219 86 -36 -55 211 5 -152 213 -119 -230 -226 114 52 -142 -189 90 -211 -213 124 247 234 -78 180 80 -238 -109 130 39 -223 -165 20 -89 -57 82 -183 54 -28 47 -218 -166 -220 222 172 44 -231 70 -181 121 153 183 -216 1 182 69 -133 -92 -27 -101 -61 -123 248 -46 -118 -215 -137 88 -60 -124 16 58 93 -127 81 -116 150 117 221 -136 45 -162 87 -96 -175 249 -44 144 202 126 -110 63 -140 -234 75 -39 29 206 184 3 -192 -158 181 24 110 240 -3 -242 26 -221 220 120 -18 207 -21 -130 -30 -205 134 -32 -103 175 -111 174 25 201 -210 165 21 -202 228 -235 205 -128 97 204 -51 -63 2 -7 -14 48 10 64 94 178 176 223 224 -155 123 -82 71 -10 -62 35 -222 -249 -73 -53 27 -112 129 167 -105 -180 72 -12 186 -163 22 226 -4 127 -19 105 -196 55 -121 -1 -167 17 233 -149 -212 -64 -104 -54 237 173 46 133 -207 109 -199 -194 152 -84 236 -236 -26 -177 14 -50 118 -178 -144 241 31 135 -132 43 -87 136 56 -95 239 7 -161 119 -195 85 8 242 -70 -186 229 185 212 196 199 -245 217 -91 112 102 -129 -102 -22 -68 142 95 -8 160 -67 -204 49 -243 -34 19 -241 98 -209 -201 103 -86 225 -188 -5 230 -100 141 -76 -24 32 -113 -41 -77 -72 -179 -138 231 13 -2 -187 -48 -9 37 -217 -115 161 -146 125 -11 -35 155 245 151 34 -197 -250 -97 138 -29 -227 238 145 113 -246 -45 -156 -40 -13 132 218 -143 -98 -214 -171 -148 -139 99 -37 68 -74 -164 246 177 23 200 143 -233 18 122 -224 -31 154 -193 76 -114 -247 89 41 193 214 166 62 -244 -191 116 -20 -172 74 -99 -248 140 209 0 163 -126 -157 65 28 203 -56 -145 232 -38 147 -65 9 159 -15 170 -174 111 -225 15 -150 164 -33 -23 40 -122 179 244 -135 197 -106 -94 91 53 188 148 210 60 -81 -66 215 104 -52 -16 -228 -153 11 -79 -168 157 115 101 137 -134 -85 162 77 -43 -208 146 -90 -203 61 -169 171 -107 -182 158 189 108 107 42 128 -42 -232 
TEST 134 ARG:-50 -180 -146 55 -221 124 -85 -98 2 97 -108 -209 -91 208 -203 -130 -29 96 -118 -119 -142 110 -88 -158 -205 -117 174 153 -81 77 -173 175 -232 -80 188 3 232 -96 219 0 -177 -39 209 143 99 166 119 122 -233 -199 -65 235 58 -159 -43 4 -18 -194 26 137 -84 -182 -212 -129 -225 7 142 -169 15 -145 56 -242 -175 105 -247 -16 14 84 -193 44 -138 82 36 133 -164 200 -115 -134 198 -4 57 158 -67 -8 54 -174 -171 25 -55 -235 -27 -201 -60 -211 145 183 -41 42 -92 -224 -11 -5 244 -75 147 127 -32 -46 30 -90 121 226 -186 -26 206 -152 60 70 8 5 -202 246 48 117 -61 129 31 -111 204 -87 -181 -133 -121 81 -78 20 98 168 76 130 155 -178 -123 46 180 185 85 -12 83 140 114 71 -137 231 -112 -176 -217 222 -113 -155 -23 -149 190 -250 210 78 9 249 -34 -95 93 -116 214 112 91 -170 -191 -20 6 242 -66 16 40 182 -220 -47 170 88 157 12 80 220 -13 101 -150 -231 67 236 -37 169 -243 241 195 240 -7 -139 -144 -14 -1 176 -45 -148 -190 -56 202 23 -165 102 211 -241 39 -204 -120 224 87 -215 49 -156 52 -143 -53 228 223 -249 86 106 -102 -238 172 229 -51 33 -229 -126 165 -136 -89 -222 215 179 161 -42 -219 -62 -105 90 146 -9 184 113 192 63 11 66 -73 111 120 -213 -17 -22 167 74 -107 -163 -100 -240 239 177 68 178 -106 -28 45 -114 -77 27 128 171 237 118 64 187 -234 -10 -2 108 -122 -6 212 150 -197 17 134 94 -101 -141 -48 -44 -38 -125 181 216 29 -124 75 109 135 233 -228 -24 43 -147 148 203 -25 207 -192 -128 159 247 -135 -71 191 154 -157 -237 116 197 -223 -227 -216 225 217 24 141 213 173 -207 -127 -195 -97 21 -86 -245 136 144 18 243 35 -140 22 -160 -19 -68 -172 132 62 -103 -183 -188 126 -179 196 -185 194 95 139 -200 -52 -226 234 -132 -214 123 -99 53 32 201 -206 13 -15 65 -248 -109 248 151 -154 -189 37 -72 -58 245 -93 -21 72 -35 -40 238 138 -153 205 61 193 89 164 38 115 47 -69 51 160 -104 41 -76 -131 -244 79 -151 149 -31 -161 -63 -246 -187 -79 189 34 104 163 -239 -166 -208 199 186 -49 -83 -236 227 -198 -30 152 131 1 -162 -110 107 59 -210 162 92 -196 -54 -168 -74 218 28 -57 -218 -3 -167 -59 100 -94 -230 -36 156 221 19 10 -33 -82 -184 -70 69 50 230 125 73 103 -64 
TEST 135 ARG:-8 194 22 81 125 59 76 153 98 132 -167 -85 26 -148 -46 -28 230 96 -122 -68 -149 -204 -6 60 -99 -53 53 140 -32 120 -159 249 52 -20 24 -15 185 159 122 -21 79 -189 -170 178 -76 38 -93 -237 -233 109 213 139 -140 -197 83 100 204 -110 -235 174 -47 -31 188 -162 66 -138 -145 -16 -56 -241 -58 70 47 141 131 -200 19 211 -2 246 176 -36 -147 -64 134 -228 -171 25 -248 -179 -144 232 -164 136 225 -5 -143 -205 78 182 95 -151 -10 36 177 -202 3 196 186 228 84 -234 -34 -61 -86 -165 68 -111 90 28 -79 -38 135 42 151 62 199 220 -133 -106 57 -23 236 17 -209 -43 240 221 -186 -182 137 -12 -81 203 -83 -250 -187 -232 -153 -240 -3 107 227 55 -30 -26 117 67 -217 -239 -188 128 -249 243 -175 -118 -199 216 -226 30 -37 -73 248 27 200 -201 241 126 -17 -70 187 -194 201 -134 72 -77 64 -39 -113 -115 156 56 37 183 -185 147 40 -214 50 -22 114 157 -215 -96 -174 113 -191 58 -157 237 -155 142 208 129 91 92 -94 166 -60 -49 171 -207 86 -168 -42 -48 -91 -45 -243 44 -78 123 219 191 -55 102 143 160 119 163 244 214 150 -126 -44 -221 -52 111 239 7 -108 49 -95 -178 238 -146 93 217 197 -87 -57 118 226 -139 94 -89 -54 18 127 173 -137 -136 -35 -211 82 -224 -208 -180 -238 41 144 8 -184 189 -218 207 -50 180 -11 -163 121 209 133 158 1 -62 245 108 45 46 168 -104 -105 -7 -14 -69 77 88 -158 202 112 15 233 -247 69 33 89 -198 -227 193 170 229 29 -225 -117 103 0 -65 -59 -75 80 -220 12 154 -210 -152 165 10 -172 35 -156 -130 2 124 -1 -142 31 -27 65 74 -223 -102 -181 -88 169 115 -161 105 -101 242 -18 190 145 -246 32 -103 -98 -71 -74 -29 -123 -176 -90 20 -216 -195 -80 43 11 -242 167 -222 -177 198 130 -82 223 -154 48 224 -124 181 149 -25 162 -109 212 -229 -119 5 99 87 -100 -129 6 164 -13 -245 14 110 -24 -97 -196 -84 -236 231 146 -114 -244 -127 210 -41 -33 4 63 234 184 205 -67 247 -203 -132 21 39 161 -63 -9 104 138 179 -169 -141 195 54 -121 16 61 172 -51 152 -131 148 -92 -230 -166 218 -150 73 101 -40 -160 -183 -193 175 116 -173 -212 9 -116 -66 75 -192 13 34 -190 -19 155 -125 71 206 -231 -120 235 -135 -72 -107 85 -4 222 23 51 -112 215 -213 106 -206 -128 192 97 -219 
TEST 136 ARG:-74 -94 202 182 34 187 53 -105 85 -205 46 -134 218 45 19 94 -190 -207 -143 136 213 190 239 -161 99 -84 111 33 24 -26 -127 -24 6 191 39 149 -13 4 -42 181 238 60 -10 146 135 103 -176 -175 155 -235 -155 120 -222 -88 -237 3 241 89 77 -47 -180 219 100 -157 -158 -169 9 199 -118 -200 74 159 73 176 -120 156 164 -133 -5 148 165 -52 141 -209 -137 -203 70 -150 49 -31 131 -78 -28 222 -202 -63 -82 177 -221 203 -3 87 -104 79 -103 142 192 62 -112 -213 -45 -245 1 229 168 139 90 -249 -181 -159 123 -25 175 16 -56 21 -125 246 110 243 -2 227 30 -102 -236 -106 -136 84 -60 -218 112 80 -204 195 -216 -164 25 188 8 -109 -62 -219 228 -16 -226 72 151 143 205 108 211 40 174 242 147 -123 18 -98 189 86 106 217 -212 183 -113 -69 166 -153 233 76 209 -172 114 -232 216 235 -231 -184 201 161 -39 -141 54 -124 -117 206 -244 -40 207 92 22 -21 71 -225 37 -53 240 93 -93 -17 -11 -211 119 134 56 66 67 140 2 97 -116 69 -80 -6 125 179 225 51 -128 185 78 -101 -156 52 65 210 -22 -126 -242 -81 -86 58 -147 180 170 -130 -178 -20 -114 82 -241 -233 249 -229 -198 35 160 -30 -89 -34 128 -227 234 26 -197 -57 88 -58 -206 10 -77 132 245 -247 157 118 -111 -95 -119 172 -170 -72 198 -201 -250 -100 5 184 -107 -162 -85 186 153 133 -36 104 47 -14 -18 212 105 -191 91 -33 -92 138 -177 -96 38 41 117 194 -188 -145 -73 -187 130 -189 -1 -182 121 96 196 -163 -87 -27 -239 -240 230 158 12 -194 42 -139 -12 20 -79 116 -149 -49 -83 -166 -4 221 -122 -192 -37 -208 226 -38 -210 162 173 0 -131 59 200 -7 -142 83 145 -115 -223 -15 -91 29 -138 95 -9 -99 163 -135 113 -171 -154 44 101 -199 64 28 -29 214 -144 -160 -48 27 -168 -140 -152 -61 -75 154 31 57 -129 13 -183 -44 208 167 11 -151 -148 -173 -146 -97 247 231 224 -50 -248 98 -70 -43 -65 232 107 14 -185 81 102 -214 -174 197 122 -76 215 -41 -19 193 144 -196 248 152 -132 17 -167 -215 15 244 61 -243 -23 -238 -46 236 -179 178 -59 -90 124 -8 150 55 115 -165 220 75 -55 -193 237 -67 204 -195 109 -228 -246 48 129 127 -186 -217 -54 7 -68 -108 -35 68 32 36 137 23 -71 169 -234 223 -51 -121 -110 50 -64 171 126 63 -32 -224 43 -66 -220 -230 
TEST 137 ARG:104 -204 83 -31 62 -225 180 -63 22 -139 25 74 -124 -227 -190 -88 -231 239 -65 217 240 -150 -35 -170 -110 -77 -185 228 -19 -120 -237 -126 -148 -11 8 -230 -208 -38 101 170 41 243 222 238 150 -176 -217 80 138 149 31 246 -244 39 -96 -159 -196 21 -99 42 171 197 -135 30 -71 -3 -119 50 120 -194 -43 89 -25 163 32 -53 -164 -212 -177 93 -86 -95 -140 -107 -224 3 -174 196 185 -197 -246 152 76 -229 -200 119 63 99 220 123 26 186 -218 -10 -54 59 102 -5 -221 211 160 34 -89 -79 -15 -70 117 244 218 -108 9 -131 -158 -21 -59 -184 247 116 100 56 130 179 224 -160 -56 -132 5 146 -162 -40 16 -141 -98 -188 229 28 -168 -22 190 -181 135 29 231 -155 107 -156 221 70 -80 235 173 -4 78 -138 1 183 103 -201 -74 64 -205 -215 95 -87 -173 155 45 156 75 -220 33 -144 -57 184 226 124 -32 215 -9 128 -202 227 172 -122 225 151 -234 188 153 201 -211 166 20 -102 -24 162 -213 -17 -84 -248 -175 -6 -81 210 -193 -121 121 169 -49 -69 -36 167 -167 126 -16 -133 208 -83 -250 204 -222 -249 18 -151 -232 -58 165 -34 -172 -136 -72 -207 248 193 -94 -123 233 176 -165 -27 -26 -191 -226 -198 96 92 40 131 206 -23 48 -92 -14 85 -203 -111 -134 144 245 37 161 -78 -125 139 -182 216 -28 114 -238 -235 -245 -127 2 -149 -103 -239 90 -97 10 209 -180 -179 13 0 -47 -242 11 -46 53 -39 -152 19 199 234 35 202 -143 -199 134 200 -52 -243 232 -91 223 111 -219 87 -37 66 -206 118 -76 198 79 -51 69 108 86 7 168 73 143 175 67 -73 -64 -183 -93 -116 241 97 65 51 15 219 -145 -66 71 212 -171 -105 -187 203 -163 -240 109 230 61 -62 195 182 94 82 -106 136 72 157 142 -178 140 17 159 -55 -189 -169 -41 207 -157 214 127 147 -30 -33 -161 -166 55 -85 -214 -109 -18 24 205 -117 58 125 189 -223 -154 141 -48 -104 -216 -12 -101 112 68 -61 6 88 -42 158 -7 213 113 -186 -236 -209 177 60 -228 -2 178 -45 36 -90 236 -82 154 129 -146 132 -195 191 47 -147 -60 110 137 106 -137 38 122 -114 249 12 187 -67 -115 77 54 -241 4 133 44 27 -68 -129 -247 57 46 43 -100 14 -130 84 -128 -44 192 -192 -13 -142 -29 145 91 -50 194 52 -20 105 174 -1 181 81 -233 237 242 -118 -153 49 -8 -75 -112 148 98 164 115 23 -113 -210 
TEST 138 ARG:162 245 110 -179 -60 164 -148 21 139 224 25 -139 -135 -27 -194 -28 -168 -163 -158 63 230 122 -93 248 -59 -180 -13 -33 -115 -120 73 -3 210 240 39 -203 156 -89 -121 43 8 225 -160 80 -20 -142 -65 -234 -127 -76 138 237 -9 127 205 184 2 -207 -131 -75 34 -24 50 100 58 208 -111 47 236 14 65 108 -155 -248 -55 209 178 -143 -128 124 99 19 140 -1 -181 154 16 188 -205 -41 117 -190 103 -105 202 -172 146 132 195 -171 81 -66 -230 35 219 105 190 71 82 18 239 -174 54 242 -137 107 173 -38 -246 -117 -94 37 -204 159 126 229 -97 157 22 55 133 183 -110 -146 79 218 1 -189 121 -199 -51 177 -68 -173 -187 77 203 -74 -245 -213 -84 44 -134 42 196 151 -162 -156 -45 -145 26 244 -17 170 112 -18 15 167 -185 223 -119 182 -46 136 66 -232 -184 -202 85 -241 51 88 -43 -8 115 45 180 -52 20 -129 -92 -193 192 102 -83 38 186 -208 -212 215 -54 -23 -40 -152 67 -186 -229 101 -67 -141 -11 -15 -36 214 -80 -222 148 -96 29 -63 194 -132 -170 -182 -242 199 -140 -191 206 12 -161 -177 -238 106 217 134 -133 -44 96 -61 48 24 74 -197 125 -169 -151 -154 89 28 -31 149 -30 -87 163 207 -6 201 246 33 -29 40 78 -178 -250 -221 32 -223 5 -48 153 150 83 -200 -77 -240 -53 59 -195 241 120 -47 231 -175 227 144 249 -56 4 187 116 -196 191 158 -98 62 152 189 113 -239 -130 -104 93 6 61 -82 -4 143 -64 -206 243 -73 228 222 169 -237 92 30 174 -101 221 -209 9 -147 -26 234 68 -14 -176 -7 94 -220 247 -227 -215 193 -10 -219 -116 -79 -125 233 -106 87 -102 155 -216 119 226 160 -167 220 171 -85 46 98 128 147 141 -214 -90 129 -37 -78 -58 52 -249 -122 84 64 -153 7 49 104 -107 -112 -235 130 -114 13 -25 -19 -188 161 11 179 176 -183 -109 -86 216 -236 -124 -2 -39 111 -42 -12 72 -5 -118 -192 -126 175 -159 204 -72 181 -69 211 235 10 -62 145 23 213 -233 -71 198 -217 17 -57 -244 -228 -231 238 -21 97 -210 -88 -34 91 95 -136 -201 -100 31 -50 123 70 -224 165 -22 -166 -70 -103 -211 168 114 -225 60 -113 36 212 -138 53 135 27 197 -157 -149 -49 -164 86 76 -247 41 -35 200 131 -99 -226 -243 172 -16 -123 -165 137 -32 57 -150 -198 118 -91 69 56 -144 3 166 90 232 0 109 -95 -81 75 -218 185 -108 142 
TEST 139 ARG:189 -207 247 20 19 110 -160 176 239 125 133 232 -64 234 59 23 -19 219 -239 -102 -14 11 186 -206 101 74 172 108 103 -248 225 94 169 135 151 -226 -125 -229 240 -32 -202 -209 -196 55 241 -4 -95 -123 -62 45 -162 162 -106 -88 50 29 -93 -166 -225 96 -21 -188 -233 -26 -217 -3 -69 -215 113 -31 161 -37 131 -169 -67 70 123 41 -16 153 -55 75 111 149 -13 -221 204 -130 -100 226 -79 -12 -96 31 -181 -54 86 143 -220 170 -228 -42 -57 -109 -211 42 18 -5 -159 156 -140 118 -145 38 201 -219 188 185 244 -65 -222 -153 7 193 -50 242 46 215 237 -63 182 -149 148 -98 116 27 -118 39 -59 130 210 104 214 -85 -193 -99 10 28 -122 82 233 -186 183 44 89 249 207 -155 -30 -124 217 -142 236 -177 -191 76 -110 93 -200 35 60 -236 243 197 -224 -127 -49 37 -114 -80 64 -223 -60 -78 24 213 145 202 -148 -204 224 91 248 66 -115 62 126 -171 32 -238 105 196 112 -156 88 222 120 107 -68 106 22 -178 -161 -9 158 57 132 168 -72 -86 164 77 -6 -132 -157 85 -44 68 128 -139 -76 -151 -39 -105 177 14 -198 36 26 -240 -108 192 216 34 65 25 -175 61 15 21 95 -77 -48 -163 8 102 -40 -101 -33 -46 -213 99 159 -235 230 152 229 150 -27 191 -195 212 -199 -250 -176 154 30 -75 -81 -135 136 -113 -103 235 -74 -18 195 -138 -133 54 -137 -230 200 -249 -134 0 -158 -119 -104 -61 -218 220 -121 171 190 80 87 69 47 56 97 52 -201 33 -47 -172 -128 -70 -116 -38 -84 -146 -23 -120 -24 4 -83 209 115 58 140 78 -210 6 -45 -182 -192 157 -174 173 166 -180 72 165 -143 -7 163 203 -164 -17 223 184 -56 205 -179 181 -87 -214 -190 -234 137 227 -173 175 -94 51 155 -167 -216 -35 -232 146 -183 -131 -205 -184 119 49 -36 -10 -52 122 83 211 129 139 -8 -152 53 -244 -231 -89 206 -41 178 -20 144 180 -245 92 -2 -246 -243 13 100 246 73 218 1 -136 5 -144 -247 -107 198 141 199 12 160 84 90 -34 67 3 -150 228 43 -203 114 117 -242 238 -154 -112 121 16 -43 -91 -29 -197 -141 -71 98 194 109 -170 187 -165 167 -168 -25 -66 -22 -53 -82 208 -227 71 231 -212 179 79 -92 245 -11 134 124 -187 -73 -97 -28 -58 -1 -189 -147 48 -208 -194 81 63 -129 40 -117 174 -90 142 -51 2 -15 -241 221 9 17 -237 -111 147 -126 127 -185 138 
TEST 140 ARG:244 -154 221 -15 15 -148 128 126 -112 178 -145 -12 62 153 -207 -55 104 176 150 -44 -208 16 -96 -73 162 0 -140 -119 -133 -28 -242 -84 -4 89 222 151 220 234 -25 196 70 183 122 -39 -116 -13 74 -141 -94 -72 -92 97 80 -124 144 61 158 38 -211 -77 -9 -106 204 -113 149 -149 233 -199 -143 -233 -20 -33 -243 109 101 171 47 235 58 124 -105 3 175 -107 -224 -58 228 -179 177 91 -215 55 13 206 107 200 43 86 116 79 211 -1 32 243 212 -120 -75 -48 -197 -161 -170 -90 229 -17 160 -27 84 -229 -126 179 -174 208 127 119 230 56 -97 168 -203 -165 195 -201 24 157 -240 -164 -87 138 -223 -50 -218 94 -49 -136 -146 -123 -139 -188 -186 -162 197 248 184 -65 -212 -46 100 -81 -103 -3 219 199 -250 193 -184 -93 -222 -236 180 64 -150 -241 -102 -45 148 -115 -168 -101 -177 143 223 49 -37 37 -185 129 -54 -62 142 2 -26 77 -86 35 -5 125 -134 -180 -74 73 -156 -85 245 10 134 -99 102 -110 241 -192 -176 231 99 -52 -217 110 -59 -228 163 117 111 -152 156 -221 -200 -216 -138 -8 133 34 -63 22 -131 -68 210 36 -41 14 185 147 226 154 118 -31 -56 -128 -38 113 152 247 240 -144 -204 -171 174 249 31 4 -66 -206 169 -249 -248 -158 -213 -79 1 -193 232 -57 -159 8 98 141 166 -36 -18 -7 25 -190 -91 28 -127 187 137 54 -109 96 75 -19 136 -196 -237 42 -89 108 -24 103 -231 115 23 167 -189 165 9 51 40 209 -142 205 -169 -160 -40 -42 26 -247 -121 83 -82 60 225 -202 121 -69 57 159 -61 -130 215 203 69 131 -108 -238 18 76 224 -198 45 -246 53 -30 -155 -214 -173 -117 -118 198 216 -16 -234 78 -151 -22 164 207 -157 -23 -230 93 48 71 172 201 173 11 68 -95 -125 140 -32 17 88 5 59 -34 -104 -210 132 246 39 52 -205 72 -178 106 30 -78 -137 -219 90 -167 194 7 -135 -220 105 -147 202 155 237 135 -172 -60 -10 -67 186 139 -64 213 -83 217 -2 -122 -35 -226 -21 239 -11 85 67 161 41 92 120 19 66 -132 33 188 -47 -232 145 -80 -166 -194 -76 242 21 20 218 -114 -51 -88 130 114 214 95 -183 46 -14 -209 -187 -70 191 -111 123 -239 146 -182 -175 44 227 -53 -245 -244 82 238 -43 -225 170 -227 63 -181 -6 -163 50 -71 190 -195 -191 87 181 -129 236 -98 -29 29 27 -235 12 192 -153 81 112 189 6 65 182 -100 
TEST 141 ARG:-227 44 189 -218 13 -137 230 -107 3 215 14 90 102 177 206 65 -99 158 127 210 35 201 18 111 -1 239 185 42 143 -129 -134 32 -32 204 1 -100 63 -143 198 -231 -97 -80 195 162 227 183 -152 40 11 242 -160 214 138 -200 6 119 176 249 -116 -52 10 187 -114 -92 -71 -15 -54 -203 41 -247 -219 62 117 146 -72 -141 -37 199 114 217 -186 -45 -167 -207 245 173 169 -162 73 67 188 -46 -62 -194 33 -191 -118 149 -36 -230 -229 -135 157 -39 -81 248 9 -208 7 -209 -50 -159 -177 -155 179 -112 87 -145 -115 -198 -196 -164 238 246 164 -157 -156 182 -6 61 -131 -170 47 -139 -110 83 -28 -181 180 -17 -121 -18 -108 -216 -249 -188 197 135 -192 -8 -241 -24 99 240 145 -240 -136 234 -201 69 -102 84 221 64 -9 228 -132 -190 -204 213 76 126 -126 21 -75 -4 68 160 144 116 93 77 -113 -34 54 -98 166 45 202 -171 223 -238 51 66 -237 -199 56 -197 -77 -42 57 98 85 88 124 23 30 -168 120 -69 -89 100 109 16 71 103 218 -215 -68 -65 148 167 -78 -212 20 -223 -38 -104 241 -244 -179 129 59 -7 4 5 196 -124 233 168 -235 -55 -224 78 -103 -158 -40 -239 -234 -123 29 60 -117 -33 -228 113 -184 -232 -153 28 211 80 -93 150 -138 235 -12 118 244 243 -27 -128 -165 -67 -175 -146 70 -70 112 -30 107 74 174 110 -127 50 26 -150 -16 36 -41 52 -53 -111 43 142 94 192 -217 -47 -119 140 -48 232 -2 -66 48 -88 184 58 -182 -49 -149 -57 31 115 -189 89 -51 175 12 159 82 8 -101 -193 15 -142 -56 46 0 181 224 2 92 200 -35 222 -10 -174 -176 -226 81 134 -245 178 154 130 24 163 106 170 101 -120 205 -178 -86 131 34 -147 38 55 -19 172 -163 -85 79 -59 -29 123 -140 -94 225 -169 226 121 -63 19 -22 212 -25 -202 155 -90 132 -242 -221 -3 147 -130 -205 -166 27 -13 171 -213 -148 194 -23 193 -225 -246 39 153 -125 136 -91 -58 -84 237 37 -206 -26 -222 22 108 86 -31 125 219 -144 -122 133 208 229 -76 72 -74 -183 -106 -11 128 49 75 151 -187 -248 -82 -214 -173 137 -233 -87 -211 231 236 203 -250 97 -95 -44 -154 -96 209 139 152 165 -60 -185 186 -109 53 -195 141 -180 220 -20 -210 -220 -243 -21 -79 156 191 95 122 190 17 104 105 -64 -83 216 91 -14 -61 -5 247 -43 -73 -151 161 207 -133 96 -105 -236 25 -172 -161 
TEST 142 ARG:-57 -240 -193 -58 -3 60 -204 120 -172 229 96 -147 90 107 18 4 -24 -168 43 -213 -205 -177 166 -16 17 173 -25 -102 102 153 97 184 -40 -12 2 141 -122 -47 -241 207 219 -138 168 -37 3 -212 10 199 -55 50 -224 72 121 235 12 -222 -216 -208 123 -54 -183 132 91 134 -158 35 -135 -109 191 -190 -186 6 75 -75 128 -170 187 28 150 31 98 122 183 -211 37 115 -141 93 236 -44 155 225 237 -86 41 -11 -111 83 136 -8 167 -194 -49 -234 -56 100 206 112 208 -27 -219 197 -103 48 -41 -43 204 -4 -99 152 -14 194 -217 -45 -98 198 -77 -209 -248 114 44 -197 149 -69 -146 -48 1 -218 192 239 -176 211 -85 -123 145 214 11 40 223 -26 200 8 246 -231 226 162 -160 76 -178 14 -163 -80 182 -105 169 -238 108 -6 127 -185 227 67 77 -89 -136 29 165 -191 111 -245 -243 143 244 -226 -108 -132 70 -140 63 201 126 -46 -145 -60 118 232 151 -167 154 -5 218 222 22 196 -39 -153 58 117 -157 -81 -143 -246 -91 0 133 -148 210 249 131 -196 -95 -152 -51 -79 62 -67 -139 -63 -115 -181 -125 109 105 -110 188 170 -76 26 -244 7 -104 -173 -201 85 233 -182 -32 140 190 -149 -124 88 142 15 -23 -30 -29 -184 -169 185 -114 -242 -64 177 -235 203 78 -195 181 189 -162 221 -229 -2 144 59 13 -121 179 -233 -34 247 147 -62 -10 -130 -189 -59 -150 248 171 234 -249 130 -88 110 157 33 -207 86 129 -22 135 186 -128 -215 -247 -220 104 241 99 -129 -35 -250 -154 101 68 66 19 137 -131 -236 159 -179 -20 -13 242 -206 55 30 71 158 74 -155 -180 92 231 94 212 -165 -65 -94 -18 42 69 -116 24 64 39 220 -42 56 -144 -84 -31 202 156 45 103 -73 47 217 -113 87 176 -164 -237 52 -175 -119 124 161 116 -210 -66 164 -198 79 -7 61 -96 89 -221 -199 16 -171 238 -227 49 -21 106 -161 -203 245 195 -50 -68 -232 -159 243 215 216 172 -33 125 23 -133 -239 -74 -156 -92 95 -72 -38 -100 34 21 -126 -90 -70 174 -228 -230 54 -71 80 -93 -78 193 -137 213 228 -61 84 -134 -200 53 -52 -87 65 9 -19 36 146 -36 -53 -97 -9 38 -101 209 -151 163 -192 138 230 -28 25 -15 51 5 82 -223 175 178 -118 -83 -1 -106 27 224 57 240 -82 -142 -117 -174 148 -225 113 -188 46 -17 160 32 81 119 -214 -166 -120 -112 -187 -127 -107 20 73 139 205 180 -202 
TEST 143 ARG:-208 -69 -104 -8 -29 5 25 107 58 45 47 -183 -238 67 75 -230 -193 -101 135 158 -205 -17 243 52 -165 -121 -107 -24 174 -95 -90 246 148 40 59 -66 87 -3 -150 -250 103 144 228 128 74 -245 -219 -61 -194 199 147 -226 156 -11 88 -85 -16 -227 -84 -234 124 -58 242 -223 -124 -125 -7 18 -159 238 99 215 234 22 -153 -239 -74 -144 214 32 130 -203 203 -209 -211 84 48 49 -77 224 -139 -108 13 -91 -62 -78 -4 -173 113 220 -164 80 -218 63 -86 -207 223 -190 56 -145 149 -37 -109 -188 50 -141 -67 104 196 -63 92 68 -134 -55 -172 102 -185 34 82 -129 -192 123 160 131 93 -113 86 -48 109 -33 73 -126 62 134 -118 175 11 85 185 -155 -212 183 154 9 -81 -114 125 186 -88 205 189 -249 -151 70 195 -49 201 -202 118 202 -243 206 6 -73 -137 222 165 132 247 -232 233 27 141 231 -117 -72 97 -41 -170 -158 36 12 -148 95 117 116 -242 136 -231 172 112 -167 100 -54 237 -39 -157 51 -50 -14 -196 -106 -178 110 -10 -57 -135 -220 -131 167 -168 210 164 -162 -111 94 -163 101 -26 106 -199 -142 -94 -59 -128 181 29 -32 -20 76 -198 166 -36 -30 17 -195 208 -120 20 -64 -19 66 78 -174 225 163 -28 212 61 89 -176 -80 121 168 -83 -181 -70 -156 -177 -225 -5 127 -216 -189 216 69 -147 129 -233 -23 -110 151 46 -136 122 184 44 26 64 -179 230 -35 -60 143 200 240 -229 -217 38 65 -65 -2 71 -42 -197 229 236 -93 137 -27 227 -112 -175 169 226 -6 209 -96 81 -237 -149 114 197 -47 179 111 39 159 -140 98 -152 35 -56 -79 153 221 2 -21 -51 -1 -236 -187 57 193 -171 -246 -53 -52 4 177 133 37 77 232 16 -248 31 -186 -105 -201 -18 30 -45 8 -228 -15 145 -210 -206 241 157 90 -130 146 178 -46 -116 119 -97 -160 190 217 -71 108 3 105 173 120 41 126 142 1 -146 162 -119 -123 -43 176 -235 -82 170 10 -12 -215 91 -240 -89 14 218 15 115 -204 -244 -102 -34 -191 53 211 139 -200 -224 -92 -241 -166 0 54 219 239 -40 19 24 42 -87 182 187 -221 207 249 -25 83 43 -180 -247 188 194 155 150 191 -75 235 -9 -154 248 55 -213 -13 171 152 -98 161 180 96 -184 7 -99 -132 72 -161 -169 -68 -76 -138 23 -38 -44 -182 -22 21 -127 -100 -143 -222 -31 79 33 140 -133 204 -214 245 60 198 28 244 213 -103 -122 192 138 -115 
TEST 144 ARG:154 -171 28 148 184 211 207 61 -198 179 -147 -10 -101 167 -96 204 66 -246 -6 0 -111 -110 32 63 53 -155 18 -93 155 34 -18 220 -202 -2 247 68 -200 29 -119 -195 -126 -165 62 -194 -118 -212 -32 -75 129 -56 -5 196 233 -54 238 -99 -234 -102 11 -243 107 -34 160 209 158 98 -145 -152 -66 -233 192 -191 171 120 -50 25 172 -105 181 248 -223 -179 46 168 15 205 199 52 -134 -237 -218 -58 79 191 40 198 111 -241 54 -90 127 -131 186 -174 -61 180 33 -21 -28 -91 -135 -166 110 71 -176 -9 -51 -19 9 -144 213 -59 166 -222 -224 6 47 234 112 131 164 245 -117 145 230 95 -201 241 96 151 99 -207 -98 210 170 -184 -116 -249 139 -107 82 169 -216 -128 24 165 195 4 117 -77 -247 -92 216 212 39 -151 -76 72 -188 -163 93 -64 227 -196 -206 -236 141 -80 215 -181 -244 130 -52 -82 64 -227 152 -13 208 -103 -199 48 182 -67 -204 -65 128 149 173 -143 -31 -153 105 -140 124 221 -42 -27 -217 144 223 113 -49 200 -41 -156 -189 -141 -88 -142 89 -146 7 1 -172 -164 -40 70 -150 157 -29 -84 156 76 43 -245 162 -226 -70 -185 37 119 8 -210 -177 122 -127 38 -132 101 -122 -115 -38 -25 -78 225 -39 -63 -167 -4 -87 13 159 -36 30 21 134 -170 137 91 -26 94 -248 176 51 78 -124 106 -104 23 56 206 135 55 -133 -73 -55 -37 102 -57 14 -125 188 236 -242 218 -182 222 100 -120 -173 -183 -83 240 65 249 185 -203 -12 -8 -130 242 -139 -46 -190 -129 -238 -15 214 -138 97 12 -211 -69 -108 69 103 67 -235 -11 -187 74 85 114 -157 125 -250 246 -106 201 126 80 -193 190 -208 42 226 183 -225 193 57 50 219 17 2 -168 -229 140 237 -24 -121 -162 -3 58 3 232 197 -123 -137 -209 -228 -214 -43 104 -48 -72 -1 90 -44 123 83 116 -158 -45 -114 -205 5 -30 132 118 -159 -154 235 81 20 146 -62 108 -112 231 138 -178 87 -47 -100 -95 -79 133 49 -97 142 -74 10 161 -215 60 217 109 143 -192 77 84 31 -14 163 -113 115 -230 175 202 19 -221 174 150 36 -17 178 -136 177 -20 203 -175 229 121 41 -220 -23 -86 -231 26 73 153 -7 136 -81 -89 -240 45 -160 -161 189 -35 -33 -149 -239 27 239 86 59 92 187 228 243 44 -109 22 -186 -22 88 -180 -219 -85 -53 -68 244 -16 -71 75 224 194 16 -148 -213 35 147 -197 -60 -232 -169 -94 
TEST 145 ARG:-247 -80 231 163 -219 63 225 51 -53 -66 -163 144 95 -1 -63 125 -207 192 -145 -185 43 87 106 25 -137 150 -151 17 117 -68 108 147 -119 -121 -38 -133 -202 -96 -231 -148 2 -30 -102 -46 205 -8 -56 -74 174 32 165 198 -83 185 160 -45 -122 -113 -19 33 73 -111 -168 -105 134 75 -200 24 209 -147 156 136 -99 -123 29 -128 111 -197 -209 172 248 -90 -146 139 -172 -188 -157 133 -16 -205 -86 193 -51 153 70 212 -237 -82 -3 -144 -120 197 74 39 184 54 -153 77 140 199 -70 120 -101 148 1 -138 -29 -36 -78 -173 182 78 -166 178 12 -214 -149 -132 21 -194 20 -184 -4 -136 151 -230 154 -215 69 90 -67 -243 213 -201 -48 142 -178 -116 -64 249 -234 -60 79 -139 -47 38 187 149 -49 -208 -112 -141 208 -14 -100 126 235 162 -171 -175 -35 -162 11 10 -191 195 116 214 -71 -77 -239 -95 -130 -91 97 175 -97 55 93 152 -109 -190 76 179 -2 -55 -203 -104 243 239 236 159 -180 188 -115 189 -23 207 114 41 -225 244 28 60 -61 217 210 -25 215 -217 -129 65 220 80 119 137 232 86 -218 -117 157 132 -85 -81 204 9 -13 48 61 121 131 242 186 -167 -193 155 82 112 68 0 -103 -165 -169 118 -250 19 91 -246 -158 190 -40 -183 168 -161 53 50 5 49 52 219 -223 -212 6 115 -73 64 -213 -118 -84 -155 129 237 240 -110 -62 -248 -59 -196 247 128 -106 98 40 191 59 30 -27 161 22 211 23 169 196 81 42 -198 -228 4 -140 -216 36 -164 233 27 -240 -177 100 228 -32 -233 -181 16 67 201 -235 -21 -114 14 -44 37 -18 -127 -176 -224 -154 -9 -31 85 84 92 -22 223 200 180 -58 -131 226 103 -42 -92 -33 -222 167 -220 -187 -94 56 104 -34 89 -238 -245 15 -5 245 83 34 -206 109 -20 -159 146 -24 -192 -12 -93 230 202 -98 107 -210 203 -156 102 -88 105 222 216 31 -124 -179 -107 141 181 173 -26 44 -134 -41 166 -229 -174 -11 -135 3 -79 66 -76 -69 62 -52 183 -54 221 -241 -244 130 135 101 124 8 -43 -89 88 -227 46 246 227 218 -72 -57 -126 158 99 110 -182 -186 -50 -199 13 177 -221 -65 35 94 -211 127 -152 113 58 -195 -39 -87 -6 96 47 -232 -170 -15 -249 -75 -7 -189 -28 -142 26 206 194 -10 -37 71 45 238 176 -242 234 241 -236 145 170 123 224 -143 -17 72 18 57 -160 -125 -108 164 171 122 229 -226 7 143 138 -150 -204 
TEST 146 ARG:191 104 -91 -155 7 169 16 -220 69 -156 -151 239 -17 -232 -105 -228 -49 100 -48 -79 67 -22 216 -11 -16 72 63 50 -221 -111 -210 -197 224 -96 242 62 -29 -180 -121 -83 183 70 -219 186 52 213 -191 -142 176 97 -38 95 23 -176 240 12 -149 -36 -101 -213 107 -61 192 -226 -203 37 158 6 154 211 -169 38 -184 -63 -163 68 -94 -25 -187 -153 86 -3 -123 -182 56 -74 -159 150 152 -192 -230 20 -88 77 204 130 243 -2 -171 96 237 -86 65 -14 207 126 -188 -114 235 105 35 -209 79 -45 -128 94 119 148 -131 -69 -62 -127 123 78 138 163 13 146 -164 -37 117 -102 -144 102 -6 98 -179 29 -21 109 -51 172 24 -81 -28 231 34 139 -136 142 -243 -244 134 -245 -231 194 -97 -158 -124 36 -145 -42 182 140 -67 90 227 -216 168 -60 -143 -239 -15 -66 108 57 -174 132 127 28 61 214 199 -24 -218 76 84 230 -13 223 14 -82 -84 177 -241 -194 174 159 116 53 -107 -202 190 -189 -23 -119 9 166 21 234 247 -65 -222 244 -193 33 26 -160 137 -206 131 49 -173 -162 118 -129 -177 18 -212 -200 -223 -165 -139 -93 189 203 -227 66 178 -52 184 8 80 212 181 111 -140 -172 4 47 39 -40 206 112 46 -75 -5 226 -236 -33 -246 175 -132 -18 144 110 128 -229 -240 -133 141 30 -46 -167 -242 75 -135 -233 209 205 157 45 -137 87 -90 236 228 -55 136 31 167 -116 -73 -99 99 -85 -208 -181 74 -130 55 202 222 -217 -195 5 201 -98 -80 210 59 -190 125 -201 232 122 196 245 221 -150 -199 -35 48 -12 -32 -138 88 219 92 58 -39 -77 -30 129 -146 161 101 218 -58 145 -118 44 -170 -161 225 -148 81 220 -157 -178 -207 197 -68 2 -249 -141 19 -26 73 165 -237 149 41 32 42 -53 198 -250 -47 143 -134 93 -225 113 238 -185 -120 54 -183 160 -1 64 155 83 200 170 -154 22 -10 233 89 115 248 208 124 217 114 1 -152 0 -117 -175 147 -106 -54 82 -126 171 215 -115 156 -92 -104 -50 -211 -43 -4 153 133 -234 -70 -238 120 -20 135 -147 229 25 -95 -196 187 -100 15 -113 -44 -168 164 -198 -224 241 -186 -9 -72 43 121 -57 -31 -166 40 -109 -34 91 -125 -214 246 -78 -64 -122 -112 -235 -7 -247 -56 3 -59 11 179 195 60 -76 -41 -103 185 -89 71 -215 -71 -19 10 51 162 106 -205 -108 249 -110 17 188 -87 103 151 -204 180 27 85 193 173 -8 -27 -248 
TEST 147 ARG:246 -88 -91 -127 177 100 67 -21 244 -9 58 -96 178 -209 -94 113 -155 -201 -46 -244 -35 214 61 56 -90 -22 -140 125 -55 -175 107 -71 49 235 174 80 -5 41 -131 -219 109 -11 -215 -18 7 -98 -52 -235 89 -48 94 -121 -74 183 185 242 76 -36 12 -54 198 150 -181 101 52 232 -70 168 -24 -76 132 -194 69 154 234 220 -226 0 153 -190 245 -117 -38 157 -72 -116 189 5 142 87 -97 162 -16 25 40 -166 38 -205 -53 136 92 96 -110 60 -37 122 131 -92 156 -7 -138 4 -12 35 231 -3 141 118 -137 213 91 -103 62 -198 163 59 179 -246 -14 203 -106 228 -200 166 37 111 54 -160 197 -85 128 187 218 -191 172 16 249 191 180 -242 -45 123 -180 -104 46 155 -34 -164 -204 88 106 236 39 -32 -154 90 -118 205 167 74 -26 -64 -115 230 -230 3 -83 -227 43 -173 -220 44 148 -208 130 -163 -105 -29 108 -236 146 26 -123 140 -33 112 97 -249 215 -146 51 75 -1 -165 -130 -158 -114 120 55 27 -43 169 -122 -136 31 -134 -225 -248 186 -217 -124 190 -192 -82 -80 -95 -133 -168 66 -113 200 -50 -250 114 145 -229 1 18 -222 147 104 -195 -216 14 237 -108 176 -207 -42 6 93 182 95 -66 -218 -214 127 -196 13 10 -20 -2 -125 -78 -170 -247 117 149 158 199 -184 206 -156 -120 212 -241 -177 -39 73 -10 28 -8 139 -86 -187 -77 -132 -243 241 240 -19 68 193 8 209 -145 161 133 -174 -112 -101 208 152 -212 -185 -172 221 57 105 -144 224 173 119 -167 -79 202 -75 -89 134 -159 -30 243 233 195 126 83 -47 9 70 -152 -245 24 36 78 -213 -199 71 -81 -224 -58 22 81 135 -119 -169 227 23 -28 -171 -31 -41 229 116 -193 86 21 17 -211 -100 204 -25 -232 -57 -73 84 -69 -182 -206 211 164 -87 -23 -142 -237 -107 47 98 219 48 85 144 110 159 -99 -143 -233 -135 238 192 29 210 -129 -40 -161 64 102 79 -203 -4 -44 19 82 -176 -148 -153 -210 -238 124 -202 -6 -15 175 196 103 -56 -62 2 222 -59 -61 -183 30 -27 -149 99 121 34 151 -178 -162 72 -102 15 143 -141 -228 115 -65 226 165 -13 45 239 -93 -150 -147 171 -49 -67 -223 138 53 207 -188 216 -60 77 -179 129 184 223 -63 65 -128 -231 -239 -111 248 194 20 -17 170 225 188 63 -68 50 -186 -151 247 -126 -240 137 -221 181 -189 -157 -234 -51 160 33 -197 -139 -84 32 -109 217 11 201 42 
TEST 148 ARG:-170 129 -138 -182 -121 132 -55 99 98 -159 105 -249 -184 35 -172 114 192 -187 -189 -122 154 76 116 138 173 -203 -4 -76 179 -223 -63 -224 -192 -248 -143 -198 -91 -141 -44 -79 174 -238 -158 196 172 131 -28 220 -31 143 -90 -250 238 80 -228 -36 -120 -204 -59 96 -74 -216 -205 236 -162 -101 -206 205 248 -146 5 45 198 163 75 -80 235 -99 67 102 150 -191 156 190 216 -19 -117 55 142 -157 -47 -231 157 -16 59 90 17 26 125 146 186 208 -78 -35 -68 6 -208 134 187 40 -207 -241 182 -199 242 -214 -48 -193 -135 193 136 -12 -183 -7 139 122 -83 -82 86 -71 -219 30 100 224 160 -175 36 -95 -84 37 245 -60 -75 -8 -176 201 -236 -57 -49 213 212 -27 -233 -180 -202 49 181 -3 71 92 -155 223 -46 72 -151 -215 -5 1 239 231 64 50 53 -139 153 -24 -87 82 2 120 -164 83 137 -70 -167 -9 -154 43 -69 19 167 -230 -54 -114 155 -88 240 133 -30 191 -213 54 197 77 74 -81 -86 -42 221 210 3 -218 -212 70 -34 -119 -26 199 -166 -137 95 243 31 -85 226 -53 -245 -39 145 65 185 108 107 -200 47 -225 -125 89 -41 -15 232 -178 -113 7 -6 -51 188 211 -96 -209 -23 -226 -229 9 115 56 -2 234 -196 229 91 126 -210 -72 -221 -232 -11 175 -115 144 33 -66 79 -124 -163 13 -10 -140 -171 225 -247 228 87 128 -45 -234 130 -67 34 183 78 -103 -62 168 16 237 206 -156 84 -149 -106 117 -174 -33 184 161 162 39 -186 222 62 -100 215 81 -130 166 177 178 -118 217 24 73 207 171 -132 230 158 -144 25 -142 14 -64 -97 61 -20 195 180 -93 68 94 141 123 -98 135 -94 44 219 -17 -56 41 -89 118 214 38 -185 101 -169 8 4 -123 164 111 149 218 -105 -112 -61 -235 247 -126 -133 42 249 -92 244 -110 -227 -161 -131 -194 -211 -188 58 -102 69 22 140 -165 -244 106 -160 119 -201 48 -22 241 15 209 46 109 -111 -177 -242 29 -73 113 189 -43 112 -127 -109 -222 204 -181 -77 203 -25 -246 63 -168 227 -153 -239 -107 -147 28 12 -152 88 152 104 93 -136 -104 85 51 -190 176 -32 200 233 -197 202 21 127 27 66 -58 18 -240 148 124 -52 -195 169 -29 -108 -243 10 -1 151 0 -116 147 57 103 -150 52 -38 246 -148 32 23 -179 -173 -21 -220 11 165 -129 -14 20 -40 97 121 170 -237 -134 -13 -128 159 194 -217 -65 -50 -18 -145 -37 110 60 
TEST 149 ARG:-166 97 -213 -13 165 -57 -208 -3 -250 172 -169 96 225 45 -70 -129 101 -115 -182 122 -125 239 203 -124 22 142 221 94 -232 -33 137 130 119 -230 -88 -40 37 -248 73 -191 -96 -150 49 160 226 125 -238 -135 120 -19 -231 14 102 245 -165 -137 141 -42 -78 -197 -116 -44 -103 196 -134 66 -43 135 -72 -20 -190 109 210 11 -94 -62 42 184 27 29 -117 233 40 78 192 238 143 -66 -139 0 205 104 33 198 -121 -147 -154 186 -205 139 -151 211 -161 110 -188 -214 -142 77 126 -76 -196 -152 193 -21 -25 246 -109 -112 163 178 -127 -242 -183 -98 -101 -181 -236 176 -209 129 -141 9 -110 -144 150 -2 98 -108 -65 -63 86 2 214 114 103 -104 197 -159 227 177 234 -105 134 -118 -80 -206 -38 -171 -148 56 237 12 240 53 -75 16 -189 188 -133 -46 199 24 -145 41 -51 228 191 168 187 -180 -212 91 217 216 248 65 76 212 -167 118 18 215 -37 36 80 52 -56 -186 -241 39 -128 -187 149 17 -27 50 -1 -247 68 48 -17 -227 -200 -168 -174 -54 -179 -132 -83 35 -221 -74 152 181 133 231 -52 21 151 -243 3 169 -100 -48 -50 -163 -4 -91 -92 229 -226 128 182 173 111 -102 85 -9 -12 116 -123 -53 13 30 -26 207 185 -164 -41 -10 166 138 -85 89 -131 -219 -175 -224 -7 1 144 136 108 79 -82 158 -32 -29 87 -202 -235 156 -245 -178 -176 43 -95 219 235 -28 -195 -149 146 38 93 222 224 -239 -64 88 -35 75 -39 -30 -246 -24 60 175 -14 90 59 47 -185 -192 -233 200 107 -201 -229 -68 64 -45 223 -23 164 44 99 32 180 127 -16 -140 241 170 54 95 -223 -34 -222 -237 -216 25 -234 171 -130 -136 167 174 232 -111 155 6 206 -220 -199 202 247 201 -114 121 84 -157 190 -177 -158 -160 5 -73 31 -204 62 -119 -87 -67 -122 -84 74 63 -153 34 57 -81 140 -90 194 10 -97 113 8 -156 -172 -203 236 189 243 131 -8 195 -55 -249 244 -60 -184 -36 -126 -107 -162 124 249 145 -173 -106 183 154 -69 117 -207 218 -193 -79 123 92 209 -47 115 23 208 -49 230 81 -77 7 28 106 -170 -58 -194 -215 100 -217 220 159 -5 -211 -228 242 112 20 161 105 132 -138 55 72 -71 147 153 -15 -18 -225 15 -155 83 -244 -11 46 69 -22 67 -93 -61 61 204 213 51 -59 -99 -198 -120 -240 26 -143 -210 82 162 179 -31 19 58 157 -146 -113 70 4 -89 -6 71 148 -218 -86 
TEST 150 ARG:-201 -7 -169 156 213 229 192 -240 249 -66 -31 -151 128 -20 -86 -185 153 93 -193 -32 130 -195 66 -239 247 173 245 -71 236 -184 -49 -117 44 -52 22 63 227 170 174 -27 186 -119 -53 50 -118 -219 -248 -161 231 -76 -170 28 19 -92 -171 -58 -130 -145 -11 193 20 108 -95 160 -9 -182 -103 5 46 157 230 195 -228 172 243 -57 210 71 -189 -97 -41 -62 -111 -102 118 188 -173 -142 -93 70 -44 -233 -43 -72 209 -181 34 104 -84 -21 142 239 75 197 242 -67 37 -208 115 -180 -100 49 224 -157 -108 -101 3 -146 -137 -150 72 -48 -192 222 81 212 -129 -205 122 -186 -147 98 -128 13 60 109 9 -220 -104 -223 -199 -121 -152 -245 -207 111 143 112 -214 91 -10 -50 176 -17 -77 -116 -79 -191 110 89 76 -120 190 -183 -18 -154 -135 203 4 232 -202 -159 154 201 125 -206 14 165 117 147 -241 119 -80 158 -107 27 -165 -54 -172 215 -242 141 47 159 144 -46 8 11 -56 -64 207 185 178 43 -213 -238 -106 77 0 53 194 -122 -231 133 -244 45 85 -198 -216 196 -51 6 -229 -155 -88 -13 65 51 -175 54 228 -143 61 -114 -210 -200 191 214 -65 241 103 -203 -69 124 -87 163 -149 -113 219 25 223 -45 -82 -26 -29 -236 123 140 -224 23 216 206 -109 -22 41 -163 -134 -227 182 21 152 94 55 145 -105 7 97 -4 -174 -25 17 -3 105 -211 107 136 -91 -15 237 2 -162 40 199 183 166 59 84 -81 78 -225 29 244 -38 150 -78 -249 225 162 151 129 79 -187 175 -217 -5 -235 -14 204 184 -70 -158 -60 62 120 -232 56 187 73 135 148 248 -126 -125 126 -23 -140 -218 -40 -144 139 -33 132 -250 57 131 58 146 -89 -212 -39 -136 138 179 -243 137 -132 30 -156 16 238 -196 -221 220 18 -74 -73 -35 155 -123 80 202 -98 -96 205 88 38 82 100 233 24 -83 198 168 -209 32 -237 96 221 -24 -12 42 226 33 102 101 180 -6 164 87 -139 95 68 35 74 208 -247 -47 217 -42 -36 121 149 15 181 -8 127 -166 -30 -1 -141 92 -168 -197 52 -234 234 189 -115 -19 83 200 26 -226 177 31 -177 -34 106 -246 235 -90 -55 12 -75 69 -178 -167 86 114 -85 218 -133 -148 99 1 -190 67 -222 -127 169 -204 113 -59 -188 10 -2 161 -99 167 -124 -68 36 39 -153 -110 -28 -37 -61 -160 -164 -215 211 -176 -194 116 -179 64 -112 246 240 90 -230 171 -16 134 -94 -138 48 -63 -131 
TEST 151 ARG:-56 -184 122 -247 93 188 -182 -214 48 23 -123 125 50 60 -88 -117 90 -50 11 -191 -188 157 17 -16 29 246 236 -14 6 159 126 13 137 -140 216 -26 75 101 -171 198 131 28 182 -176 223 -196 245 -185 248 -141 -134 -116 70 -31 146 238 174 209 -118 -186 -130 -154 164 123 41 -199 -111 214 -172 47 158 14 185 -241 142 -224 149 -232 -28 -76 -200 -229 102 -77 227 155 -249 -204 178 124 -158 191 244 69 -192 -34 -142 38 -174 -30 -53 24 16 18 57 -234 -27 -99 61 -218 140 31 -189 163 -36 -29 190 -197 -3 116 237 -148 224 -113 229 -136 -40 121 231 39 148 -215 129 175 -128 -183 -24 128 215 -11 -95 -21 -66 68 -216 201 -35 72 -22 1 -54 -73 -146 105 235 91 233 108 -133 -165 -187 -97 -228 -59 62 136 -67 183 -92 -98 -19 32 42 -102 -190 112 218 -2 -60 97 186 -71 -83 94 -163 145 -39 -145 -143 184 63 -225 12 172 144 81 37 -51 26 -219 -235 -64 118 84 -18 -167 247 -84 -208 -149 161 -221 -243 -135 -151 -152 -110 -175 -222 8 -169 51 -90 212 76 -226 -170 -49 -13 -246 19 221 -81 107 113 -231 130 49 153 5 79 74 -42 232 -94 217 -23 134 59 120 0 40 110 -6 225 98 249 241 -106 -239 77 -177 -240 135 21 205 100 104 65 -245 -58 -82 -122 95 86 36 177 -230 -144 83 -17 -68 -155 -15 -161 -100 199 64 -206 -132 -248 169 -72 -125 -166 -237 -160 -103 -32 -57 35 150 234 -131 -25 -61 200 196 -157 9 96 99 109 -212 103 -10 -236 -44 203 -107 165 20 -48 -45 -86 27 -223 194 239 -156 156 166 -1 -242 202 242 117 208 -87 -46 171 213 89 53 222 119 -203 106 45 230 -193 -20 78 -238 -181 10 85 -126 -55 -91 -96 -79 -75 -195 -93 167 -89 181 43 228 -62 141 -179 -120 -121 -213 2 80 206 197 -101 189 204 -139 -124 -33 -227 -4 -209 -233 -78 -52 -12 -153 7 -201 -168 115 114 15 -5 -115 -9 207 187 -162 179 -211 147 25 -41 -8 176 82 33 -69 -63 67 55 -129 -207 219 -220 -109 -112 -47 -43 -80 162 -114 46 192 -74 -85 -178 58 -194 168 -38 -198 3 -205 -210 193 34 -173 133 132 52 127 -202 195 111 -7 66 73 151 -250 -244 88 44 170 -164 180 92 22 -105 240 -147 56 211 210 -180 -119 226 -104 87 4 -65 71 -37 54 -70 -150 173 160 -217 139 -137 152 220 -108 -127 138 243 -138 -159 30 154 143 
TEST 152 ARG:-182 -20 196 -98 139 -24 -146 -65 -127 -154 0 6 -115 23 -204 -183 -147 205 -102 -246 -34 -110 100 -187 178 234 107 228 86 158 109 60 -170 181 -223 -58 38 166 171 -117 -141 -40 -15 165 4 185 151 81 -150 -2 193 68 128 89 19 189 -203 -171 -36 -142 -234 177 22 75 105 -237 -35 176 212 -160 -159 -158 44 217 24 -130 -243 -104 -140 -101 48 -168 161 155 -195 -247 -135 -188 -207 -47 -219 172 54 -87 69 -76 39 -56 231 -132 203 154 79 173 -205 -194 -192 116 232 150 99 -148 -3 -217 -64 -88 -90 87 -214 179 93 207 -199 -224 -13 50 -94 170 -153 218 106 91 243 -108 -157 -250 226 248 65 13 16 73 -46 -245 188 82 225 34 -60 -112 96 180 31 42 240 45 3 -191 66 -212 -128 18 -14 130 -55 -220 -59 -93 -222 -97 200 -122 135 -48 94 115 -18 77 85 -113 59 -196 123 146 -5 -114 -63 -8 30 -68 -73 169 -241 -77 -231 -162 235 78 237 244 215 7 61 249 -51 -206 -78 224 -240 20 -21 -236 167 -172 46 -230 197 -178 -25 51 -89 -32 41 92 122 127 -91 -131 -99 -123 -85 222 -120 -83 -28 140 104 138 111 1 2 -201 202 88 -52 213 -129 -80 -145 144 95 -176 162 -126 12 -144 134 -163 184 -238 -218 208 -100 -179 -137 -79 32 -22 132 -23 103 25 -161 194 156 -136 220 117 247 -54 -226 209 -95 -50 -190 242 -124 -30 246 204 175 -143 -164 157 -221 230 114 49 -151 52 163 136 152 -6 -33 -202 216 -186 -185 229 219 -26 199 245 145 -239 -106 76 -232 -49 -209 -116 -105 40 -43 14 149 -11 47 -200 142 119 198 -41 -111 -174 84 71 64 57 56 -39 -81 -244 -134 -181 221 -216 -229 143 195 182 43 238 -248 -198 241 239 -31 -19 35 -61 9 -213 -103 -242 131 186 -17 112 -107 98 -193 74 -7 -228 97 -62 -12 -215 148 -119 -138 -75 -92 -133 -82 26 -44 -208 -155 211 -53 133 28 236 191 214 -165 29 183 125 -10 147 174 -29 -66 -57 -70 -16 -42 -177 206 227 -38 83 55 -86 -211 101 102 37 -227 -67 -189 201 -96 -175 72 53 192 -37 210 -84 15 -235 10 17 -118 58 -4 5 -249 -184 11 -156 153 137 -1 110 168 90 -72 27 108 62 -152 63 -27 159 36 126 -74 -173 -45 223 124 -109 -167 -125 -210 -225 233 67 -9 -121 -169 80 141 -233 160 70 120 187 113 -69 164 118 -166 -139 21 190 8 -149 33 -197 121 -180 -71 129 
TEST 153 ARG:181 -127 -202 204 -228 -221 62 -106 -249 47 49 10 206 -178 -223 -168 169 80 147 39 141 -182 -18 26 6 227 -171 -57 -141 -234 122 -199 146 31 -98 228 -207 151 -56 -28 -201 -122 -192 -62 22 -240 -32 175 152 -174 232 -82 -30 -175 -158 -31 -14 -142 -79 194 -85 57 -92 0 132 -40 -229 -237 137 73 -157 176 -64 -226 117 34 150 148 -83 179 211 -147 125 -190 -128 -68 -47 54 242 -78 99 90 -49 188 128 -65 -37 109 51 243 -39 -224 111 67 85 -186 -235 -72 -209 234 127 230 -67 -196 -139 -233 100 -44 -135 -187 -75 166 236 78 -173 136 -212 -105 144 -185 -50 96 -140 65 -24 18 157 112 -15 -172 -193 153 101 113 -6 -236 202 -123 46 -5 -100 174 213 -181 131 88 -115 -86 -88 -112 -77 32 -216 -51 -230 248 -231 -217 -247 36 68 -152 120 238 104 82 -94 -150 -162 -9 -129 190 -211 160 -197 24 -59 218 196 -99 -41 -198 208 7 -73 97 -124 -114 -146 -214 35 158 212 241 -38 192 -76 -166 58 -213 94 134 -210 -27 -132 219 86 81 92 193 -121 -22 -84 -21 50 70 172 114 -155 -177 -12 -11 -91 3 25 156 -58 -164 79 93 247 -125 161 116 -108 168 -111 -203 -136 -35 210 -81 -246 167 83 -70 -149 -206 -169 -36 59 -101 209 -55 246 -16 207 -219 23 61 -191 -120 -7 177 77 -42 159 -222 231 216 -117 -180 38 -103 -131 162 -97 155 63 -248 199 -163 -205 16 -208 -61 102 220 -20 -113 245 21 223 -3 244 -52 -89 43 -69 -71 -33 -194 69 -153 -45 -104 -143 214 -87 215 -138 60 -2 -225 239 -119 -195 201 -242 -110 142 95 27 -26 186 249 11 -74 87 -10 184 108 130 -17 76 154 126 4 149 163 106 165 -151 -170 -23 145 -239 -34 221 164 -200 198 12 180 233 -179 -161 235 64 66 -4 -66 226 28 29 173 -63 129 -159 119 240 42 9 -116 -53 44 45 55 -218 -46 -215 74 -148 -241 41 143 98 -154 -60 48 -144 -13 -102 2 -118 5 -29 20 -8 -160 171 37 197 -188 200 182 -156 -126 -133 224 237 -245 140 -48 14 107 139 89 185 -80 -19 -109 84 123 15 13 -54 203 191 -137 -134 -189 -130 8 133 178 71 -176 75 110 187 195 118 -250 222 138 52 170 103 -220 -107 19 -93 53 -96 -25 -95 1 -243 135 40 115 225 -183 -232 -165 -227 17 105 121 229 -184 -145 -167 33 30 91 -1 189 -204 217 183 72 -244 124 56 -43 205 -238 -90 
TEST 154 ARG:-63 -85 -62 -153 244 218 -143 -220 82 -217 124 -160 2 51 97 121 239 211 -157 -112 203 -34 207 -91 43 98 -52 -138 140 -26 -111 248 31 188 21 -131 247 210 137 -23 -97 225 -126 -68 -213 -179 96 -89 -40 164 -141 -202 -124 221 -137 -148 -37 89 -239 213 -177 -11 -66 16 201 -151 107 -123 163 -17 93 58 -240 -142 -67 95 6 -190 142 -73 181 87 5 -206 71 -88 198 242 0 199 143 3 -181 -204 -163 -173 -154 118 27 -196 91 134 100 -189 -94 161 1 -16 144 -42 -156 64 -70 -22 72 -184 -57 -77 -176 66 49 -166 -18 240 -101 -29 94 -242 -130 -3 -233 -6 68 -132 -186 20 -231 -103 28 -79 -236 -122 -64 -136 -84 -108 86 90 -56 117 -5 -170 -116 22 -211 -247 -83 -248 -214 69 -102 83 184 -135 -78 167 92 -140 25 -201 120 176 141 168 223 -197 113 -120 208 162 241 -105 129 -43 78 -237 -114 -172 -128 -200 -150 63 -104 -10 150 -244 -250 111 152 116 -203 -180 99 -36 -24 185 114 186 219 -210 11 -185 -152 217 -118 125 -113 -245 220 -44 19 102 -80 48 123 166 -81 192 191 205 -195 8 50 42 75 -100 -7 -54 149 -241 172 135 103 153 -38 109 26 101 106 216 -149 80 138 -90 -222 228 -8 -13 41 245 62 136 128 -99 12 -178 -55 231 187 4 -95 179 -129 -134 -58 -238 -249 -69 -119 -187 243 -30 130 -192 132 178 249 65 67 -193 -1 -145 -229 -191 -144 -71 -4 -107 -82 160 108 44 183 -168 154 -76 122 195 -106 -65 -27 -59 -49 194 -19 -20 169 190 -127 222 -31 55 -198 56 204 13 23 170 -12 158 47 -2 126 200 -92 232 34 202 46 209 159 -46 -215 -125 -199 -219 -33 -110 60 151 196 145 115 76 197 173 -223 35 -75 -207 235 -208 155 -146 -133 175 -147 -235 10 40 246 -225 -209 -117 -183 -93 133 -224 -175 104 18 -194 -218 17 -139 -47 -25 74 24 -109 -45 -21 -53 -61 174 88 -230 14 215 52 165 -171 30 -205 9 33 37 81 238 156 -32 -39 -115 180 -221 -15 146 110 206 -161 39 79 15 85 -243 32 148 29 212 -48 7 -188 -158 127 -174 -182 61 -232 -14 54 45 -121 -167 36 -72 229 -169 112 105 -35 233 -155 237 177 230 -86 -234 -227 53 226 -216 70 57 -246 -98 147 189 -162 -212 -50 139 38 131 -74 73 171 193 -51 -226 -41 84 59 182 157 -87 -96 -164 234 -159 -9 227 -28 -165 -60 236 119 224 -228 214 77 
TEST 155 ARG:167 40 73 -25 -178 -10 193 -35 -43 -88 -132 99 31 -197 132 -123 -119 188 244 76 18 -24 -37 201 -136 -15 -189 230 156 -183 -3 -126 -244 56 247 119 -74 -226 233 218 -64 -86 59 -153 -107 160 -130 -69 -185 57 -14 204 130 14 -172 -150 123 -11 7 128 -36 -1 -250 -236 -98 -93 241 69 249 -103 -27 -175 246 32 142 103 19 190 93 240 131 9 -225 -68 -179 202 -20 121 -89 44 -214 151 -121 -216 -155 136 -162 110 -157 -8 8 -111 62 -56 -203 -87 117 182 66 -31 87 -100 159 67 84 -200 105 1 242 -18 238 137 -247 -71 217 141 198 184 245 -118 -211 -13 -198 88 -145 4 -76 -47 20 91 -169 96 63 -122 194 -12 -218 -158 -201 -116 35 -246 94 24 -213 140 223 86 81 -54 53 -57 243 -135 -168 -79 -120 189 179 143 28 -242 -137 -32 -75 -154 111 169 -26 146 196 228 -229 116 -83 29 -243 -94 205 -222 39 -102 21 181 74 -173 -104 23 77 102 -208 -232 90 49 -171 -131 -106 85 154 -125 -180 -21 -73 224 79 12 22 219 134 33 -23 65 -192 -30 153 -110 98 0 89 43 126 -67 -195 -207 -133 -16 -33 185 -199 -156 -138 212 -129 106 95 -184 220 172 237 -82 -134 -234 -78 -139 -202 -249 226 -5 -147 -48 149 209 177 -22 41 -85 -206 97 -209 3 -228 150 78 183 58 -204 -40 -113 101 -186 71 157 170 -99 -61 -28 173 -233 13 165 197 36 -148 -63 -96 -177 38 -6 -108 -70 -52 191 -17 -58 135 112 -59 48 155 127 34 221 80 -193 231 210 147 176 115 50 -42 107 -241 178 -227 -53 -62 -114 203 47 30 -221 25 114 113 -2 215 152 144 248 -140 -55 174 55 5 -128 -170 52 192 187 -239 -143 125 -176 -29 200 51 -149 122 -9 61 -91 2 68 64 -182 -95 -194 -4 225 148 186 -45 -65 175 -212 -159 -181 -152 120 27 -219 6 -165 199 46 195 -167 11 -7 54 -80 10 -115 -51 -141 -248 70 108 17 -34 145 -97 83 -164 229 -144 168 139 -224 -127 -39 -160 207 -117 158 206 -60 166 234 -41 -217 -142 -124 -46 161 104 -235 235 -230 -92 45 213 92 -105 124 -245 -161 -223 -240 171 164 -166 -81 -90 -220 42 -187 227 -66 129 -151 -163 -38 163 -50 239 -72 214 -237 26 -44 232 75 -205 211 -210 180 82 133 236 222 109 60 -146 118 -84 -19 100 -77 72 -174 -231 -190 37 138 -109 15 16 208 216 -196 -112 -49 -101 -215 -191 -238 162 -188 
TEST 156 ARG:201 -112 86 14 38 -42 51 -134 -108 -48 43 102 126 246 155 180 -71 -10 -80 97 -143 94 -146 -133 -167 132 -132 -138 -131 -16 -219 -136 -215 35 -203 34 -54 91 -239 39 106 173 -184 169 -105 -153 144 192 -202 -46 -140 -209 136 -208 182 -6 75 62 -223 181 -129 -74 109 10 8 166 -113 92 -197 211 161 -196 190 200 -137 -90 -68 -166 197 116 40 117 -103 20 -88 -97 -191 -75 -210 -61 -39 229 196 -148 -195 93 186 59 -7 -238 218 -65 127 31 -168 158 188 -159 151 183 -36 -231 153 202 -158 174 -11 -235 -8 -247 -142 130 217 -120 57 -115 83 41 227 85 220 -189 101 198 120 244 -44 204 2 -241 -160 154 89 -206 -83 236 -85 29 -193 239 88 248 -98 175 7 238 67 -55 249 58 -28 32 -5 84 23 -104 42 -58 53 79 110 -176 -100 -25 -24 -174 -224 -2 5 -107 -30 -102 -117 -243 171 46 145 207 121 -114 -226 -213 103 -248 224 -200 90 -106 -33 -93 150 232 44 -198 -51 -220 87 27 203 99 -72 18 1 -82 147 -177 -1 -135 -147 -69 -163 143 -186 -20 223 -229 178 -188 -156 64 65 163 134 -178 119 -201 -27 52 -37 74 -12 112 -128 -32 -34 -151 -45 -182 -237 55 49 172 125 179 25 -233 -154 139 -230 76 -9 82 -38 177 11 17 54 -173 -236 60 133 -66 -86 124 -157 -121 -60 -217 -144 72 165 230 -119 -70 215 -53 -89 184 -155 -225 221 -21 222 -110 152 -240 -124 -162 16 -204 -130 -179 149 45 210 -242 140 219 214 -18 28 228 -149 4 104 77 164 -181 111 142 -187 95 137 69 -57 -214 206 -152 118 -73 -56 131 -41 -244 -13 -116 -3 -15 -127 -211 -234 -29 205 148 -94 113 -101 -145 187 -26 -109 47 0 160 -139 -92 115 114 128 -87 6 -175 209 -205 78 -232 -78 168 98 73 -246 176 -125 -171 135 -207 -14 157 -183 -50 -59 170 -99 -47 -161 -185 -141 -250 -118 -122 -192 -169 199 -194 129 12 -31 19 -63 -84 -17 21 -40 216 -222 247 -190 -43 33 245 193 159 242 107 -212 56 -199 156 26 -180 -96 -164 13 123 37 22 241 122 66 194 100 -62 162 243 9 -79 233 -123 48 3 -52 36 71 226 -227 141 81 231 105 167 235 -95 50 15 -216 96 -77 70 80 -35 -172 191 234 213 146 237 68 -67 -76 -126 138 -49 -81 61 -150 -165 -218 189 -170 -22 -228 24 -245 -23 -91 108 240 63 195 -221 -4 -249 208 185 -19 -111 -64 30 225 212 
TEST 157 ARG:100 -7 -93 -220 -89 228 -92 246 209 -198 241 -25 -63 77 -12 103 131 10 -223 36 -66 33 -33 -200 -72 17 -182 37 119 -177 -45 107 -42 118 75 -167 87 187 80 101 222 -139 -32 -105 189 -141 -178 61 -246 226 161 -196 -129 -20 -233 -228 112 -65 73 -31 124 168 160 128 -149 133 -26 47 191 147 -123 -80 34 -2 -79 -14 -157 -95 -68 -234 86 -190 -235 12 -229 42 -239 -176 -226 -43 -57 -211 -84 88 -222 68 104 -195 -100 227 -13 -172 74 217 -140 238 183 -221 -109 154 64 -197 0 219 -18 48 -28 240 -4 -108 -247 -47 -49 -106 11 146 -219 -40 -142 -6 179 62 -58 145 151 -148 -249 98 -76 43 153 -147 -171 5 -35 108 -82 -218 -192 -205 169 -37 172 -85 -97 -24 -78 -11 122 134 -98 -38 102 197 1 3 158 -126 -186 -44 139 -204 163 166 -118 -81 -135 65 -160 55 -62 57 -39 54 141 -115 -236 202 39 99 -46 180 -156 -144 -41 -242 -170 -59 63 -231 30 81 -19 162 -103 28 -94 194 120 150 27 156 220 218 -64 -70 221 164 -169 -30 -180 237 25 9 -227 22 -67 -225 59 -138 -110 -183 -87 -158 -52 -214 215 35 41 -206 -224 26 198 -117 45 16 -194 6 123 -130 -69 165 -116 224 97 170 200 199 -151 -17 247 -60 193 -184 136 109 225 -155 -189 181 207 -88 70 23 144 -143 173 -3 -71 -86 190 31 212 -164 -51 40 152 126 -91 205 -154 -179 -146 185 -217 69 -191 -56 -243 8 -201 113 -199 71 58 72 32 -131 78 -113 110 138 -181 82 -248 -8 -161 192 182 94 149 -107 -119 -137 -104 85 188 243 -240 -133 49 -168 148 -185 232 -136 129 -53 -27 -96 213 -215 53 -250 -99 95 -22 21 155 -132 50 -162 -9 -212 4 127 91 -124 -36 18 -54 -203 -101 -193 29 44 -121 56 -150 -21 137 76 -10 -245 135 -112 -241 143 66 249 -90 -202 159 -73 111 92 177 -114 248 244 116 46 -102 20 -23 -77 -122 -210 132 176 -55 125 -125 114 -75 15 196 204 121 178 -34 67 214 -111 186 79 117 -213 206 96 -159 38 175 216 242 -188 105 203 -207 -29 -145 201 223 -165 239 142 -16 90 230 -166 7 -127 115 -163 157 -244 -175 -61 24 229 52 211 93 184 84 231 -120 -238 -174 89 -134 -50 19 236 235 2 14 130 167 171 -152 -5 195 51 -153 -237 -83 -209 -187 -15 13 -128 -216 245 -208 208 -232 60 83 233 -48 -74 -230 234 210 -173 -1 140 106 174 
TEST 158 ARG:-79 -112 -105 -95 -118 36 -207 -206 -231 -123 7 25 -176 103 200 -202 8 -19 201 189 108 -165 87 -150 234 -82 -74 -9 -93 47 -86 -203 166 -75 184 114 -163 115 -109 -28 91 -210 80 216 96 15 -50 -224 67 -208 -189 -227 217 -85 -154 -242 -25 170 -237 -44 78 131 -48 -158 -107 208 -178 -226 -84 74 202 136 65 -250 -187 44 86 153 -188 179 -10 -169 210 -57 -129 -191 205 -172 -204 128 23 -157 32 -184 -141 142 -211 -235 -135 -67 135 48 232 174 -130 -160 64 -64 -62 132 155 -149 -24 145 57 245 -240 122 -60 162 17 -230 144 141 -80 154 -228 209 -192 -183 71 -229 127 164 -114 -170 -49 235 139 30 -1 -143 -97 -168 148 -33 212 -36 233 215 249 100 9 92 -173 -53 -133 125 2 -137 -56 46 -243 178 -238 218 56 238 -5 -142 183 -113 13 -177 117 1 -46 28 -69 118 182 63 186 -145 -13 -45 -248 -8 -81 -29 83 224 -66 -233 -205 22 187 76 -222 -214 140 -11 -132 191 -221 -220 159 -152 85 -148 31 -128 -223 121 -102 -209 146 236 73 -116 -23 -59 163 147 -153 196 -156 -162 -55 24 133 -180 172 213 12 160 230 -167 229 -199 41 10 105 -121 -200 -101 -201 27 -21 -236 50 247 20 -22 203 -6 -63 -40 237 168 176 55 -78 61 -17 -131 137 149 223 134 -140 14 243 111 -38 58 -185 225 239 180 -225 150 -186 240 77 -104 -193 11 -72 -43 102 5 -155 -14 -76 -139 33 -110 109 -125 69 45 161 -190 129 -73 188 -246 -31 98 -52 -90 -179 37 -26 -126 89 199 116 248 -77 -147 -136 81 -68 -94 21 -100 -7 66 72 185 197 231 101 19 -195 171 -42 173 39 -164 93 -151 -134 221 113 167 193 175 84 -194 177 126 -39 -234 -71 -34 -51 -4 75 -124 -91 -175 -32 99 -35 -61 -181 -96 -144 51 82 181 18 156 -159 43 -103 -27 54 -37 -115 4 -216 -111 158 -54 70 222 -217 165 -232 -171 95 152 -20 -127 -70 -98 94 -99 -218 -146 -16 241 -241 124 -92 -108 207 -247 -122 -245 220 107 120 -244 35 151 79 226 157 38 -88 -138 0 40 90 206 190 211 -18 3 227 -83 -166 49 29 -15 -3 -120 219 106 138 -119 60 62 104 198 246 194 -215 204 214 228 -89 110 -182 -161 53 192 42 169 88 -174 -212 68 -58 -87 -213 -239 244 123 -198 -41 -106 -196 52 -65 119 26 34 143 -12 -30 -197 -249 97 -2 112 -219 -47 6 16 130 195 242 59 -117 
TEST 159 ARG:214 -152 127 -140 -202 -16 50 86 111 116 8 -75 22 -31 -54 -115 239 -214 242 -210 228 -141 -52 170 -89 37 200 -102 75 175 233 -183 -47 155 -196 247 150 208 -192 -144 243 -2 -56 -154 -22 226 42 -26 74 -208 246 47 -109 -51 5 -77 234 -249 40 123 -143 191 54 174 240 160 -101 -33 205 11 -135 -231 157 59 -80 190 -79 102 -111 130 164 17 137 -7 156 -64 19 235 172 -168 108 -138 -233 -13 211 129 -172 -97 -107 -190 33 -201 110 -186 227 -8 -232 177 -137 21 95 -198 132 -113 -12 146 141 -134 -218 -213 65 -162 -203 212 -179 60 -83 -100 -191 -81 -156 134 1 -136 -103 69 223 186 133 -3 -114 -85 51 -173 45 -127 -133 -199 -241 -240 62 199 182 138 -170 117 -73 196 31 -40 -123 219 216 -130 -104 100 -121 -125 221 187 135 36 16 248 -23 4 168 125 27 -234 -34 -228 -246 -71 -180 237 -155 91 161 97 18 -14 -27 185 -157 -176 -129 25 180 189 178 53 -53 -95 -41 -105 -184 -20 238 -62 -245 6 -18 -94 56 -200 26 -88 70 -171 -55 115 77 193 -60 -175 -98 83 -250 3 -165 -166 -58 151 144 -178 142 72 -90 90 162 218 -236 -160 -164 197 46 -78 64 -126 61 -174 -19 -39 143 241 38 222 166 -118 114 -169 -87 -189 194 139 203 -24 -225 181 152 55 -239 -93 202 48 -61 -84 -224 -227 15 -229 105 28 188 -6 99 109 165 -30 232 -11 173 201 -205 30 -209 58 -42 92 -247 153 -217 -59 66 -195 -124 -36 94 10 -106 12 -70 -57 -63 -99 7 82 207 -187 -120 -206 -82 -161 39 -66 -167 229 78 -37 149 104 158 44 -235 206 -1 -69 -148 204 147 -237 113 -68 213 183 -72 -194 -117 73 -163 96 112 -244 35 14 209 225 120 231 32 -43 98 -238 -4 -122 106 71 215 -216 49 -10 79 145 -145 -158 63 101 88 -182 -25 167 -219 -139 -142 -5 -86 107 -223 224 -38 -17 87 80 -181 121 2 -151 -67 124 29 20 67 159 128 -212 217 236 140 -220 -221 -153 76 -91 -116 89 -131 93 154 -28 -150 169 -49 -110 131 -230 34 192 -193 -45 -76 195 -15 249 -215 179 -197 9 43 171 -243 -132 -242 -146 119 85 84 118 -147 103 -9 -92 -119 -32 -65 -207 245 198 -248 230 41 -35 57 -185 -96 68 210 -29 -128 -204 184 -149 176 -108 122 136 220 -50 -222 -211 -46 23 -74 -21 -177 -44 -112 163 126 13 81 244 -188 0 -159 -48 -226 52 24 148 
TEST 160 ARG:150 -206 -97 134 -163 -34 92 244 191 106 -109 -103 54 229 3 -157 -178 199 42 83 -21 248 171 82 -126 -30 61 -83 6 -172 205 211 -171 1 161 -117 168 -124 -69 26 231 -182 219 24 -28 246 193 -51 123 11 65 -214 -166 165 -239 173 159 147 -209 -211 214 -29 -105 194 113 203 78 210 -244 242 51 28 -162 -14 -12 233 -89 -79 187 36 -229 -77 111 27 -207 -26 243 -84 118 52 -96 -72 -47 -66 200 38 239 -146 -119 -192 -210 -70 -32 74 -93 100 -42 77 -3 31 -202 -128 157 -64 53 -131 196 -223 -107 169 139 -183 87 -110 -143 -186 225 34 228 -120 180 -224 -213 -102 -161 -41 -45 -58 108 152 176 41 -23 98 133 -121 105 -187 29 -76 19 57 209 -106 -73 -38 -176 70 184 -199 170 -167 -218 -56 143 -132 -57 84 -231 -114 132 247 -62 213 -222 86 -189 -68 216 -225 197 235 -111 -149 39 4 95 -25 10 -52 128 249 66 -122 48 -60 18 85 -39 215 -63 -194 238 154 -135 -248 163 -88 156 -134 99 -7 -216 -53 -235 -112 -191 12 204 46 -190 -101 -75 -71 179 103 -67 190 -193 -133 117 217 94 -40 76 -78 -11 -100 64 7 -31 172 167 -154 -196 -6 -219 13 -4 -204 -230 -179 -246 -156 37 -137 45 14 207 -180 55 -145 160 -155 -27 -43 -115 240 40 174 -130 -15 -237 49 -19 232 15 -147 -234 -220 -201 -90 104 129 227 90 -195 188 -241 -185 -98 -20 21 -175 121 59 130 177 124 -116 -184 125 35 -61 16 -169 -59 -164 102 192 67 -138 -245 148 -242 -35 119 44 -208 -5 -86 151 185 -236 -65 -85 127 9 226 208 -92 186 218 68 -94 112 17 -197 234 -46 63 -243 183 -123 155 -1 223 25 181 202 -174 189 -139 -250 -240 -44 -140 58 -233 30 -8 109 -221 144 -168 -82 -9 -249 -144 -152 -108 -177 116 -81 236 -127 -99 97 81 -49 75 23 136 198 126 88 137 -91 -54 50 -55 8 206 -113 -141 164 -205 -150 -22 -118 142 -136 -36 -151 -228 237 141 138 2 114 220 212 -215 145 -95 -217 -148 -18 -17 -2 -165 43 158 222 131 -200 89 73 -50 -212 241 182 47 -129 -227 153 149 62 -104 -16 135 -33 22 122 60 -181 -13 56 -159 110 166 -238 80 20 33 79 120 221 140 0 5 201 245 93 96 -153 -158 -10 -160 91 -24 -232 32 -48 224 195 -247 -198 146 -170 -87 -125 175 107 -203 -74 115 -80 -173 69 178 -142 230 -188 71 101 -226 162 -37 72 
TEST 161 ARG:-5 122 207 -112 151 59 -31 57 -82 -98 -132 4 110 133 162 -188 -18 95 -193 -156 81 19 -19 139 155 -165 147 -179 165 85 181 190 197 138 210 -199 130 145 131 92 -79 118 -44 -91 -237 243 -38 -141 -124 223 -238 228 23 -213 -147 -125 -9 113 -50 -51 17 -45 226 97 30 65 -176 -20 201 230 103 -115 -200 -12 182 -7 -30 -196 -41 206 -81 -249 -134 227 -55 -120 -225 167 -173 44 -113 -56 -64 74 -158 218 -155 -34 -76 153 156 152 217 -181 38 -114 -49 22 67 71 -194 -204 146 -109 -102 108 -148 -6 -69 70 128 42 149 159 178 45 134 -211 166 -205 8 -37 93 80 -127 -189 -123 105 202 -192 -63 -83 -122 21 -212 -206 -231 163 150 -8 164 -229 6 16 -39 -78 -243 -77 1 33 -210 -217 -53 192 -15 -195 -40 -87 -11 148 -108 119 221 25 51 3 -163 -174 -159 -25 -232 -13 -145 -14 106 -186 -128 -80 54 -224 87 -202 84 -95 195 -65 90 -101 -59 -99 124 216 72 -151 -73 -107 -62 -160 -216 -239 -90 170 -24 240 -153 -207 136 -143 -136 -133 -137 203 -135 -191 200 -96 -209 -104 -92 249 -129 179 -111 102 232 -100 171 -221 -103 56 -203 91 191 242 224 121 -245 -105 -22 31 -182 247 104 115 204 132 -138 -68 -3 14 -42 211 109 -48 -32 -150 -85 79 215 -220 -46 120 10 24 11 -226 -180 168 235 -240 116 -241 126 -168 -57 214 137 9 -170 -43 -234 -110 229 2 241 -201 -139 98 -17 173 46 -161 -26 161 -61 50 -67 -184 112 -52 73 -215 237 -35 185 184 -218 222 41 64 -1 -116 -66 -228 18 -84 160 -60 -27 -172 63 -71 -140 186 117 169 180 129 -72 174 -2 76 127 -88 188 193 -89 -93 225 -119 53 -157 244 -167 189 -118 -236 35 -21 -244 172 -183 111 34 220 -47 55 187 157 125 -74 -227 -28 15 -208 -54 -223 -10 36 135 -246 183 77 43 234 -154 -142 142 248 140 246 236 -86 176 -16 245 49 -117 -144 -149 -33 -131 39 -219 68 100 20 209 -166 154 -190 37 5 -175 -36 239 114 141 -146 -185 198 233 -233 12 94 -23 -70 144 -177 40 -164 -162 89 83 123 28 -75 29 69 66 -97 -58 194 48 219 -169 -250 75 177 -247 -242 -230 -187 238 -222 13 99 62 -94 158 175 52 61 199 143 -178 101 205 -214 -130 -235 -198 -106 212 88 -152 -171 196 208 213 -4 7 0 78 58 231 32 27 -29 26 -126 96 82 86 -248 -197 107 60 -121 47 
TEST 162 ARG:-179 55 239 9 136 243 137 47 -27 -26 141 219 -201 -16 -131 -244 186 248 -173 66 11 101 3 -74 -21 -37 129 -190 -6 134 -46 170 62 -14 226 188 148 -44 -121 220 77 -248 80 5 46 -207 133 -82 -214 21 -62 -132 -15 177 172 -143 143 -122 -7 194 -64 89 206 -153 131 204 -103 -48 -87 212 -105 -63 207 108 -234 -144 155 -233 184 159 81 109 44 -148 -157 -204 61 -54 -97 118 222 12 -237 -75 71 -25 6 -89 -90 -222 54 -88 -70 -225 -77 -246 121 -136 -196 91 161 -241 112 -47 98 -235 -159 153 67 -53 -101 28 36 -175 -72 -3 115 106 20 -229 34 175 -86 83 -223 -150 -55 4 249 -139 -52 2 -206 -226 -118 197 -191 -36 25 -140 100 181 233 88 50 -93 96 -142 200 56 -238 -202 163 92 157 23 74 -167 -197 -155 -18 -67 -184 52 151 7 -178 126 -123 -227 -30 -242 208 -220 110 -239 17 -91 -111 -127 -137 27 -31 -158 -65 -160 -112 64 117 132 29 -9 165 32 -154 -59 -69 -29 -230 -198 230 -84 -58 -13 30 -176 15 210 43 -2 -114 -8 211 -243 119 218 -99 78 122 -39 234 167 -174 192 16 217 -218 198 -61 -32 84 -172 -85 -245 -11 85 24 -205 -125 -186 201 171 140 -224 -211 -141 49 31 -181 -24 10 94 -110 127 -138 -163 87 -1 128 -210 70 48 -216 73 156 -215 203 -135 152 -34 168 -73 -28 -145 60 1 -240 162 -170 -166 -193 99 114 -95 -120 -203 185 193 150 -66 237 -208 116 -83 166 240 68 -100 180 18 103 145 59 105 -249 -35 -71 209 -169 42 -116 245 183 38 69 130 -171 -221 -107 232 -45 -51 -219 216 -130 45 241 158 -213 -94 -164 -76 -102 -183 -50 63 -10 -96 215 221 -129 -152 39 -56 173 -33 164 144 -250 160 -113 -147 8 13 -57 123 -188 227 142 -119 189 -60 196 75 -228 202 169 229 -156 -217 139 -128 120 238 146 93 191 -161 -124 -98 176 199 124 182 -236 -134 -194 -192 195 -212 -92 -115 37 -108 65 -43 -41 -42 -182 -177 225 40 178 -81 -185 -79 138 223 -109 86 125 -106 -12 33 -23 19 41 26 147 205 -232 235 35 -165 244 179 -40 -189 -19 -68 -187 -104 190 -22 -17 51 174 -38 228 -80 -126 97 187 111 246 107 154 -168 224 247 -117 -146 82 -180 -4 79 90 -209 76 -133 22 -200 102 236 57 -20 -199 -151 -149 53 104 58 -195 -231 231 0 113 14 -247 242 -49 213 72 -162 214 135 95 -78 -5 149 
TEST 163 ARG:-165 -56 200 28 -222 -27 145 71 -41 -159 -40 247 -198 -34 -21 155 -113 -199 -172 6 -166 -208 214 237 -233 9 221 -213 -243 207 132 -78 232 -153 -89 185 -223 -123 -142 -46 59 228 -101 -64 -161 229 54 -75 3 140 -47 34 32 -69 -225 21 15 115 -188 -246 47 169 -7 -110 159 166 23 173 -207 121 -219 -249 218 156 158 -32 -140 240 -125 61 -129 -192 -68 -36 -202 122 213 242 162 75 -169 -221 243 30 46 180 -61 -86 108 -66 101 -122 216 123 67 -145 74 -132 -224 226 40 125 52 -18 -15 -43 139 -49 -25 195 36 224 29 51 -55 -88 -115 -193 -144 146 174 112 22 73 -33 -57 -196 -164 223 144 249 25 11 -179 -70 103 -91 -154 39 -52 -107 248 -177 88 -112 19 -98 17 -143 -229 142 -234 -39 99 -53 211 -5 222 193 -214 234 60 -150 -31 204 -48 119 129 89 45 -14 -206 -76 128 -58 105 212 113 -119 -63 -228 133 241 41 -97 -218 -187 131 -239 -26 1 -139 27 238 -185 -181 201 -250 120 57 14 149 -81 227 -77 -130 16 -155 -80 -167 -16 181 -8 -149 141 179 186 109 18 -13 -203 -99 -200 -71 58 43 78 245 70 -131 44 208 80 -38 -120 -205 -220 -3 -231 -230 153 199 -141 -103 235 117 2 -217 -173 217 -23 66 -178 -138 233 -134 -238 65 147 126 154 106 171 -37 -236 -60 -244 68 -235 100 -79 -240 -96 151 8 64 -45 188 -100 13 -135 90 -170 176 148 85 -62 197 91 -201 202 5 -50 -42 231 -162 -163 53 50 -197 191 62 20 239 95 -11 102 244 -87 87 -84 -102 38 -24 94 -241 -211 81 -189 -124 152 -146 -174 98 93 165 -204 -108 198 164 56 -10 104 209 -184 -92 -121 -9 -95 -65 -118 236 246 -152 124 219 118 -136 -35 161 -104 72 220 -210 -186 -245 -168 -237 -19 210 178 134 -157 -127 -247 -83 190 -128 130 187 184 -85 37 138 168 69 -1 -72 206 -4 -160 -12 -175 192 203 10 111 183 33 -180 -148 -156 -190 -176 -6 -248 196 -51 -106 -116 7 175 135 -232 127 205 63 -194 -2 -90 84 24 -82 -195 -94 -28 -44 -158 107 96 -133 -137 76 -117 -93 83 -227 0 -126 163 -226 48 110 -242 215 167 -109 92 -212 26 97 -111 182 -20 -114 -29 -171 170 -147 -67 114 177 -151 143 136 230 -216 -105 150 -22 172 49 55 12 157 -209 189 4 -191 -215 82 137 -59 160 194 116 31 77 -182 -73 79 225 -54 42 -17 -183 -30 86 35 -74 
TEST 164 ARG:-12 -17 174 -119 -237 67 -75 -248 6 65 -188 -65 -31 83 -242 -10 146 -158 126 200 96 97 144 -154 249 -208 -167 150 -110 -205 73 -122 -118 -57 49 39 196 -153 -132 40 211 173 157 -24 -216 -41 -15 -38 94 44 -79 1 -103 221 215 -33 -126 91 123 -21 -26 -175 171 -45 238 -59 90 242 -105 120 -190 -5 -150 111 -195 14 195 -160 -114 34 87 -194 101 84 58 -163 -91 -249 -210 -184 41 219 -133 -213 -27 69 63 -130 51 109 -236 -64 -215 -81 149 -151 -6 206 139 208 231 110 193 116 -227 -96 182 147 -92 -124 -85 -40 183 201 82 -181 85 -4 125 235 70 202 -217 169 128 -162 -172 187 -146 129 62 188 2 -136 227 137 -202 17 38 -112 -49 212 -55 7 124 -116 93 -246 102 -173 -94 230 -101 -240 -222 203 -121 -134 104 -186 241 45 143 -148 26 23 43 -115 -196 30 -138 -50 131 95 180 -147 168 48 3 -18 114 -39 21 27 -164 -84 -176 -36 -159 -19 185 4 176 -135 -155 145 117 57 -23 170 -199 -166 -141 -70 -238 136 28 135 156 223 -32 194 -1 -244 179 103 -170 -16 35 -43 -2 244 12 108 -243 55 142 -239 60 -28 64 138 237 190 122 18 -54 -128 74 80 -185 -127 -100 -149 53 -47 239 -95 86 172 -129 -46 11 248 -174 -207 -211 -203 24 133 207 33 -142 -44 89 -171 229 -230 99 -157 140 -193 -200 234 162 56 -232 -245 148 32 -37 -235 153 112 134 236 72 -139 -137 0 -113 -98 -247 -220 -197 -52 15 175 -131 -241 198 -182 -250 141 9 -201 166 22 -177 13 -212 10 77 -179 -108 -106 159 -14 -125 -63 -53 -107 -60 -34 -82 -20 8 -69 -86 47 59 -225 -117 -61 -228 -233 165 246 217 -80 224 152 160 -104 -189 155 158 -73 -97 25 209 245 -123 232 88 163 -8 -165 -229 -71 -42 -120 -76 -93 -22 130 247 -11 -221 121 -13 240 -48 -35 -3 192 -214 -88 -89 243 -68 52 71 -74 204 5 50 164 -183 186 -72 -224 -191 42 -111 79 -161 -99 68 37 -78 -180 -231 210 -102 78 154 199 233 -169 118 161 189 -29 76 -9 54 197 177 105 113 -25 119 92 -7 -67 19 75 66 107 151 -192 218 -143 -156 -30 -209 -109 226 31 -62 -140 222 216 -90 -234 184 -145 -51 16 98 61 132 -87 214 -77 -218 -219 -206 205 225 167 -83 -144 213 -152 220 36 127 29 178 -187 -226 -168 -204 106 -56 100 81 -66 20 228 -223 191 -178 115 46 181 -58 -198 
TEST 165 ARG:126 -63 87 -100 -247 -209 29 -161 -69 -49 -11 61 -169 -129 228 47 -93 125 -119 97 -150 195 212 149 -44 84 162 -212 80 -122 -219 11 109 206 -85 -146 68 -71 -9 132 -141 -23 133 150 -99 217 -128 54 155 106 71 94 22 -115 249 -194 -59 -26 -37 21 52 -145 -83 187 175 -223 -120 -18 -77 -79 -241 124 -123 129 188 201 210 86 -144 -230 -31 -240 107 143 -52 -179 -15 -104 -166 240 78 242 102 -76 -17 -156 -103 -245 17 31 7 202 16 180 241 -143 -243 114 -84 -155 219 15 136 -95 -117 58 -178 170 -222 -8 176 168 -206 -242 12 -35 -249 -109 60 215 0 152 157 -227 204 73 -236 -193 96 -53 -25 100 -202 -94 -140 35 53 -138 200 192 5 -190 -107 64 93 3 -12 55 -177 -164 85 131 -248 -234 -130 120 -244 -68 184 -70 -136 174 -10 199 -102 -106 -216 156 33 81 42 90 -250 -148 178 -214 -3 75 -51 111 -218 -205 23 -42 193 246 -165 -14 165 -97 -181 159 233 222 185 197 -91 -87 -175 134 56 -134 -38 -188 65 -57 95 -34 -74 -39 -217 -127 142 239 -67 218 83 72 -40 20 -174 -28 -157 -187 -198 -246 223 -221 -132 -226 -159 38 59 -118 225 216 172 -75 -30 89 -112 28 167 -233 -203 -151 247 145 34 48 -197 -158 -89 208 -199 105 -173 245 117 45 190 -90 62 -62 -64 -114 -142 232 -41 19 70 -153 -126 40 -7 -19 104 -147 -22 -92 10 -125 108 -231 2 -46 186 198 116 -105 221 140 -86 235 -162 -5 -60 238 -225 -137 -239 -139 36 -170 213 63 -183 -21 43 67 158 -72 135 -13 57 122 144 113 127 130 148 -111 -196 -160 -220 226 205 14 -116 -201 -56 196 224 -213 -180 119 79 -207 -152 110 169 51 189 -61 -186 101 -24 4 82 -88 -131 -32 146 -113 -189 44 -58 182 207 -168 -108 181 137 -200 -224 88 -192 50 209 -96 161 -43 -65 248 -171 -215 151 -210 227 -182 18 214 6 154 -81 138 243 234 76 -16 41 -228 -176 118 141 -50 121 13 -229 191 244 92 -33 -98 -185 -1 25 39 153 -135 -191 112 211 -124 74 -45 49 -80 103 177 -6 -27 77 27 163 -4 236 183 32 -237 123 173 -195 194 -121 -110 160 -163 -73 -54 98 30 -20 -29 166 -172 -55 -66 171 179 -238 237 164 -154 -36 66 128 -211 -184 115 24 46 -204 -78 230 1 -2 37 229 -133 220 -149 -101 -235 -167 91 139 -232 203 147 99 -47 -208 231 69 26 -82 9 -48 8 
TEST 166 ARG:152 210 143 -140 -36 -232 247 -250 -219 87 40 13 31 -119 158 186 73 206 -190 35 -10 -238 54 236 182 34 189 84 246 -141 -235 135 203 141 171 -201 146 39 -16 15 -90 50 -122 159 208 -187 90 -131 197 216 -149 -216 -41 -53 -27 52 -127 122 125 -196 77 -59 -248 207 104 -156 224 -208 -29 -93 108 -170 -206 217 -120 82 -123 44 51 96 118 30 134 191 -242 192 -148 -64 -60 100 249 204 -78 -8 -79 24 -82 -5 -145 98 222 199 56 180 -132 188 190 -177 -34 3 120 -191 -17 49 -77 71 185 -150 -207 -106 -218 -151 -83 223 -20 75 248 -87 220 21 65 86 -55 -117 138 -160 105 88 -154 36 184 38 -163 242 29 112 80 -49 -58 -107 93 -111 -75 -239 28 1 -226 -243 219 94 234 237 106 -44 -51 147 -212 170 -199 172 -136 205 -40 -180 -230 155 63 -81 -125 -48 -46 -62 241 201 -91 177 130 173 -88 232 244 10 -237 -133 213 -103 12 110 -38 -137 -244 194 -69 43 -89 83 187 202 -185 157 -105 -26 18 -225 -70 -63 -128 -246 -37 239 150 111 -47 46 -161 -56 243 -139 57 -18 66 -73 139 -9 -21 -175 53 -171 64 218 -114 -97 -241 -179 60 -3 229 20 7 -167 209 238 -76 81 -52 212 -166 70 -92 -233 231 -31 -100 181 -108 -129 -203 -217 59 -116 -32 -66 95 -181 -192 168 -28 -15 -22 163 200 131 -173 4 162 115 -30 -112 -110 -35 245 128 -236 -109 102 227 -19 48 -42 133 -94 235 47 -86 -172 -234 -2 -85 -188 -45 -169 -12 179 109 -159 -147 176 -189 -209 151 124 -61 -142 32 -98 145 -118 26 99 178 -135 136 226 -152 -213 -193 113 196 61 240 230 -182 225 228 144 -84 -229 -104 19 -204 161 121 78 -72 5 -162 -43 -214 -121 154 16 -124 103 -198 25 69 -168 89 97 -158 117 164 -96 -245 -33 62 33 -249 -25 -155 129 107 -195 72 23 41 -194 -184 -54 165 167 76 -101 119 17 -215 -223 -67 137 116 -23 -165 74 -65 9 -95 -143 2 45 -24 -197 -134 -231 -1 27 55 166 -153 22 -144 -222 -200 127 92 85 -71 -39 14 -202 -176 -13 -221 169 195 -74 -11 198 -50 -240 233 132 -210 -186 -178 -164 79 140 183 -247 211 101 6 -80 -7 -146 114 -157 -220 -211 67 -224 156 153 42 -99 142 8 -57 -126 -174 175 -4 -113 68 193 -6 37 -183 91 -115 -102 -68 -138 214 -227 174 -228 149 123 11 160 -14 126 221 215 -205 148 -130 58 0 
TEST 167 ARG:213 -91 -90 -108 -6 0 -199 55 -18 -14 -222 -21 40 -208 54 33 -49 189 19 202 -150 82 234 -143 56 -105 84 -60 -183 -80 -41 -231 214 198 -100 -203 -223 -124 125 -244 -204 182 -113 -221 160 230 57 225 -27 -172 232 138 -174 -52 52 186 -122 133 -241 28 246 -200 -164 -162 -213 -131 -142 -129 -71 -138 -79 215 41 150 -197 144 -22 2 -136 -85 114 -140 -211 10 48 -161 -235 -25 -89 80 -82 92 -75 236 53 -152 -117 35 -102 73 50 208 -33 218 -238 -228 241 18 -248 126 46 -163 152 -249 -78 58 180 -92 249 100 63 107 91 -214 197 -202 139 68 -72 174 97 -24 211 222 -51 185 -173 -42 -104 4 226 124 -219 39 122 -114 -61 -70 99 -229 -137 177 9 -67 219 -139 69 89 110 -198 -225 16 -192 -30 -224 117 178 194 -242 -107 205 79 171 233 187 47 217 -94 153 -147 -58 -153 -1 87 229 -232 67 -46 127 -8 -9 -240 -45 -168 51 -159 -237 -226 -29 -130 -62 -28 -57 242 -151 44 23 62 -167 -11 8 5 -205 102 -245 -128 200 228 -239 156 -190 66 -209 -233 -158 60 106 -171 59 145 173 -186 -119 -176 207 31 65 -145 29 -247 113 128 45 -154 245 -83 148 -54 30 -156 120 -148 -65 -106 193 188 123 -3 131 240 112 6 -234 190 -36 -13 72 121 78 93 157 167 183 75 104 -99 -111 237 36 181 37 -185 103 134 -195 -5 3 -170 132 17 -179 77 34 74 -69 -26 243 90 -40 -37 -7 42 86 -68 164 7 -101 61 170 -53 161 11 220 247 -17 -133 227 -217 135 109 81 12 -210 -103 -23 -149 -110 204 147 -194 32 71 38 -181 235 -121 168 -2 -250 76 -86 -98 -134 192 14 -126 -73 -81 -155 149 169 -236 13 212 -160 -157 119 -189 -193 137 -77 -177 24 142 -246 206 -112 209 143 95 118 163 -76 -243 20 224 191 -4 -118 -188 199 238 -50 146 221 -56 136 -43 162 244 -84 155 -19 -44 -182 -47 -55 216 -39 -116 -74 223 -135 -169 151 -196 25 -230 141 -120 159 98 -63 111 203 -66 -187 -212 -191 85 108 -227 -123 175 105 70 130 -115 -178 -15 -146 154 -132 -125 88 195 -16 -207 22 1 -87 116 -48 21 -10 -201 -218 -180 -215 -184 -109 -64 165 101 -12 43 239 248 94 -175 -165 83 -31 -96 64 166 -59 -216 -38 -166 -32 26 184 140 -206 172 49 -220 158 96 179 -97 27 -88 15 -144 129 -127 -95 210 -93 196 231 115 -34 -20 -35 201 176 -141 
TEST 168 ARG:212 -46 -208 204 -215 181 161 30 -10 242 135 -5 -106 6 -231 12 69 -6 168 -213 170 -189 -24 25 23 43 131 218 -247 149 89 31 143 28 100 103 -4 75 176 234 109 222 210 -225 -19 72 -102 -212 -184 83 119 137 -88 87 -44 159 -242 -232 177 167 -142 -78 -52 202 -169 -229 66 34 20 17 -37 26 239 -201 -223 -198 -25 -203 -182 -48 38 -178 8 102 -63 14 -131 118 -14 -33 3 2 -45 13 108 86 249 -210 216 -172 -50 9 158 93 208 -22 -95 -89 166 -155 164 203 -107 53 -21 -235 -176 -71 -152 -87 -165 -135 187 7 -40 -98 199 201 -195 193 194 -233 -179 133 15 11 -16 -237 -77 -13 219 -101 -29 -93 -28 50 64 -219 -149 148 -90 195 206 -186 -130 162 -167 -61 205 19 -163 99 214 217 -75 -160 165 -187 -132 104 68 -125 128 -111 79 -228 173 -53 -150 33 -188 -30 -27 -116 -154 -36 -81 80 120 184 -129 -119 -113 -211 -2 36 -127 -205 121 132 248 -58 191 213 114 39 -11 -67 91 228 -239 140 62 -121 -120 -193 -56 188 240 155 -134 82 29 154 -117 197 246 134 146 113 -57 116 -151 -99 115 -227 -207 172 -158 -206 221 -34 -159 -148 -105 16 78 247 -114 -74 147 97 107 -7 40 -23 -80 18 -110 245 -238 22 169 -230 96 -1 238 105 60 -42 -84 -214 150 235 -209 192 157 -190 -97 141 152 5 42 106 -145 95 -83 -76 -248 -118 -39 4 139 -9 27 -147 -174 71 -79 124 -62 123 65 -199 -196 21 -221 -236 236 -66 144 185 215 -103 -17 -59 -244 98 186 130 200 -177 -51 -126 -54 -3 -124 -100 151 -226 -246 -20 54 -183 -168 -153 -15 1 138 225 224 -86 156 55 -94 88 -156 41 -140 211 180 90 51 73 52 -139 -222 -157 -85 136 -191 -192 190 70 56 -92 -216 -128 -112 59 -91 183 -143 47 -243 231 74 -109 -60 -73 48 -96 233 -197 198 125 232 -68 -164 117 110 -38 -26 -41 -64 -138 142 0 -136 175 -218 -18 174 -185 44 -146 -133 112 182 145 -70 -161 -108 -31 229 -220 -35 -204 160 -144 -224 94 196 -32 -175 209 226 -55 -240 -241 -65 171 -122 -166 -69 -217 10 179 45 -8 -82 126 101 111 129 -245 35 92 237 -170 127 37 -194 -173 207 153 122 -250 -180 -123 32 -12 24 46 -234 223 -141 163 -104 230 81 -202 -115 61 -162 -47 178 85 227 -200 76 49 244 243 77 63 57 58 84 -249 -49 67 220 -171 -137 189 -43 -181 -72 241 
TEST 169 ARG:-93 -236 126 121 -194 165 -215 -153 -62 142 -130 -95 -80 182 -45 30 -147 53 222 -65 -57 93 152 177 -78 183 5 -159 -220 -20 -9 -69 -228 123 168 -195 205 80 246 133 -75 -210 148 185 202 -234 211 127 97 33 120 13 -211 28 192 166 -104 37 47 155 141 119 219 -207 -139 117 -76 241 134 -144 -167 -99 -15 84 -247 -42 -238 -231 187 -209 -98 225 -151 -123 104 32 7 -39 72 -181 -162 83 -54 188 -59 193 -87 56 -134 -47 164 178 203 -4 -221 195 -199 209 -249 212 -184 20 229 -149 173 196 -12 63 -67 40 -41 85 50 -22 6 -108 101 39 14 -106 -100 62 210 1 61 77 88 207 -146 -97 -126 15 -200 -55 -24 220 197 128 -143 54 230 -142 -13 199 -107 -5 116 -102 158 161 180 -180 -244 -141 -37 -232 -175 238 -19 -27 -74 -63 -112 184 -248 109 -125 -186 -82 51 41 -223 221 76 46 113 -240 -136 -89 -212 -165 -164 115 75 -31 227 -119 -140 232 -113 -135 214 -127 -145 -85 -170 -155 -116 -16 223 64 -72 -133 244 -154 -33 73 -192 -179 144 -34 -83 -124 110 -38 -14 -225 -166 -60 162 68 175 190 194 171 -226 16 -66 131 94 35 -227 201 -176 106 247 -214 -88 74 -118 -173 -109 -129 136 206 -111 108 -58 0 243 57 -198 27 167 89 -246 233 -117 169 -197 34 -237 -81 -190 -193 95 -114 154 140 -230 103 217 86 -233 170 124 -50 -32 -208 36 -23 105 176 237 160 66 -185 -171 172 99 -243 112 69 -128 3 -46 -191 59 -25 -213 156 -158 67 -189 -131 79 -187 -43 111 43 -1 12 92 -61 146 38 224 -3 -219 -239 118 129 98 181 -91 198 186 200 -64 -70 -110 -17 -203 157 234 -250 -169 24 -132 -188 139 248 -241 -177 -28 107 -218 87 -196 11 -6 -174 100 -2 -183 82 -168 147 25 -148 226 132 145 45 130 10 191 -79 -138 18 -105 125 -161 -26 58 70 143 -94 228 -7 159 -8 249 114 -235 151 -36 -216 149 102 -21 -115 -92 218 26 -229 -35 -137 213 29 245 -205 49 90 -163 52 2 -84 -30 -44 -178 60 -10 204 174 239 153 -73 242 -242 -68 150 137 -152 138 -245 -121 -157 -56 231 163 -222 -77 -206 21 -122 -101 -71 -150 215 -48 -172 -224 -52 22 -160 -201 91 -53 48 23 -182 135 -18 55 -96 65 -51 -11 -86 31 4 17 236 122 81 78 235 216 -120 8 -217 208 240 179 -29 71 96 44 -103 -204 -40 -202 9 19 -90 189 -49 -156 42 
TEST 170 ARG:-96 -166 -163 -165 -151 114 100 -217 224 -179 -172 -215 -227 207 -212 -115 105 -85 -13 -234 148 -169 14 11 -105 225 213 90 -14 29 124 150 -220 202 6 -35 -229 51 149 97 164 -149 -145 -170 245 232 -160 -248 238 -153 138 -59 55 64 -198 166 -214 -12 160 141 -52 -88 -200 53 -81 -90 -17 244 95 -99 119 71 -154 57 -20 107 -4 -143 229 -76 240 67 -140 -183 -231 -129 -60 -70 -233 -244 98 27 -10 -91 248 200 104 72 -142 -130 -131 192 -80 219 -68 143 -147 221 2 -117 -56 167 123 -224 99 -29 16 -38 -230 158 -2 89 189 -240 -75 220 212 -155 113 247 -159 42 203 -86 -118 125 178 44 -79 -62 -127 -47 -225 -238 -58 -103 35 -191 142 -61 -203 -123 47 -161 70 28 62 -156 -25 -92 163 153 -39 38 -226 139 -236 172 210 136 25 -124 237 214 -182 -36 -174 -195 241 -108 4 -5 94 -201 -120 -235 -121 177 -188 182 41 7 147 -208 -54 -28 -116 197 -74 96 -40 198 -136 -146 -189 -49 -193 93 -152 -157 -237 135 -190 -89 86 -137 187 15 179 83 -43 162 -171 -148 -197 -42 -45 -8 46 -242 218 -245 -158 181 -78 128 -67 122 -132 111 -138 -83 -27 -222 217 65 -18 103 -211 175 106 -221 -125 92 -84 20 3 -150 33 79 120 171 -219 222 132 204 -24 -106 145 -185 -175 75 -187 -173 146 -184 196 -250 24 152 131 9 -178 216 40 10 -126 43 -101 23 -241 -41 66 -133 195 235 194 -228 58 227 54 228 -46 242 186 -19 115 -114 -3 8 -168 130 239 34 -213 -23 -207 -192 22 -181 188 117 154 170 -141 -218 176 76 168 211 -93 206 -177 -31 165 -55 82 -16 180 -206 30 32 52 236 -243 127 -53 88 173 -176 19 183 -216 63 -113 -247 -100 -111 60 129 -232 12 45 134 -204 199 -210 -50 17 109 37 190 91 -246 -122 36 50 21 -32 -167 191 231 -66 234 -249 -209 61 144 59 74 -139 -6 233 155 -135 185 31 -119 73 -199 -37 169 201 -69 -98 -30 -64 118 137 249 -63 -57 -97 77 -26 174 13 -87 -9 87 -72 48 -15 -34 156 -44 -1 -11 68 -33 56 215 159 226 -71 126 -95 133 -112 116 84 -202 80 -239 -144 -205 -107 18 -180 -73 -94 110 161 243 0 -196 -22 -102 193 -51 -82 5 49 223 230 184 -109 85 -110 151 209 69 39 78 -223 -194 205 157 102 -7 101 -65 -77 -128 81 208 -104 246 140 -21 -164 108 26 -48 1 -186 -162 -134 112 121 
TEST 171 ARG:-177 181 -141 -22 220 197 57 -87 -35 -24 228 44 -172 66 -78 -160 -205 219 195 -156 -239 -39 78 1 -236 106 -152 177 25 127 50 -26 -75 -234 207 7 -195 -89 -185 31 -53 -144 26 -176 -63 -110 150 -111 -184 176 19 -171 -131 119 69 -113 112 -109 -250 15 21 28 105 -150 97 120 -191 23 -121 -27 191 121 -208 151 152 -122 12 -154 -190 71 111 -201 47 -100 129 62 192 135 -215 -98 208 -189 240 -18 -220 2 203 -10 74 -135 -15 133 -96 -168 -17 53 -117 154 -86 -93 -94 60 64 -223 -187 -237 -145 -210 -143 98 99 246 -38 91 166 184 -57 84 138 3 -146 155 -29 77 -159 54 116 -164 11 -36 87 -222 93 -23 -58 -196 24 -103 36 -62 -83 130 162 -90 -211 236 -180 200 147 142 -25 231 17 0 94 -8 -130 100 -158 -21 140 145 101 -248 115 163 239 158 180 -179 -7 -227 6 61 -14 89 -134 40 -244 72 -4 -166 -118 59 80 238 -221 -114 225 -64 -5 96 -56 171 39 182 -92 233 222 205 34 -68 134 76 248 63 49 229 217 -133 45 235 -37 148 131 -34 126 204 -183 199 -84 30 5 -173 221 124 -115 -139 -230 -240 -147 201 108 178 -105 -228 -142 52 244 224 -52 132 -106 230 249 75 -54 -148 70 -192 13 -11 14 241 179 56 95 -155 -70 136 109 29 139 88 173 175 -198 -9 -88 35 169 194 -182 114 188 -200 -48 113 153 18 183 -219 -209 -127 4 218 210 143 122 -167 33 79 -238 -30 -45 223 -120 213 216 -151 -50 22 211 -19 125 -91 -214 -124 137 245 -202 -1 55 -246 190 -104 -123 -245 161 189 202 -161 243 67 226 227 51 128 104 123 -71 -174 -66 -116 193 -43 42 -232 170 73 -186 -217 -44 196 -207 -216 -95 -224 -112 10 174 146 58 -73 -6 -80 -67 -41 -149 -46 198 102 -241 206 -101 -225 32 -175 -59 -243 -32 -199 -213 -42 -125 -128 -119 237 81 141 -153 -77 209 86 215 -85 83 -81 172 -33 46 -233 -249 -231 27 9 -170 -203 -51 43 214 165 -69 144 20 186 242 -126 8 -13 -140 -99 92 -218 -229 -242 -138 -226 -61 234 -181 -72 82 -129 -178 110 48 85 -132 -193 -136 -65 103 -40 90 -206 -60 149 -74 -12 -31 -76 232 -28 41 -55 157 -16 156 -235 -108 -137 167 -49 -3 -79 68 -102 -247 164 -204 -212 -162 38 -82 37 -2 212 -165 -97 -169 -197 65 187 -188 160 107 185 -157 247 117 -163 -47 -107 -20 159 -194 118 16 168 
TEST 172 ARG:-66 -161 -7 97 238 -29 42 93 -92 98 32 109 -231 213 -141 156 229 28 -70 38 -1 -220 110 -224 169 -78 -103 -27 199 -134 -71 236 127 61 197 -227 -12 143 202 233 82 30 4 -140 79 -207 -156 166 12 -24 -205 -6 -136 210 -55 -33 198 173 95 20 182 -241 -75 -154 39 -101 214 60 50 140 -34 -127 -176 -44 -247 147 -90 77 -80 99 205 101 -45 -114 133 -65 226 -143 64 65 9 221 -20 132 70 -202 142 -120 37 -83 193 -25 146 158 85 44 122 -115 212 53 -197 -13 -210 -88 -215 -139 -203 114 17 -17 180 27 134 176 96 145 -32 222 -62 211 191 -73 3 189 68 237 -184 74 -111 54 106 216 -194 19 -152 155 135 84 -126 -130 -31 204 -19 91 -250 -178 -243 -189 -79 35 -226 -187 15 -2 -28 31 183 -169 -201 235 -213 24 -232 130 -105 125 49 67 -248 150 58 246 45 126 -129 -165 144 152 -117 149 -223 124 192 -30 71 -107 -43 -97 228 -181 46 -53 86 159 -84 2 -242 151 29 83 123 -91 104 -3 -98 -172 -208 -228 167 57 -167 -74 -61 -206 -229 1 -222 69 -35 219 207 -37 -104 -15 -85 -219 72 171 206 105 220 -49 185 -9 103 43 -192 -121 -147 94 116 -69 -68 -234 -198 224 -123 -63 249 51 -216 -48 -171 -99 -153 -60 -214 -38 245 -211 119 200 190 -124 102 -119 59 87 -112 55 184 168 -185 -5 10 -163 196 63 33 -168 90 -204 23 21 56 -236 48 13 11 -209 -40 -144 0 -249 -174 -23 -233 100 -179 -56 -58 117 26 -102 -158 112 -118 -182 -72 -238 -16 131 -113 -18 -225 76 -42 -110 78 -186 240 195 -122 -51 -246 -183 157 -11 -89 128 -180 -46 218 227 -200 80 215 231 244 -4 136 -138 -26 -95 208 -137 179 186 -149 -128 -212 -164 36 118 -22 -116 81 -132 121 -54 -217 66 -218 62 177 164 115 7 174 -162 -96 -131 -239 113 230 5 247 16 -81 -41 -235 -86 141 -125 -157 153 194 14 -245 108 -160 -146 -221 89 138 -47 162 92 -177 -191 120 242 -237 -240 -10 75 -133 248 243 -76 172 -142 -199 -195 201 -108 -77 -175 -135 165 223 203 -170 -52 -39 73 217 -159 88 209 129 -59 25 -14 232 234 47 -109 6 34 187 -36 -57 41 107 -151 -106 -82 40 18 -166 -244 -155 160 137 188 -148 170 -67 175 163 -145 181 -173 111 22 139 178 -193 -64 8 -230 -50 -87 154 -190 -100 -196 239 -21 -93 -188 52 -150 241 225 161 148 -94 -8 
TEST 173 ARG:-52 237 162 27 -160 -26 -28 -169 62 123 -65 -172 75 22 -128 67 49 212 -225 -247 -180 -105 180 157 -125 -90 -11 107 118 -230 -245 -96 18 133 20 -229 82 190 -166 230 135 -35 54 16 195 241 90 9 137 179 128 -39 -7 246 -165 55 63 6 105 165 152 -211 -27 -4 -243 -107 -92 -188 -239 208 52 50 -16 89 -30 -14 -121 -150 200 84 191 222 42 -100 -108 -46 -40 -113 -45 -179 146 228 -74 -36 39 -109 234 187 149 43 -190 -138 166 -115 -29 -58 -83 28 35 4 -54 -99 -136 238 -238 -173 227 -34 -93 203 189 -50 -242 19 -153 14 167 -249 221 -1 -228 -139 -20 218 122 -137 126 -75 182 -13 1 -19 -81 -244 46 -132 240 184 121 -110 -197 57 -140 -182 37 -237 -91 -76 30 -72 168 -126 -57 140 -133 242 13 81 -158 -212 158 -141 103 48 186 -101 71 -48 173 -161 119 74 131 59 98 -23 -114 -248 138 -163 100 -162 171 219 -241 178 -207 213 -224 -41 -56 96 -59 68 -171 78 225 -215 -209 -157 92 93 -213 -198 -187 70 -218 -87 136 155 -148 151 -103 201 164 231 23 106 -22 139 104 -175 69 25 130 -68 64 -240 -102 29 132 94 148 -6 -60 -135 223 26 114 44 -201 -227 -155 210 144 83 248 -221 -167 51 160 56 -9 156 125 -123 209 41 95 215 38 -120 194 205 176 -69 -24 -89 112 -62 65 -147 214 -122 -205 11 217 8 113 -77 -53 -64 101 -216 85 -86 45 -189 243 -112 239 80 233 211 -21 170 -143 116 -51 -104 -164 204 -152 247 -117 -131 15 -185 -154 -44 -63 -95 -223 -194 110 -219 -233 -170 -232 111 -61 143 -217 -176 -73 -80 124 10 -12 -193 245 -70 198 12 -250 36 -18 -183 -236 181 72 172 207 199 24 249 129 -134 150 229 226 134 86 117 -177 -206 175 61 -15 -210 163 33 206 -32 -25 147 -246 159 -195 102 60 99 -94 -42 91 120 235 -196 -168 -10 -2 -78 -181 -67 -8 192 -31 183 -130 -144 142 -3 32 87 -200 161 -191 53 -79 -82 -151 -199 -55 220 88 -47 -97 244 154 127 109 -129 -85 108 169 40 -71 -208 -33 -43 3 -124 97 -111 -49 73 5 47 -145 -184 -88 -5 -118 66 -226 58 153 7 34 -119 17 216 202 2 197 21 -174 -235 -222 -149 76 -156 236 145 188 -116 -17 -203 193 -192 177 -142 -202 77 -159 -186 185 232 -220 -38 79 31 115 -98 196 -84 -231 -66 -234 -37 -204 -127 -214 -146 0 -178 174 141 224 -106 
TEST 174 ARG:193 225 25 -173 -66 -239 93 133 -184 163 -90 209 170 201 119 -177 -56 -249 -180 29 181 247 -196 74 -152 -240 -92 -80 147 146 -111 -202 -201 -70 123 107 -234 155 -77 -45 -118 66 20 -68 -238 -221 -231 179 76 45 -62 -168 86 -57 -153 -217 -160 -16 -112 -133 161 195 -220 -35 -109 -244 203 -199 -72 153 77 -200 -232 -194 60 -78 95 -206 191 234 -174 38 -64 -189 120 87 -49 -61 215 -97 174 249 113 -129 217 -41 246 -204 17 -13 -250 -178 130 -60 171 -214 -40 232 -28 238 131 159 -25 101 220 -131 192 -219 -179 -21 -43 -158 18 6 96 2 -128 -134 162 64 -143 -91 -163 -242 -140 -187 231 222 218 110 -149 -12 -195 78 -159 114 -46 -241 178 -156 237 -76 122 235 106 149 90 -198 233 -87 -157 43 200 -26 151 47 33 -182 -52 213 -83 -150 -50 -170 58 -103 -162 5 84 -225 -233 57 165 -1 150 -127 -190 85 -27 75 224 19 164 117 244 134 140 -37 -191 204 172 0 7 -124 -245 121 -203 -24 92 -247 -205 -188 -101 -120 -224 187 54 10 176 169 16 205 -53 -227 202 67 9 35 -215 216 -126 -228 -146 -33 -141 -136 -161 -98 145 -29 137 -137 -17 -81 127 -166 44 148 185 -125 166 -31 219 -20 138 -105 -113 112 -230 168 196 -85 -172 -154 102 188 157 116 226 -107 55 14 239 -226 68 23 167 69 208 -10 248 11 83 -135 -236 -216 126 -5 183 80 -235 -74 -8 50 199 152 -211 -132 -71 223 46 175 72 -222 82 49 221 65 -23 -171 -167 27 62 227 160 56 -181 -106 -11 -54 31 211 100 -19 -3 111 -94 190 34 -44 -147 -32 115 63 -119 79 124 229 105 -185 53 26 -63 99 81 30 -144 52 3 32 -209 129 -7 -148 141 136 186 -73 -210 -121 51 -59 91 242 -175 245 109 184 -151 243 -84 13 70 156 108 103 -115 21 228 -223 -110 -100 -4 28 -69 -96 197 214 -122 -208 37 194 236 132 -79 -212 -65 24 -2 -51 -30 -42 -165 212 230 39 40 -142 180 -155 98 210 -55 -58 -34 118 -39 -145 -95 59 154 -14 -237 -36 15 1 -67 -89 -192 -243 61 -22 -108 189 -246 198 -169 177 -139 -164 -47 158 48 -102 173 41 36 128 -104 -229 -86 4 -6 206 89 143 94 -138 -93 22 139 88 207 -183 241 -99 -130 -48 -213 -82 42 -123 -88 -116 -176 -75 182 142 73 -18 71 8 240 -197 -15 -9 -38 135 125 -117 -218 -248 12 -207 97 -186 144 -114 104 -193 
TEST 175 ARG:182 -163 178 184 -130 -144 187 147 -116 -248 -166 174 60 -57 -31 52 -128 148 -150 14 -34 68 67 56 39 -7 212 -147 -33 -212 -72 244 181 -132 -14 -175 -123 89 -197 26 161 -83 -160 71 -21 17 167 -39 228 127 83 77 116 -106 155 42 -241 235 10 -141 37 179 34 -182 -190 -107 -229 43 -193 220 -27 215 -90 -227 -63 131 126 -124 199 -220 -60 -89 -170 18 -101 97 -35 33 -216 19 202 -191 223 101 31 7 -47 -22 -234 -186 105 -185 -247 -20 -3 213 -42 189 -9 122 230 -25 -249 -236 15 -52 36 -243 -115 -176 -111 135 -143 -46 -120 -91 -109 -19 11 21 115 74 -95 -165 112 -24 130 140 119 12 -215 186 196 200 -232 -194 -113 -65 -105 -199 208 -205 121 46 124 185 -67 65 198 138 8 -15 70 -213 -75 81 -188 224 88 -203 -82 6 128 -177 113 -235 41 28 58 154 -112 160 -157 -53 -172 -43 -11 23 -131 -18 203 -239 247 73 207 158 55 210 111 53 82 -58 92 -225 195 -96 -151 -23 219 -171 -64 106 -181 108 218 57 94 144 -54 117 143 72 193 -207 103 232 239 -208 13 -200 -134 -218 -137 152 125 -204 24 4 -179 -48 -162 -12 -56 -153 -140 -110 -6 -26 -17 141 -169 -69 0 -206 -196 -5 -187 225 132 109 -250 69 59 217 -4 98 180 48 150 16 -136 -129 231 -237 168 -127 -87 -173 -158 -102 95 114 -73 242 162 78 -240 -28 237 -8 -97 -78 216 -122 134 233 -201 3 -233 -51 47 190 133 -68 -152 -133 -246 84 191 -161 -98 -86 -62 -32 -167 227 234 -76 -2 30 -138 -164 177 -192 139 5 151 142 -174 -156 -29 91 120 -184 -211 107 172 -238 -93 156 236 -226 209 229 -135 -59 -61 51 -189 -55 201 248 -1 -70 -79 93 -155 -231 169 32 -242 2 -228 -198 241 9 -13 1 194 249 -85 85 164 -195 22 123 -44 159 45 173 211 -210 76 62 238 149 -125 165 192 129 -126 -223 104 204 79 54 66 136 -41 -142 145 221 -214 170 163 38 243 -92 20 137 -99 -117 -230 245 -71 -222 -146 -154 -180 -50 -45 61 -183 110 -139 35 -244 -81 -114 -16 -118 146 157 205 29 175 183 171 -221 27 -80 63 226 75 -202 100 -100 40 206 -217 -148 -94 99 -103 -209 96 -66 246 -37 -30 25 80 -74 49 -77 -119 -219 -108 153 188 -49 90 197 166 -10 44 -104 -145 -40 -84 -121 214 176 -88 -149 240 -159 222 87 50 -224 -36 102 -178 64 118 86 -168 -38 -245 
TEST 176 ARG:220 167 -179 -158 97 127 98 130 -129 34 17 79 60 -216 99 178 -137 134 164 215 -247 230 -151 -236 172 -174 -226 208 -95 -206 187 -121 -225 -97 -108 151 -50 104 -28 154 -74 11 -165 177 139 143 -94 35 -112 91 129 -21 -162 -149 -199 -5 74 -37 219 -178 -227 246 -90 -239 92 199 72 173 195 -155 -83 118 18 -68 -172 106 -47 90 -242 116 -116 153 -213 -198 -124 202 -61 89 186 180 -134 -89 188 -53 42 -122 30 -125 59 131 140 221 -91 -67 -32 -181 -86 -166 126 -123 -175 223 170 83 26 -8 -22 88 -9 -201 -204 -103 -31 169 -191 58 210 49 67 135 25 2 166 65 -110 27 100 22 194 189 217 213 -59 -119 -69 -18 5 145 113 197 -106 -44 -56 159 -183 -80 -215 -16 -195 29 185 147 52 -73 146 226 233 -120 12 -243 160 225 -138 -159 227 -214 -96 78 -170 222 -29 -144 47 -248 -55 -38 -142 -157 -139 -126 132 -11 54 182 161 192 48 -66 115 1 -49 142 -45 -24 109 111 107 123 32 121 87 -245 -46 228 10 103 50 141 73 -186 -82 77 163 -150 218 -234 168 20 -93 68 28 -20 150 -107 -140 -54 16 4 -131 -241 -58 -111 -211 -182 85 57 43 236 -190 -210 -76 162 133 95 -26 -135 -35 205 63 174 -244 156 193 -237 242 -71 33 46 -60 211 -98 -62 -171 -13 181 -223 -36 -218 -10 81 -197 -205 3 -105 -230 224 190 212 -113 -15 148 -2 -51 108 -6 137 -221 -40 -100 231 171 -143 86 248 -207 -176 -136 -233 240 175 75 -52 -75 -12 94 -57 -30 201 -141 41 -7 -77 21 229 -101 207 -48 247 36 -114 -115 157 119 -212 165 38 -246 -81 93 158 -39 -160 -99 -177 80 -184 124 61 51 -163 214 -220 -146 -130 -84 69 196 -188 -193 -203 56 -70 -133 6 0 117 23 -219 -148 179 234 -194 -87 102 -78 -208 -42 -238 13 -222 184 -187 39 244 -228 209 238 -147 -92 122 44 71 -33 245 -164 -200 138 -3 -102 149 -25 232 -189 -192 -72 -240 198 120 216 128 125 31 -104 76 14 -65 -145 -169 237 82 152 136 -117 -128 -14 249 204 -229 -202 40 70 -161 -152 -88 241 -196 -118 203 -1 96 53 114 155 -232 8 -180 206 -231 -249 -154 -4 -167 37 110 19 -185 -109 64 -19 84 -153 -85 176 -64 -209 15 -132 55 -168 66 105 191 -224 -79 24 112 7 144 -63 -250 200 -235 235 -27 101 -17 -41 -34 243 -217 183 9 -43 45 -156 -173 239 -23 62 -127 
TEST 177 ARG:155 200 -52 101 207 221 -247 74 126 160 -190 -165 229 -210 -43 154 -21 27 -73 -178 -118 29 82 -105 -17 86 3 -74 -227 138 76 55 211 198 -42 -139 143 119 -123 -192 -132 179 131 248 115 -70 -2 2 -196 -200 111 -58 -232 88 -248 -10 201 140 18 -102 -6 -36 147 -180 -187 218 -222 -69 -171 67 -204 38 142 -230 -49 157 4 -76 214 -59 83 226 113 -173 -138 -228 45 175 194 7 178 -172 184 -71 53 -7 31 -54 189 -94 -145 108 163 -26 -152 93 173 -85 -99 -241 222 42 234 -217 -60 -147 -88 181 -127 210 77 -46 139 105 121 -162 129 -3 -22 -167 -151 -144 -81 -82 -181 -116 -96 236 -98 -223 81 -177 -131 -57 -113 -72 -37 24 85 215 100 109 206 124 -1 48 28 -133 -44 -23 -174 16 -214 149 212 -83 -213 84 -194 240 90 64 204 -109 171 -24 237 -78 -13 249 -143 247 -202 -249 99 -148 -150 98 -66 -128 -189 -238 39 -126 -35 -191 242 -4 95 -155 169 80 -25 -64 223 239 -62 -107 6 75 -80 -137 -121 59 176 132 -168 -130 -95 127 -149 -122 -146 -206 122 -90 30 208 187 235 -55 -199 -50 -68 5 43 -236 203 144 -208 50 -18 -117 -136 123 -20 36 -175 190 49 125 -198 -156 -103 -29 -16 216 103 114 -201 33 -101 205 -110 23 71 -75 137 -183 25 165 167 177 56 32 -186 14 -84 164 133 35 -56 -141 -215 -140 -93 -160 107 10 232 224 11 117 -32 244 -182 94 -15 -159 159 227 231 -239 238 -41 19 -14 162 -34 243 199 -197 104 120 -233 70 -19 148 -108 -61 68 -176 185 182 230 134 -216 174 -142 13 151 225 22 219 197 -195 -209 -39 37 20 -30 -106 -28 130 -244 72 -157 -212 -51 -115 34 96 -129 -166 153 -179 65 228 156 -250 -48 -169 128 -125 -211 92 58 40 -92 1 188 9 110 -89 -240 -224 -170 79 -163 -246 -220 -184 -31 -242 -218 -235 193 146 -237 21 97 213 -77 -5 -231 -161 61 -124 8 -225 116 -243 69 44 -111 -11 51 -193 78 -245 -207 -154 -104 -9 217 52 220 47 -205 -27 112 89 172 -234 -79 66 -47 -229 91 -219 -153 192 180 -120 54 -114 170 152 62 -164 -86 195 60 183 202 57 46 -63 196 158 -53 -134 -33 17 168 87 12 186 161 -100 -119 -135 209 -158 -40 -12 41 233 -87 102 -185 -38 118 0 -221 145 -203 -112 -65 141 -97 150 26 -226 73 15 135 -45 191 106 -8 166 -188 241 245 136 63 246 -91 -67 
TEST 178 ARG:235 -2 245 20 25 -73 -16 -249 -220 148 -224 21 172 154 199 68 108 -213 177 -107 -235 228 -140 88 -4 105 192 134 -110 238 -61 19 -35 -178 126 -182 128 -42 89 -15 143 -152 -242 150 -30 140 -245 211 149 -12 83 -56 -231 -176 102 -87 62 219 193 -169 208 -86 232 -216 96 -139 198 122 59 -234 200 -109 110 73 -78 0 120 -47 -44 -60 -163 -233 215 205 -166 -191 180 247 -154 -150 -138 -124 50 230 91 -95 179 -161 109 158 103 237 24 -101 10 -227 123 7 -27 35 -144 -164 52 213 248 194 57 -103 113 100 -133 -11 -43 -229 -193 -31 130 -34 165 107 29 -39 -58 53 -151 -90 169 -38 -248 129 38 -228 -10 121 114 8 222 22 -211 94 14 -37 -113 101 -70 -32 239 166 -74 69 85 -102 84 32 118 231 -194 234 -89 -24 -160 224 -100 185 27 18 -217 -184 132 184 -115 -125 229 -222 -167 -20 -134 -165 -247 -68 -81 -238 -18 -199 -179 186 -112 -5 -104 -111 -215 -98 -105 -1 -198 160 -93 -67 -122 159 -92 -197 -171 64 -129 -9 -244 -123 -99 47 -206 144 -209 -108 189 244 -177 75 201 -80 236 217 -26 -128 -147 2 -84 139 1 -190 131 -72 78 -51 -77 -148 92 204 -49 45 161 77 48 -97 -7 46 -83 -188 214 12 146 -63 -62 86 -219 -205 -201 -146 -202 -106 152 -8 210 26 136 30 -85 -52 147 15 155 175 220 188 -127 -71 117 -116 55 -59 -181 207 16 54 157 -241 176 -142 145 40 -126 197 -173 125 -75 -54 141 178 -17 79 -69 -53 90 242 31 206 -243 151 81 168 226 58 -212 41 -172 -162 -25 34 135 66 -33 116 -192 -57 -120 -239 -91 -36 87 202 -117 167 142 -203 -28 233 42 -221 -159 127 -46 183 -153 76 -246 -185 -137 67 65 -29 56 98 221 13 -41 9 -214 137 -96 -136 -225 17 -218 99 61 -135 -237 243 203 -21 223 -65 -180 -236 36 -207 82 -168 156 11 -175 71 5 -76 173 -145 112 104 -88 191 44 -186 -45 4 60 227 -13 -132 -240 37 -210 196 225 -6 171 70 -226 3 -94 23 133 -143 -131 -141 164 106 74 -187 174 72 -232 212 49 43 -40 -19 -157 -189 249 119 -149 111 39 241 33 -156 -155 -119 115 181 -50 -223 240 97 -195 -114 -82 -55 -208 -66 209 -23 -174 95 246 138 51 -118 80 170 182 195 -204 63 153 163 -14 -130 -196 -64 124 -121 190 187 -79 218 -250 -3 93 -230 216 6 -158 -200 -22 -183 28 162 -48 -170 
TEST 179 ARG:70 157 29 7 -53 -158 -199 -177 196 -127 -150 -133 81 -71 -57 -242 -67 45 -189 217 218 93 -241 56 -213 -59 91 -171 18 -180 153 -99 -93 -164 -43 -143 -72 19 -96 -68 -113 139 54 30 209 -218 -149 2 -249 166 84 -114 40 216 -163 -178 -204 -21 -132 199 -90 164 -236 -221 -222 75 -196 213 -24 -31 -194 -51 -168 171 144 -64 -118 -125 223 -219 125 -116 -20 195 181 -229 21 -240 233 32 15 -209 63 150 -38 -16 -167 -214 229 185 -198 156 -227 -107 194 44 -1 -79 24 -74 237 -25 -223 -134 190 -5 -49 -11 -197 74 -188 126 -55 -83 33 -56 -148 215 -137 248 -78 105 67 -230 -226 -139 -128 108 -77 242 0 -63 168 -47 -187 177 -146 13 -203 134 -15 214 23 172 154 42 -76 99 -70 174 90 -193 186 170 -161 -172 183 3 -205 -237 212 159 107 59 -154 -73 -105 -80 205 -69 132 208 219 -160 -23 133 -82 -97 123 -215 110 145 169 236 -104 -42 39 -92 38 -7 -2 -34 232 -212 -192 167 -30 -10 244 161 -166 97 249 -8 -26 245 -62 85 187 103 131 -60 -173 160 -216 14 -41 82 -247 -162 127 64 -142 135 -246 239 231 -95 -129 -91 76 119 26 -250 -179 -220 -217 31 -182 224 -46 140 206 -81 -115 240 92 198 152 65 58 -147 -101 -144 241 -12 -48 -109 -232 79 -111 -4 -165 175 137 72 -156 184 69 247 -50 -169 203 35 -211 179 -66 -151 210 182 148 62 78 -238 -58 102 149 -17 122 -228 -208 163 60 -224 106 -186 -183 -124 -61 -87 -207 129 -117 -131 -140 -170 46 -85 112 49 17 207 57 197 -19 -27 -126 53 202 120 -54 162 116 22 -75 243 -175 87 235 234 41 48 -181 118 193 -157 47 1 20 86 -84 117 89 -45 124 176 -22 -185 115 173 77 -145 -248 246 142 146 -89 222 155 61 -14 191 -106 -243 -32 227 -152 165 -9 94 -239 6 -40 204 -86 113 128 -28 11 -121 -119 -206 -120 130 238 -3 4 27 -39 -6 188 -122 51 96 34 158 -102 12 16 228 -201 -195 -190 5 -33 -174 225 -18 -202 43 -159 71 -136 98 -200 147 -184 66 55 111 180 121 201 -141 -233 -88 36 -37 138 189 -36 -176 151 73 50 -29 80 88 -103 -52 83 109 -123 -155 192 28 -191 136 37 143 25 -153 -234 9 -244 -210 100 68 10 178 -98 226 -138 211 95 101 -110 -245 114 -235 -231 220 -65 8 -94 -100 200 -108 -44 -13 104 -35 -135 -112 141 230 52 -130 221 -225 
TEST 180 ARG:232 148 -77 125 30 -108 -21 -81 -239 -107 -115 -97 33 137 41 -46 246 -139 -221 -176 37 -175 -181 210 62 -204 -186 -200 -71 -45 202 -42 188 12 134 -37 144 27 -240 98 -86 -68 -11 -119 237 109 220 -18 190 -73 -72 102 68 86 -111 -94 218 -130 -142 -122 151 49 199 -146 -196 205 169 133 -182 67 -43 -16 -160 -96 234 -222 -28 154 -8 21 -40 -227 -35 -76 140 183 -75 -173 131 -39 216 236 72 -150 213 6 120 -27 105 -214 145 93 -114 52 111 136 -64 55 -185 -225 -129 -47 -67 -192 -244 238 -174 -123 85 -32 -118 164 60 -163 116 19 84 -168 -62 -17 -246 73 -52 -128 127 -161 138 -90 -92 212 -82 -188 82 -101 32 200 -210 -14 114 56 -179 -58 -215 63 -109 176 -36 -7 -232 2 -74 74 94 207 -158 -25 231 -15 229 -99 195 22 143 77 130 227 170 -202 -3 235 -13 201 -131 158 214 117 -249 -151 -84 48 162 -95 221 175 -110 135 203 57 -26 -191 -198 51 189 204 139 -234 1 -189 -117 23 245 107 167 -212 -83 206 181 -12 -10 -33 -229 92 -235 -50 -127 -190 194 -138 223 35 17 241 150 81 196 174 -230 4 -57 -152 -135 -208 249 211 31 59 228 95 166 25 159 224 9 -100 209 -140 71 177 83 -63 -203 217 38 -241 -106 101 -153 61 -206 -217 -20 15 -157 46 44 -228 -121 123 -141 -177 99 -116 -184 75 3 -154 34 -48 -19 108 -103 -88 -243 -24 193 -144 -41 -209 -223 -224 42 219 147 129 -148 50 -250 -6 185 80 -136 -145 66 64 97 70 244 -29 126 141 58 26 115 -233 -164 87 182 -155 -80 173 -165 112 -242 -213 -180 -4 10 122 149 -147 53 -113 157 43 24 -197 240 239 -22 -149 -187 243 -89 -85 -126 -91 -218 -98 -2 106 165 40 -205 198 89 5 187 65 104 -30 -248 -87 -170 -245 160 -112 -5 -66 186 180 -178 168 -211 233 178 -1 -53 13 20 124 -183 -79 8 163 -134 90 -195 79 -61 -54 -9 -193 14 225 -247 197 -93 -143 -44 -49 171 -169 184 29 -59 192 -31 118 208 -207 91 -167 -194 -55 -172 -78 96 -69 -102 -236 222 -159 -171 54 215 0 -220 -132 142 113 -216 7 248 103 78 -237 247 -219 18 -231 230 36 -120 156 100 -166 -124 -125 226 47 45 -70 128 -226 39 -65 132 119 121 -238 -105 -23 110 11 -56 153 -201 76 88 179 242 69 -133 155 -162 152 -38 -104 16 161 -199 172 -156 191 -34 146 28 -137 -51 -60 
TEST 181 ARG:224 56 -174 -121 -170 249 -23 -155 65 126 79 -58 -31 146 52 -27 187 201 31 -247 125 -126 -32 -102 173 112 -135 180 -159 74 -137 -192 240 179 -250 58 -213 30 -100 -190 76 -62 29 209 0 127 -195 -110 -248 -166 -179 -68 120 158 -225 -29 -26 -43 97 232 -140 -191 -208 -203 148 -17 77 -65 100 -222 190 -167 -59 -42 -209 -148 -84 109 243 -123 -18 -198 -6 -86 -60 131 239 161 244 39 103 -233 193 -47 71 68 -78 106 164 202 45 -139 222 208 -187 140 139 -207 -20 234 162 225 -3 9 153 25 -80 67 -249 -36 -108 116 -87 154 -34 -197 -163 -194 -218 215 48 -240 -216 -157 -210 135 -119 -113 -8 175 160 196 -196 -205 96 198 143 -4 -89 194 231 -14 230 213 42 -127 110 32 69 -245 -16 -168 101 118 -105 -38 -199 -150 218 -54 -111 -77 8 -129 210 178 -97 176 -238 -28 -206 -171 -181 -144 236 63 -40 -96 -220 166 35 60 130 -160 241 -103 -200 -143 -133 38 242 -91 72 -90 22 -109 -234 -33 -114 -134 -211 159 183 203 40 204 19 -224 6 246 -12 -132 -63 -241 -67 -215 237 -19 90 -219 145 -231 -223 11 -156 -48 91 229 -193 -13 128 -130 86 78 -173 36 37 123 -152 85 43 133 27 170 18 -164 -147 26 81 -69 199 2 24 -93 -244 151 -214 -115 47 62 108 -106 1 51 -189 220 169 -165 14 134 -227 -71 -95 211 -242 132 171 -92 50 3 155 -158 165 -45 95 -5 -52 228 167 200 150 -74 163 87 -239 -212 94 49 -88 -237 75 -55 88 -56 46 147 -142 192 -64 182 -177 54 -221 41 -175 226 172 23 -72 -246 -235 55 -138 -7 152 138 144 -22 7 114 137 -180 61 -73 247 -61 44 10 15 185 66 -226 -66 -57 -178 142 177 136 -1 -186 -30 111 -116 174 168 89 -46 -2 -236 105 -204 -154 -70 121 -81 104 214 92 223 -49 -232 -39 212 -76 -153 184 21 -128 -83 -24 122 -120 -243 186 -118 -184 227 -51 64 -161 -229 124 -53 93 -85 80 -94 117 -182 -228 149 205 197 82 -104 -75 141 -50 -176 115 20 102 4 98 219 13 188 -41 233 -151 181 -149 -21 -125 34 70 189 -146 235 57 -117 17 -183 -131 206 -217 207 195 113 -25 16 -9 129 -188 28 -79 119 -169 -124 217 -145 -112 -202 -101 -201 -37 156 5 157 -185 -11 -35 33 -44 12 238 53 -15 -136 221 -172 -82 216 -162 -98 -10 73 84 107 245 191 -230 -141 59 -99 -107 248 99 -122 83 
TEST 182 ARG:-80 122 107 -47 201 -51 -52 55 75 22 -156 26 -128 -230 147 -76 84 -229 -147 98 183 214 76 -166 -121 25 102 161 129 -120 -216 -212 125 174 -123 126 -219 -185 181 -125 185 244 187 -56 79 235 -164 38 194 -248 112 -227 -11 -173 -223 -54 -49 -188 157 52 -202 171 -117 -65 -207 94 145 -70 -139 37 204 193 -40 123 198 -85 211 -152 -111 -142 -237 65 133 88 34 -79 -113 -71 136 134 172 -99 -215 -175 238 62 77 23 -30 -214 -26 -88 -24 67 206 137 -13 -45 -17 -126 -37 168 -176 46 92 135 -23 164 120 -101 -221 -4 239 -105 149 41 -228 -151 224 -95 50 -150 -12 -191 -68 229 31 32 1 93 -200 142 66 -83 47 -199 -25 42 226 -136 -22 24 117 241 163 89 104 83 49 60 -29 -182 -131 -10 -181 146 43 -210 -203 108 13 -106 35 63 151 -108 246 -177 -171 56 -60 -184 9 39 -27 115 231 -92 -34 51 200 -103 -208 -64 44 -46 -242 87 -53 -133 12 33 192 218 182 -201 -232 124 -28 -224 91 -226 109 2 -179 10 28 -6 -190 3 236 -144 -155 -204 -135 18 -145 -66 -172 -140 212 223 -143 243 167 -234 20 220 179 -48 110 40 95 203 -238 240 4 -198 170 -84 -59 -75 -1 132 -112 -149 48 103 -250 162 80 249 155 -41 166 159 -100 -3 85 213 160 -38 -249 -138 -122 -31 -247 99 -74 178 184 -21 232 199 -161 153 105 -114 197 -9 230 57 186 73 173 -96 216 -69 -193 17 189 59 -163 148 -233 227 72 221 101 111 -32 -170 -196 143 248 0 207 -231 150 74 68 -167 -235 -148 -189 -43 -39 215 -240 152 -153 -124 -169 -225 138 114 45 -118 6 21 140 -209 5 130 69 118 -165 -61 -132 121 -50 -36 -63 61 -141 97 -55 -94 -217 27 -90 191 -81 158 -91 180 165 -119 54 175 202 234 -33 -243 -35 -58 -20 -57 139 -205 -168 177 -186 -107 -5 -86 -129 -187 16 -2 196 188 113 217 -137 -62 190 131 64 -127 -44 15 86 -218 -77 -222 82 -110 53 29 119 -241 -134 -19 169 237 -18 -197 14 -146 -73 -194 -157 78 96 -115 116 -104 -211 -98 247 -109 -14 -72 -178 -213 210 -174 -244 -162 205 -239 -42 156 81 11 100 -236 106 176 -102 209 225 141 -159 -180 233 -87 -16 -192 70 -15 -246 -8 -154 -183 -195 -206 242 208 222 -93 154 -160 -89 128 36 71 245 -7 -82 19 -220 -97 7 219 195 -158 127 228 -78 30 -67 -245 58 144 -116 8 -130 90 
TEST 183 ARG:-91 -146 -18 7 -103 -99 198 134 -204 54 -50 10 22 31 -223 -177 -179 -180 -185 -211 141 69 -227 -100 -221 -217 -79 24 163 -49 -208 -2 104 -69 166 102 82 119 9 -176 -187 -201 66 137 3 148 95 174 -36 -59 -191 -197 232 -64 -144 -110 -88 6 -89 11 -249 -150 -193 -58 -235 233 -53 180 12 -127 207 43 -11 151 -140 144 -207 -30 -182 -163 -194 -56 -41 34 -165 -234 -28 -250 13 60 -240 -186 83 -114 116 37 -126 -199 -60 218 240 80 185 -189 84 5 -95 -230 -121 -15 112 220 -137 67 159 -54 237 -90 195 39 156 -171 -156 98 224 -32 -39 143 106 209 124 -239 167 -107 120 -40 -213 113 129 65 73 161 -101 152 244 -173 243 -21 -77 -220 -151 133 136 55 191 196 -105 30 42 96 -136 47 -149 -5 230 53 189 107 199 178 -76 160 215 -6 234 164 173 111 72 -72 28 179 -16 -244 -152 8 -124 -145 46 211 214 -42 63 -132 -209 64 247 248 135 -212 -246 -174 -190 -51 -55 -175 -130 221 -1 -78 -138 -9 121 -86 -43 -93 -224 -26 94 1 27 -161 -14 217 -4 -129 225 -119 36 90 58 -75 227 4 -147 -45 -242 50 93 205 130 -52 -111 229 -233 249 -143 61 81 -210 -102 -57 204 -85 155 56 -241 51 223 201 -184 97 -164 138 -141 231 -198 228 -94 -183 146 -178 -68 -84 -48 -74 -236 44 114 142 -10 101 -238 -243 -148 165 2 109 0 157 110 20 -44 125 -115 170 219 216 -219 -170 -196 -46 239 21 -27 187 48 -139 19 153 208 40 -67 -24 226 -66 -63 182 -232 92 139 236 -159 186 79 91 29 242 -87 140 52 -31 -203 38 49 -108 212 -158 127 126 85 202 99 200 -106 -61 -228 162 -167 68 70 -202 -104 -37 26 -166 77 190 89 -29 -215 78 15 -80 -123 193 -200 118 74 -216 154 103 -23 145 184 -65 194 -19 -245 -153 -25 -71 -82 -83 171 -62 115 -116 71 33 -81 75 175 -133 41 -73 -92 -47 181 -142 -205 -181 -8 -120 -122 35 -34 -229 -35 172 -113 -33 62 -154 203 100 -17 -192 177 169 128 132 245 -169 -109 147 18 59 16 -12 235 -168 197 -117 88 -128 150 176 131 117 -135 45 246 192 -172 183 -70 238 -248 87 -157 76 32 241 222 -214 -206 -7 -160 -97 -134 -218 158 -112 108 -231 168 122 123 149 -247 -188 -226 188 213 -118 -125 206 -195 14 57 -162 -38 23 -237 -96 -155 105 17 -13 210 -222 -225 -20 86 -22 -98 25 -3 -131 
TEST 184 ARG:-92 133 116 48 27 -189 -232 -43 -167 -32 -60 -24 -20 41 51 64 -184 -198 218 -154 148 -114 -207 72 30 -65 157 4 213 -31 190 138 29 164 -173 111 -182 -44 -134 19 108 -51 87 -166 81 237 168 -229 -156 -109 151 166 6 -118 78 153 -210 -228 -5 225 -54 -17 -174 110 173 201 135 146 -26 -186 3 -49 240 1 -98 14 114 212 -48 -73 -52 98 198 93 -55 -149 216 45 99 80 -93 -40 92 202 -96 123 12 -241 -78 126 -36 137 208 -169 -11 -30 -148 232 83 176 -88 39 155 -133 -4 -170 -192 -108 187 -157 9 -28 33 37 -159 -53 112 71 -56 -121 107 129 -29 180 150 209 140 159 100 68 -190 -13 162 217 102 -8 -161 17 -187 34 -64 -57 144 46 -132 -130 22 -77 -116 90 158 -223 -39 -222 -122 -221 -248 -136 -143 -1 -41 -216 -242 -81 -106 -107 -150 233 -199 10 -102 118 219 183 88 231 -75 222 -171 42 211 171 170 38 -176 91 -146 -168 -35 -86 -245 -85 53 119 20 215 76 -152 -125 -202 249 74 -3 103 -123 -84 96 -177 85 -34 67 227 238 -14 243 75 84 54 -145 -226 -172 -16 -58 241 -21 -33 175 55 204 -246 21 -147 226 179 -201 -25 -111 -140 58 95 169 -180 142 -244 206 149 -126 -97 161 25 -27 -213 -104 188 -141 -209 234 -206 -203 -115 101 205 109 207 -129 -50 -215 -205 43 -124 224 57 122 -82 -178 124 127 117 247 -105 -137 -83 77 -74 -22 199 -220 -99 69 60 -19 47 24 -234 -89 -45 -15 235 -110 -230 -127 -66 7 181 113 104 35 -12 125 89 -219 -80 -70 18 -225 -162 154 115 -235 195 128 -67 -249 246 -112 -208 -212 139 36 -69 -204 -243 70 160 105 106 -165 174 -101 49 152 131 -95 228 -231 163 172 -100 79 -94 120 -117 -238 8 59 229 -227 -18 -224 221 -194 214 -139 -233 66 -62 23 -163 -218 28 -119 32 244 200 -175 -250 186 -38 -217 -183 -46 50 -9 -164 239 40 182 121 -214 -158 156 52 -197 143 210 -103 194 62 145 -191 -113 -240 -128 86 196 -181 -188 245 -138 -71 130 -76 -10 -196 242 -179 -47 -2 73 -142 15 -23 165 248 147 134 97 -135 236 56 177 -42 203 220 -91 -185 5 65 167 -131 230 16 -211 -120 11 -247 13 61 44 -160 -6 31 -151 94 141 63 2 -193 -68 -144 82 -87 136 191 184 -155 178 -79 -63 -195 0 -61 -239 -236 -237 -59 -200 197 -153 185 189 192 -90 132 -72 -37 -7 193 223 26 
TEST 185 ARG:147 -16 69 91 -29 -33 171 -27 -175 237 -44 -75 104 188 -100 -55 -237 -137 102 -92 77 -186 183 -105 155 -174 -59 -118 -203 -41 -239 -57 -225 -132 107 186 -215 -5 31 158 6 -101 100 -36 -224 -195 170 -54 -87 -102 13 163 54 5 132 161 56 49 179 -153 -196 -179 177 -227 40 -233 149 -214 -181 -145 29 -249 137 142 -125 70 82 -157 41 36 -17 -120 -161 -10 -242 182 241 231 -201 -94 128 61 96 10 103 80 200 66 35 185 165 -191 -73 75 -159 95 210 -156 -182 33 -88 206 -82 -172 184 109 -188 172 -151 -43 247 -149 -37 -71 222 -212 65 228 153 -68 -20 -15 -34 -162 -152 234 -226 -219 22 -229 -22 -25 -205 -45 -110 205 58 129 217 -148 233 -53 73 8 7 232 -136 42 94 195 -129 -216 189 89 -97 140 -81 74 119 116 -104 201 -3 39 34 -241 -58 -64 -62 144 -60 164 -69 -79 84 -222 37 85 113 114 60 -112 14 -210 83 110 -177 -165 -40 -158 -200 -220 -197 -124 55 218 9 -213 -107 -185 115 108 -184 -250 166 38 -84 -18 191 181 207 157 -47 -83 -78 220 -122 120 -93 -178 -74 213 -154 122 -164 192 50 154 2 -211 57 -131 216 24 130 152 -80 160 193 -231 126 167 -155 150 -171 123 93 -193 239 106 -198 -218 -143 -19 -39 238 43 -168 27 101 -134 211 90 30 246 118 208 117 -30 224 226 -234 -139 -56 -9 -70 62 -243 -236 245 -46 -7 86 -42 -192 -119 244 23 -127 -190 -98 248 -99 138 64 -49 11 1 -183 -217 -140 -133 -2 -163 -103 17 209 -209 194 -65 212 -204 175 63 -90 16 223 196 -95 -244 -1 -113 -128 -180 -170 249 92 -167 240 105 -108 -63 -207 162 -194 -142 -115 -176 -221 -52 176 -89 -48 -91 -76 -223 68 -111 -246 -106 173 229 131 76 225 0 19 -4 81 -13 178 -232 215 227 88 -245 -150 146 -247 25 -130 187 -166 -206 47 -117 -116 180 72 -144 124 12 -32 -135 159 121 -199 46 -67 -114 242 -160 52 198 -147 26 71 143 45 -12 51 204 32 99 127 -138 -77 135 -21 -202 -248 -238 79 -121 134 -86 -35 -228 145 -169 -146 21 -72 136 98 -189 -66 -240 -24 44 -8 243 59 -230 28 197 48 125 190 -14 -50 -235 53 203 156 199 15 67 141 -85 -51 -11 3 20 148 -61 202 -26 168 -126 -141 -173 236 -208 78 235 -31 230 -38 -123 -109 151 18 219 169 214 -23 174 -28 -187 87 -96 -6 133 139 97 221 4 111 112 
TEST 186 ARG:10 -183 76 127 -54 -111 15 -238 -14 47 29 123 149 -49 -2 197 141 -104 210 -160 90 -66 41 184 19 161 22 124 -234 222 -153 -165 98 103 57 153 -146 190 -92 -232 249 -78 116 63 206 180 -174 -214 229 -175 -23 209 -184 211 -240 28 -58 152 237 168 -70 -166 17 114 132 -164 -220 -107 158 -120 -178 -74 24 -43 -11 185 21 -192 105 -127 -48 238 53 -235 66 31 -99 137 -140 -68 -246 122 88 154 -128 8 -159 -218 243 -139 -125 64 163 -216 -81 188 113 -18 34 -144 49 240 -122 -129 -219 11 -132 91 50 -59 -161 -147 72 -176 23 -248 -79 175 -52 -225 -3 -119 -208 -172 189 -53 73 -222 246 32 128 -110 -71 -193 -113 218 58 143 77 233 -198 95 -130 -115 46 -123 -202 2 -90 109 9 202 242 205 -19 33 -117 -190 39 74 -112 -35 -84 -135 239 -224 -56 -13 -15 70 -108 244 -197 216 100 -80 165 -241 30 199 -65 -230 200 193 -96 -51 -217 234 7 125 86 -171 -136 213 -61 121 241 75 -10 -25 -101 83 217 -152 -76 -94 236 247 -170 -114 -20 219 -37 -149 -148 -21 79 -199 -39 150 231 -211 -64 54 -26 166 179 -156 144 59 -169 43 226 -200 -60 -151 -41 102 162 167 -213 84 -167 133 94 212 -203 48 4 -6 -212 -116 -249 68 140 230 181 120 16 177 225 104 40 -204 223 178 -155 87 -207 -229 -194 -42 148 -24 147 -82 -145 -142 119 -201 145 118 -187 138 52 146 101 227 -209 111 164 -47 -215 -57 -97 -32 208 -205 14 1 -31 159 -77 61 -102 -98 224 -27 -67 192 99 115 173 -50 -69 191 -182 27 129 -8 207 -141 -221 169 -7 -210 65 -55 -137 -180 -16 214 -245 235 93 85 -106 -36 62 81 -91 -227 -236 245 26 35 182 -118 -134 194 -93 -1 151 -237 12 -150 -206 130 -85 -243 198 -185 -133 215 142 186 55 37 18 131 -226 51 78 -38 139 -17 -45 -5 -72 232 -89 -75 204 -177 -181 -126 134 -46 -239 -173 71 -138 3 13 -12 -103 -124 117 -195 -83 -40 97 89 160 0 221 135 42 -196 -63 36 176 187 -143 -22 -179 69 25 203 -154 -29 220 -233 -189 38 170 228 -191 107 196 82 92 -242 80 -34 -4 172 155 -223 -250 -168 -231 -158 -131 171 -109 -44 -86 -9 108 56 106 96 -28 45 -247 -244 195 -100 -88 156 183 44 -163 -121 6 -95 -73 157 67 248 -157 201 -188 110 112 20 5 -33 136 -105 126 -62 -228 60 -162 -30 -186 -87 174 
TEST 187 ARG:223 -75 -70 -77 152 79 -104 67 146 -111 -183 246 -105 -11 -173 192 -205 225 199 -16 -81 -35 -78 -121 -126 -165 -194 210 -244 23 -79 38 68 -52 70 220 -87 -195 -241 -134 -211 53 76 92 -235 -131 115 181 46 -32 123 96 1 -31 64 -12 -246 187 171 10 -209 111 -155 158 85 195 -212 -233 -83 19 -1 202 236 -166 20 -123 -101 -100 -184 205 153 -25 39 -249 120 -69 135 117 211 -146 -40 -239 60 41 31 106 -130 15 230 -229 212 -54 133 -138 110 -71 228 -176 -33 -141 86 183 -220 -216 83 203 170 6 -10 -149 71 7 11 -107 12 -247 -188 -196 229 -197 -182 -110 89 214 -170 61 -102 -125 -59 43 160 245 -224 40 -161 -56 -47 3 -109 -20 130 -153 215 0 -206 37 242 231 57 150 121 -96 80 136 -174 204 -76 104 101 90 22 -114 98 -68 66 243 134 -17 99 141 94 -136 -179 -94 197 -119 -250 25 -90 175 188 51 -89 -86 -236 -49 -64 233 -63 78 109 102 42 -142 -169 -36 -163 173 196 -177 -198 -158 -9 129 -164 -30 -53 13 216 137 -202 193 -200 244 116 232 219 182 -225 124 165 -150 105 27 -51 138 35 217 -226 75 -148 -43 87 185 -203 -13 -154 -29 -122 155 -106 -60 169 125 -41 -84 8 179 14 84 -93 -199 -124 -168 -186 107 226 72 247 -157 -103 -228 -118 -230 -46 -22 168 -248 -116 167 161 -5 32 -50 -97 142 -85 -187 21 -208 -189 97 -147 -217 -61 -23 -80 -162 131 91 222 -57 30 -65 -139 -82 159 -132 -210 156 62 164 -133 -175 -2 -234 -145 54 48 -181 235 126 248 -95 200 178 -207 103 -74 -18 -42 -6 -227 82 239 -140 234 241 59 9 52 -214 176 77 218 207 -180 186 163 -7 112 28 180 174 -222 194 201 149 -192 191 -120 69 209 49 151 -159 5 -137 190 -238 -115 240 -92 238 -193 93 47 -4 -72 -135 -213 33 -88 172 221 119 114 -8 73 -26 -3 95 -243 -215 127 4 -143 -171 113 237 2 -191 198 58 -38 -45 18 118 81 -204 -127 -231 -48 -223 145 -190 -144 -240 65 -21 55 -19 139 -245 144 36 63 -28 154 -221 -218 -15 100 -172 16 -99 166 140 26 74 177 -232 184 -129 24 88 29 17 -219 -151 122 -34 45 -67 -44 -113 143 -167 132 -237 -117 -160 206 213 -14 147 -27 -242 108 -185 56 -91 208 -58 -128 157 -178 249 -73 34 -108 -112 50 -152 -62 -98 44 -55 162 -37 -66 -39 148 128 189 224 -201 227 -24 -156 
TEST 188 ARG:243 -174 -190 19 199 -187 71 -148 -183 -231 125 120 82 -129 242 152 249 -28 -158 207 69 -124 22 159 213 -239 -71 -21 229 114 -26 210 -242 -156 103 214 -77 157 165 -115 -146 140 -100 -58 59 92 2 -246 179 -112 132 202 20 73 -33 77 -177 107 -96 -10 -243 119 81 -249 203 -116 -125 150 121 -45 -8 174 75 80 -185 133 -130 -234 -65 -3 -202 83 -212 225 -35 232 -73 72 58 -193 137 122 -79 212 52 98 -135 -155 53 38 -66 -160 -74 6 -46 -97 220 149 -7 -173 190 -4 118 -90 -23 96 -235 -181 -205 -180 -101 -104 -37 64 -197 43 248 186 128 31 -6 41 147 -59 -171 87 176 29 67 -162 143 -144 -119 -5 134 -83 79 91 -236 -22 211 -137 60 204 215 62 184 173 164 45 -47 0 86 -18 -178 117 163 -50 245 33 230 -78 50 -159 -237 221 -154 -93 -227 180 233 -164 -147 -219 -15 235 -92 175 94 24 138 -123 156 -24 226 -161 148 23 -168 28 51 76 -117 -189 -68 127 -220 228 116 -225 185 -141 -2 -211 -172 99 55 16 141 -57 -109 -113 -95 7 182 -143 200 -49 97 166 3 -17 136 -56 42 -9 191 -72 -230 26 -152 115 -206 -232 161 154 -200 63 139 145 194 56 -149 104 -196 -208 112 153 -192 47 -247 -108 -153 189 84 -103 170 -214 -157 217 -32 78 146 -114 -167 219 241 -199 -69 -241 -38 -106 234 247 9 171 -39 -224 -176 144 -226 -228 12 -25 15 237 -222 13 -140 -110 57 102 201 49 70 -121 37 66 -169 -145 -102 -12 -55 18 -41 195 224 4 -107 40 30 -62 -31 101 192 239 -81 -13 -19 -34 -67 -198 -70 227 172 -245 -127 -204 105 -36 109 -194 -250 -186 -136 168 124 205 -11 -76 240 44 -40 208 183 85 -54 -223 216 48 -85 -52 -209 36 110 65 126 108 158 -86 -184 160 130 -216 -82 -139 -150 61 -182 236 -80 -221 206 -44 34 1 -128 95 -133 188 106 5 -170 111 -99 -14 100 197 181 209 -165 131 -213 -163 -53 -111 -89 89 169 223 -233 -20 17 -218 -87 -120 187 -217 -51 167 -94 -91 46 74 218 -48 177 21 54 10 151 -1 178 -240 -27 -215 -126 -61 -64 -88 -63 -98 135 39 90 -29 123 11 -42 93 222 -118 244 196 -75 14 198 -122 -138 -60 246 -229 -132 -142 -207 -191 -201 113 8 -188 25 238 -84 129 -16 -131 193 68 35 231 -175 -238 142 -210 -134 -248 27 -195 -151 162 -244 -179 88 155 -43 -30 -166 -203 -105 32 
TEST 189 ARG:218 -227 -228 -179 -30 -236 149 91 -41 -57 -29 200 115 -222 100 148 -221 7 35 -1 0 -170 81 -217 -61 -244 -103 -205 92 98 -248 133 -45 38 61 -121 47 -197 240 232 -214 -35 84 -129 118 10 -132 -64 -4 -216 178 -243 139 -178 -146 -163 -22 142 58 -196 180 128 244 226 101 48 -36 -81 64 -38 160 -150 -39 -231 175 -141 120 -42 -49 -130 -187 -70 67 -20 -17 135 -185 -176 -50 230 112 -210 -34 185 -139 -91 42 52 172 206 -195 43 -199 220 50 -44 -201 161 -172 86 173 177 2 -98 -105 45 77 -60 -128 219 22 -204 46 99 -224 -111 -68 -154 -183 -88 89 -143 -80 40 -58 -2 165 222 -247 136 205 181 162 60 90 191 168 -134 -114 -7 106 -8 170 -239 164 88 143 -124 171 12 243 6 125 179 176 140 87 -250 -184 -209 -118 126 55 19 -51 69 237 144 156 73 184 29 -140 -177 79 -160 34 146 15 188 25 117 127 -235 -194 -211 138 211 65 210 -144 93 17 23 -226 -191 13 150 -168 204 -95 68 39 -237 -9 -25 194 -119 -198 114 -73 -115 111 -85 -67 -242 83 186 51 -246 -133 -167 63 -107 -157 -86 196 -151 3 -230 159 -148 -76 195 116 -180 167 -93 -112 -77 104 41 95 -63 -10 8 192 223 -175 169 -99 74 -219 -145 -203 -169 199 208 71 209 -241 -152 -74 -234 62 197 -82 155 183 -59 158 189 70 202 207 -101 105 119 203 57 -131 -117 145 -193 -186 44 -47 110 134 -100 121 -229 228 -6 76 131 238 56 -232 18 -75 -90 201 -207 -156 26 249 -72 -21 248 147 245 -245 -11 -208 -202 225 -56 -125 -110 9 107 157 163 190 -31 132 -43 21 11 -108 -19 122 -32 24 153 166 -5 -66 -15 214 -26 -97 -55 -166 54 109 -40 -188 -102 -220 66 231 141 -158 103 -181 -135 -142 224 53 -233 -223 -174 -182 37 -109 152 -106 -37 -79 229 -16 -3 -14 -189 -28 -92 187 -48 27 96 -126 32 234 72 174 16 -84 -62 -238 -173 20 75 242 85 113 -249 102 236 -120 -171 -18 -149 -78 246 -87 -138 233 -153 -137 -46 -200 -155 -213 30 -24 137 -162 -165 -190 227 59 28 124 193 182 -147 -27 -127 130 5 -96 -225 239 -23 80 123 1 -65 82 14 94 33 154 -71 -206 212 247 151 -54 217 97 -116 213 -240 -212 -218 -164 -161 -136 235 -33 221 -215 108 -113 -159 129 -94 215 36 -192 78 -123 -122 4 -69 -53 49 -13 -104 198 -12 -83 241 216 -52 -89 31 
TEST 190 ARG:-183 205 -144 164 117 -109 132 -228 -3 25 -240 -226 234 32 181 -61 15 -173 127 -163 152 -88 -249 -148 98 2 -131 -224 -234 -142 -159 -27 -89 103 -59 53 -198 -220 31 104 -121 -41 -162 -66 18 223 -91 172 -50 91 40 143 36 -155 22 245 -126 197 109 -199 -188 224 185 -69 -232 20 122 218 -141 119 4 213 -231 94 49 229 48 -110 12 -32 -62 55 -97 176 -158 -17 195 64 110 231 93 -186 -215 84 -127 -60 51 106 -86 -241 72 -208 -54 -168 118 27 -190 -149 3 -221 -136 -92 59 244 -119 -36 28 19 -19 -230 189 -145 167 -170 238 38 -113 -125 211 173 -63 -106 -75 133 123 198 -192 187 160 -150 221 -34 92 -194 17 134 129 -153 175 147 -85 -133 -14 -68 -80 -135 -18 -52 -112 -26 -115 -90 184 -209 150 -213 -191 131 -134 81 -117 60 -31 210 73 35 -154 26 -187 -229 -49 235 142 126 -20 -202 -160 108 -30 -172 -21 227 -23 96 -4 -16 30 47 50 -71 23 -123 -40 -132 -64 -235 -146 232 -111 -65 151 113 -58 10 -99 -33 -225 -195 -244 16 -138 -180 -137 -236 -250 88 -29 67 -124 157 52 -1 -6 -178 153 71 -200 -57 -167 182 -114 128 138 63 135 -12 136 42 202 -15 -197 -182 95 -143 -189 87 -210 162 -38 -73 -147 249 -48 -227 -211 112 243 66 -223 219 -233 -245 -25 -55 33 -181 -44 46 -100 -78 79 -118 -139 228 158 116 -102 -177 -101 186 5 -35 -43 -51 -171 -95 170 -94 -87 199 180 -9 -116 83 -47 233 -130 -98 -83 75 45 155 216 -67 -140 -79 68 82 -152 111 -179 193 124 -76 41 -7 -212 24 -108 200 80 -196 215 220 -174 -219 209 242 102 11 -122 -166 -128 -8 -22 236 141 149 201 -53 225 183 -5 114 -169 -46 78 37 -243 -164 230 154 212 177 239 240 -39 148 178 70 222 140 -84 -156 -242 -206 100 -10 -175 0 -238 61 -246 -93 165 -13 248 190 159 56 -81 -72 -77 -176 -28 -248 -239 44 -207 246 -129 171 -193 -82 204 -222 145 -216 8 120 86 -185 9 156 76 -42 13 43 -56 137 85 -105 89 -120 188 90 21 -11 39 105 125 97 146 99 77 -217 207 161 74 7 -161 163 -203 237 115 139 -151 166 14 -74 -96 241 -184 169 -205 -204 -107 -214 247 191 179 -157 -103 194 208 34 196 65 174 130 -201 144 -37 217 192 -2 -24 203 6 214 69 107 226 29 101 168 54 1 57 58 -237 -218 -70 -45 -165 62 -247 -104 206 121 
TEST 191 ARG:136 -40 164 222 -143 -191 82 53 -98 237 -45 245 240 -61 -229 19 -93 91 -60 151 -111 152 -27 81 217 135 78 27 -86 235 -37 -223 190 40 220 -141 -125 -24 -174 184 142 174 4 -134 44 -201 149 -21 -67 -237 -87 -154 -153 77 241 30 13 127 178 -22 43 -94 118 66 227 226 196 238 187 -129 -33 -212 -4 185 -118 -9 236 -99 -202 -234 88 50 212 -243 -241 -64 -209 -23 87 -140 176 195 169 216 -43 95 -208 -169 205 -62 97 -211 -3 58 69 -189 -19 -75 114 147 -91 -26 247 -165 -156 90 -34 96 -107 223 119 -57 -173 -225 -85 148 165 41 -233 93 211 -88 -192 192 -240 -53 74 38 17 21 -150 -76 60 -139 242 106 -213 94 -219 -105 -126 -158 -54 0 23 -59 -47 -13 225 6 150 31 -113 -161 -181 35 11 137 -10 -5 -108 -238 -82 143 120 -200 -152 109 -63 -130 203 26 230 -30 154 28 46 -18 177 89 -239 -132 -95 145 -31 79 181 -103 -35 100 -128 102 -41 -65 -138 -246 -171 -70 -168 -135 15 67 -120 22 -68 75 45 171 144 20 140 113 -179 47 9 34 86 232 -71 -235 -222 156 108 244 48 208 -232 52 -204 162 183 -214 2 16 129 121 202 63 -199 -112 -224 5 -217 -39 130 24 -194 98 -146 -117 62 -97 42 -218 -73 218 139 -193 158 138 157 -25 -162 -81 -195 -110 -137 191 33 54 110 80 166 163 155 -16 -172 -79 -187 10 214 179 -170 213 83 -121 -177 14 -227 -197 99 234 133 -183 -210 -226 -2 -102 -124 -205 -38 126 -8 70 -44 1 194 -228 182 68 197 228 146 -11 124 71 132 160 219 37 246 153 -1 -190 65 -242 -159 3 161 -136 -198 59 -69 -216 207 248 -28 72 -101 206 193 159 -144 104 -48 -51 -230 -90 188 -84 55 64 -122 -221 8 122 -15 84 116 -203 -56 -7 -167 -247 117 -127 32 -115 -14 180 7 -74 49 -178 -29 249 -244 134 -58 107 -42 51 -6 -245 56 -77 -147 -185 25 -83 -100 131 -196 -248 -176 -55 200 -80 -236 173 -106 -123 39 231 -36 101 -131 186 -104 224 -182 172 210 -142 -46 204 -92 -160 170 128 -188 -166 18 125 168 57 141 209 -109 36 201 189 123 -89 -114 -249 -96 229 92 61 215 -184 -175 -163 -66 167 -17 -155 103 111 -12 -72 115 199 -231 -20 -32 -157 -50 -164 -78 85 -119 -133 -215 -206 243 -49 -207 -116 105 -151 -145 -220 239 198 221 73 29 -250 12 -149 -186 76 112 -180 233 -52 -148 175 
TEST 192 ARG:153 -188 -176 -31 165 128 231 208 -242 -113 -164 57 -40 -101 183 42 103 146 85 145 129 -90 73 -116 151 229 -103 -45 -59 -107 -32 -110 28 -163 -244 193 -82 108 -86 188 62 36 106 216 33 111 9 -6 219 -135 102 -168 -66 -75 115 -204 96 207 191 211 238 156 132 -150 190 -170 83 -127 228 -14 226 52 192 -245 195 -81 174 -54 13 -36 -211 -240 -123 0 48 -140 -178 109 -35 168 54 217 74 -97 -182 67 -216 61 180 176 -157 -72 -109 34 150 222 -195 -69 50 -224 -128 155 158 51 -197 -207 -18 -136 -152 178 -98 -231 -194 19 -236 -165 90 142 37 -184 -145 -154 -71 -91 100 130 131 179 -227 -83 -221 -68 95 -214 -46 -44 186 39 -33 -167 -142 -147 203 -169 -16 7 148 225 44 -70 -203 172 213 53 114 220 119 166 -38 241 -190 60 117 -73 99 11 -2 -10 136 134 -19 204 -234 47 149 -241 -138 46 113 -153 -172 184 -92 143 -243 68 -230 -115 22 221 202 -27 -7 240 205 122 -130 -29 154 71 175 29 -215 -111 199 -51 -99 -52 243 -209 -13 -24 43 135 138 -225 -114 -87 137 -80 218 -43 31 -39 -49 215 167 -22 182 -175 -206 79 -223 -132 -89 144 -1 -79 -166 -218 -106 16 210 -160 -8 -47 -177 -173 -229 -20 -48 110 -122 126 239 -143 26 88 -63 -202 -232 24 189 77 -118 -171 112 -26 70 -196 -100 -144 82 56 209 -148 170 -217 -21 -96 59 101 -55 -95 181 -15 232 -191 201 6 -50 69 -12 81 4 -117 121 -249 -57 -34 87 123 76 -67 246 223 25 49 212 -9 45 177 -156 -53 125 -219 163 -189 -201 84 -108 -119 -174 230 32 173 -133 -41 247 196 -185 -64 27 162 116 -30 41 10 -125 -56 -186 124 224 -180 93 -146 107 -17 78 245 206 91 86 -28 -198 -149 -200 -220 -76 -246 140 -139 35 -199 -5 -102 1 80 89 127 227 -250 8 -42 -208 -120 164 64 157 244 -228 -58 171 -159 -4 159 -93 72 242 169 -25 200 139 23 -237 75 -131 2 -248 -213 -192 3 -247 -124 -23 -141 -62 -78 -233 133 249 5 58 120 -134 12 -158 -205 234 15 14 98 105 -74 248 -183 -126 30 94 -129 -193 -11 -239 236 104 -37 -181 141 38 -60 198 237 -104 235 63 187 17 -179 -105 66 97 -85 40 152 194 -210 -161 -84 -94 -151 118 -238 -137 21 -77 92 -162 -235 161 65 -222 -155 160 -3 -61 147 -226 214 -65 233 -112 55 -212 18 -187 20 185 -121 -88 197 
TEST 193 ARG:-116 202 -230 -186 232 237 226 81 182 -117 221 -72 241 -138 162 -97 34 233 68 138 -215 206 -73 57 142 191 -148 -109 109 229 231 41 -222 -126 -74 -30 -221 -224 -124 -65 -134 -17 197 -237 119 181 -41 -129 248 185 -21 161 -88 117 -23 -29 35 94 -191 91 86 -12 -4 1 -75 165 89 79 -178 225 -225 -189 -166 -131 223 -46 73 102 -63 -201 112 140 -51 -185 208 -132 -58 -90 158 -233 -197 -61 -238 -67 199 149 -11 -84 27 163 -168 218 -95 -227 243 247 200 238 205 -234 -26 -181 -235 209 113 -170 -83 52 -53 228 170 -66 46 15 61 -100 -158 -34 -94 126 -128 132 230 77 25 -169 -96 -140 -24 131 -103 207 194 -71 107 -50 164 37 -59 234 -161 14 32 127 -164 21 40 -9 -118 236 -54 66 90 38 47 139 -45 -223 -188 214 -130 -231 -76 -136 -114 -37 -163 -104 -55 -102 -39 -179 -105 -229 -202 -165 155 65 111 -206 -232 99 -44 -244 22 42 216 19 0 -25 -151 -6 -176 153 31 -101 187 -115 -219 210 2 133 180 141 118 -187 -194 92 -28 -78 -236 130 -42 -198 129 83 45 -192 212 106 -77 85 -226 -152 70 108 215 196 144 -112 8 -175 -147 189 71 219 -208 239 -135 -205 -193 7 -123 17 -80 -155 105 198 -69 115 -183 -177 120 -49 159 110 50 217 82 -157 173 -106 93 213 36 -184 69 98 -241 -18 -110 -144 -87 -218 5 -93 150 -81 -86 -196 -3 123 48 151 -108 -133 103 58 -127 -20 -120 88 -38 143 -22 12 33 -167 -172 134 -220 -7 184 121 -213 167 183 171 -60 60 39 -35 -174 192 -119 -64 -92 -173 62 -31 152 -242 23 -228 -249 44 -159 -209 -70 18 74 101 -79 78 -33 63 235 64 -212 80 -162 30 11 87 -122 -248 56 -85 -160 246 20 -190 146 -142 -182 203 55 97 -195 -143 -89 -153 67 -52 -156 53 -27 -111 -246 72 -56 -150 -19 114 -207 -47 179 -240 -247 -200 224 -99 -16 -121 177 227 136 175 169 84 -243 29 -250 -91 249 168 10 -245 174 95 -43 193 222 116 -8 242 135 -199 157 -10 -113 49 -216 166 124 -5 51 -48 -36 -32 -2 176 96 -139 211 43 104 -171 -62 172 240 -214 -82 195 -180 244 -204 147 24 -98 -68 -40 75 148 76 190 -203 -107 -141 28 245 -217 160 9 204 178 -146 137 54 128 220 -149 201 59 -154 156 -211 -137 -13 188 6 154 186 145 4 122 -145 -239 100 16 -1 -125 13 -57 3 26 125 -15 -210 -14 
TEST 194 ARG:-19 -220 -182 245 -156 243 156 -39 -169 -54 134 16 7 -139 235 216 12 -198 -41 226 -42 217 182 71 -107 -52 119 -78 -154 186 -120 -153 -159 126 195 -101 -113 -20 -150 213 158 67 -99 -91 -74 -228 145 -125 18 149 -94 187 -10 48 219 -60 -147 -146 29 -216 -85 6 198 -145 -170 241 -126 66 -43 -135 -234 -9 37 205 75 -70 -243 129 56 211 220 30 72 24 -87 -196 49 -53 -176 -160 -203 -183 -117 -72 -123 8 200 248 -217 -51 -50 174 2 -152 218 208 151 -68 -116 -174 -248 -128 -25 26 -138 163 206 -82 51 88 136 94 196 179 148 -129 191 58 -194 249 135 154 -167 105 14 -158 32 -210 185 31 -63 113 -190 207 146 -227 108 -69 242 -119 82 -12 -239 -178 33 -230 225 -209 -155 27 102 -148 87 160 175 99 -213 -34 210 -67 177 -80 -2 123 -5 170 -105 60 -84 4 173 112 -181 -79 236 -141 78 153 104 -219 181 86 15 -102 171 230 -192 63 61 -206 202 -64 -24 -103 159 110 -40 -222 -104 -184 130 164 96 -33 -108 70 -46 197 188 228 215 -14 5 -140 133 117 65 92 167 192 10 111 -31 -88 -11 21 120 -177 209 -98 -133 -175 -188 -238 -173 -73 -223 -237 -127 -157 -149 116 131 140 -23 141 147 -166 231 -110 -89 -44 -77 1 -236 34 237 -235 -218 -28 -95 -226 55 143 -143 -214 138 168 44 127 -204 -132 -100 42 -71 232 238 184 -131 22 -3 222 -112 -15 -66 -65 -56 90 -185 -202 -245 246 28 -200 212 41 0 152 122 -6 -151 -7 239 -137 155 69 234 -61 -193 46 11 -240 -115 183 50 229 43 121 -225 -49 101 76 214 3 -249 -8 193 -207 -246 189 73 36 -122 -121 93 77 -48 -111 -242 172 89 -208 128 204 -92 201 137 -221 17 -179 -161 190 59 -224 9 107 79 47 139 -130 -136 54 -187 -4 -232 -199 103 -22 -197 -37 -164 -86 84 -201 -211 68 132 -142 83 -13 162 142 -35 -124 -29 -55 35 106 125 -26 -244 -186 39 -97 114 -27 52 169 109 -81 -18 227 180 57 -212 -195 161 -47 -45 247 13 81 -93 -189 166 23 62 -191 19 74 85 165 -163 -83 -144 144 91 -180 -205 -75 -247 -76 -109 203 -90 -241 -17 40 -114 20 221 95 -215 124 -233 -21 -168 194 -57 -162 38 -229 -118 115 157 97 53 244 150 223 -59 -38 -250 -171 -231 199 -96 -62 98 -16 100 233 -172 -30 240 64 80 -32 -165 224 -1 178 25 118 176 -106 -58 -36 45 -134 
TEST 195 ARG:-159 237 195 -140 -141 -46 -43 0 -136 -11 225 155 -79 -220 174 -34 193 -143 216 -18 -57 -118 31 213 -188 14 124 -112 -12 46 49 175 -24 -36 -183 -162 211 -218 129 94 204 -32 87 219 -28 -51 162 86 164 -123 -193 245 188 23 -213 227 103 100 229 172 58 92 -38 29 -27 144 -199 -116 65 -93 109 -92 -139 -94 -40 85 248 222 67 -233 2 159 -239 88 149 -222 231 -205 -240 21 -97 53 187 -117 198 206 240 163 -160 -7 -30 168 214 215 -52 -23 -74 43 -144 28 -178 -201 -35 224 230 -226 -180 -122 -147 -62 249 -192 24 148 212 16 -67 223 -89 50 -91 22 -172 -151 -55 -245 -242 142 -146 8 -219 -149 63 32 133 -152 69 147 -210 -76 146 -96 208 -200 -217 -169 -20 190 82 -209 -230 145 154 -155 -87 27 241 33 59 189 105 138 -164 20 226 4 -33 -54 34 -108 194 239 -153 -177 -190 -85 -150 165 -6 118 -202 106 233 199 -73 -223 -228 -196 64 6 203 -137 -225 122 201 25 93 -195 -26 123 -248 54 76 150 235 -246 -238 126 -78 13 111 121 -83 -120 234 -131 37 84 140 9 210 -208 78 -161 -106 -104 42 207 38 135 -81 180 -127 -22 -111 183 127 134 -148 157 -165 243 113 -107 77 -103 191 -191 -47 -235 112 -39 110 -135 -236 -17 -115 -105 -13 -110 -237 -171 186 -142 40 152 12 96 -207 30 -124 -203 101 -212 -224 15 91 -157 -175 -232 -167 -121 -176 -231 57 -37 -68 -77 81 200 -75 -50 -214 -80 117 130 -29 -2 -42 -174 18 158 -63 47 -9 -86 -114 -166 185 1 -158 177 -72 -211 36 -45 -101 244 -134 -66 232 79 -187 -179 -145 -156 -90 68 202 11 -95 -8 -100 -61 -70 178 44 141 -1 74 -247 221 120 98 -60 -138 -48 170 131 161 -49 167 95 -59 -82 -56 -126 119 -25 238 169 -31 -234 -14 72 -88 71 156 102 -197 -125 143 89 56 -154 132 52 3 108 -204 -84 184 -250 90 -215 -168 66 217 115 10 136 62 -243 -128 104 17 205 173 -194 -249 -99 -221 -184 153 114 51 -21 -10 -130 -241 70 -113 -109 192 -198 75 5 -15 139 236 -185 -133 45 -186 171 137 97 -65 19 -181 -58 -19 -173 181 125 73 -216 -229 61 99 -227 -53 242 197 -163 -5 55 209 107 39 182 -189 -16 -71 116 128 48 -170 7 -182 228 -41 179 -4 166 83 -244 -119 -98 35 -132 196 41 80 -129 160 -44 60 -206 176 218 -64 220 -102 246 247 151 -69 -3 26 
TEST 196 ARG:221 228 -111 197 77 -17 -74 -239 187 -50 -11 -158 143 5 110 -132 -133 152 -41 -58 -230 94 135 -249 157 -67 -9 -204 -107 70 -151 -93 -78 -236 -76 -178 -234 -244 58 -146 233 -63 -240 -40 -138 -54 -28 63 89 -227 -185 15 115 -33 90 218 -13 95 1 22 -126 46 -52 188 7 -98 -103 -24 207 -221 222 -100 -8 17 246 -160 -245 -61 -150 -131 198 147 98 -44 145 -91 -127 119 -179 -163 -129 -30 -170 -130 51 -222 234 -47 -232 -69 -86 -94 -104 -176 43 104 -235 177 -51 173 -175 127 -90 -15 25 -7 96 100 -20 200 175 -203 -1 217 216 154 -18 219 -38 61 41 149 -112 -191 128 141 109 202 -101 164 -80 163 -162 80 6 10 -12 123 -157 -156 238 -136 -250 -241 185 112 -45 -81 243 -144 -27 113 44 201 -148 241 -213 -197 226 8 138 -96 236 148 -181 78 81 172 -184 62 -53 103 170 -31 40 -193 -231 -237 -95 -199 -22 215 -128 -108 42 194 -49 -84 122 -43 -88 227 -209 229 -139 -202 19 48 29 179 150 -82 -85 130 -165 -201 -35 -229 -29 -16 -60 155 214 -14 102 162 -171 -73 -66 159 -110 0 120 165 -71 180 244 -242 -226 -117 -97 -243 -68 -140 106 230 -124 91 -121 114 -109 -147 168 -192 171 72 53 169 -228 195 -186 -70 101 -223 9 -4 196 223 -155 134 -194 -134 16 -26 136 240 -21 2 -159 124 -57 -224 -135 56 220 -62 -5 -3 205 146 239 76 66 68 64 190 186 37 116 69 18 84 -48 -152 -225 23 36 -210 28 -149 -214 87 -172 118 132 57 209 -64 174 -218 -233 -120 33 245 13 191 133 -246 111 -207 -182 242 12 52 231 -32 204 -119 -10 139 -36 -174 -137 232 -206 11 211 -143 -25 206 -200 30 -77 167 35 31 88 34 183 -92 -83 -168 189 -190 14 212 248 178 193 47 85 213 161 192 93 -142 181 -75 -37 -123 74 142 -105 137 140 92 105 -102 -114 -215 210 129 50 54 -118 32 -211 153 -208 75 -2 247 -205 237 131 -169 71 235 225 -87 176 -187 184 -183 -23 45 -220 -42 -217 -212 97 -55 107 24 -216 -196 199 -99 144 73 21 151 -125 -238 60 126 -6 -164 27 -180 203 117 208 79 49 39 125 65 3 -166 55 -141 -154 -79 -89 -39 -116 4 -189 -56 166 -59 82 -115 108 -113 158 -46 -106 -122 -198 -247 249 38 182 -145 -34 59 -219 67 -188 -153 -65 26 -167 83 -248 -161 -177 20 160 156 -19 99 -195 224 121 -72 86 -173 
TEST 197 ARG:123 141 -60 -103 -117 206 -31 78 -129 -174 19 140 -147 -53 -170 29 -138 -6 209 -110 134 218 13 -15 -187 164 -2 6 -11 -3 -214 -238 139 -86 -198 -56 -130 55 -83 -21 -58 235 187 -47 46 -219 234 9 -93 124 217 85 195 -195 137 27 -208 44 159 -126 -175 239 -13 -94 152 177 -245 81 -102 -133 -185 160 153 -62 211 103 212 65 -250 172 201 41 -48 -221 74 80 -237 40 -32 -52 45 93 -146 -210 170 -176 -162 5 -242 149 99 -181 -165 -23 178 -222 31 88 -228 232 37 129 169 -14 98 -106 -241 -249 -77 -68 214 -137 60 -182 220 223 176 -74 86 110 210 -199 -100 79 -89 43 146 -173 105 229 -167 15 -63 -217 58 112 -37 64 120 97 -204 -180 -22 -41 83 -65 84 -218 -215 -55 -128 111 -234 -36 -92 231 -66 -98 135 -172 -188 -205 -54 -79 130 0 -114 -171 237 244 -239 24 208 166 -192 -224 -135 52 173 117 -104 -122 -132 108 -155 190 56 38 76 59 119 3 -1 -186 118 -160 17 -212 -248 73 -28 183 180 -197 -84 35 -163 96 26 174 47 113 51 -5 102 -143 32 238 -151 -127 82 -189 -51 -236 182 150 -154 -148 -229 -95 216 -177 -112 34 -179 193 -73 -164 -225 191 94 -211 -75 116 126 -169 -81 14 -244 127 -196 107 198 -101 -25 -145 101 242 -131 -49 89 -141 -144 -157 165 128 -159 161 20 16 71 -230 39 192 -107 -231 224 -233 147 72 144 -113 -116 227 -168 -67 162 61 -209 -12 -72 148 -232 202 138 189 -142 -223 133 -46 25 -97 -108 203 42 -207 12 33 -44 -70 136 205 -152 -118 90 87 -33 -202 -213 221 23 131 -26 122 -24 62 228 -87 248 167 -115 249 -76 77 181 -216 -35 151 -246 -247 -150 -203 125 246 104 -45 -71 53 -136 -19 168 -184 21 -166 67 48 230 7 215 -30 -85 -190 -16 222 -153 -80 196 199 -191 63 225 -227 -200 22 -43 50 154 -7 -120 -124 241 -220 -40 75 -201 245 -119 -156 200 -243 115 -20 -29 -90 -235 -82 -27 185 158 157 28 95 213 236 121 204 -149 -57 188 -17 194 243 179 -9 -91 -123 68 36 -59 -34 -10 -88 -178 143 -206 18 -161 -96 49 142 -18 171 186 -111 -140 106 155 70 10 -38 -134 2 156 -194 -183 184 11 8 -121 -61 132 163 66 175 1 91 247 92 114 -8 -4 -226 -78 -99 -193 226 57 219 233 145 -158 -105 207 -42 -139 -69 109 -240 -109 -64 69 100 30 197 -39 240 -125 -50 4 54 
TEST 198 ARG:-183 67 -53 237 -6 105 -44 -45 -206 39 -46 -134 72 -127 -104 -180 57 84 -63 16 235 -40 184 -80 96 -178 118 163 -149 148 -35 -64 206 -157 8 -18 236 -238 -150 -61 17 109 181 -73 -59 -193 -235 -58 -94 60 -158 113 10 -20 183 213 167 -48 119 74 -97 80 32 -140 -112 111 215 -27 -7 122 31 -143 125 41 -170 89 -139 153 132 -223 -182 212 -173 200 186 -37 175 193 173 143 44 131 98 -137 -2 18 138 -131 53 -33 168 223 85 78 30 -120 157 -91 -114 -101 91 176 165 -122 -34 152 248 -225 211 24 187 -165 88 6 -250 -177 -230 4 -144 90 -90 -123 48 -249 -200 -172 -198 -22 227 -219 83 -220 -245 -36 -237 -146 120 -119 71 -192 204 -51 -17 -248 104 -47 -217 -14 203 -54 1 -241 126 121 -117 13 -209 -65 -98 128 238 36 185 -82 100 34 166 -233 162 196 232 245 130 -76 -190 221 -213 77 142 -153 241 189 87 224 -103 82 -83 -121 -125 106 228 51 -32 194 -69 169 -100 133 -185 -166 -176 244 160 19 15 149 -96 43 -1 -154 -92 -79 -181 73 23 247 -247 -167 -188 182 146 164 -189 -195 99 190 47 147 -163 -174 -221 12 180 -68 -118 -102 55 -186 -145 207 -95 -3 174 159 5 -141 137 -128 29 -232 20 -110 -87 -215 134 246 101 -67 -199 33 42 -21 -109 -30 -210 139 79 214 155 -212 112 239 107 49 7 -56 63 -203 9 110 11 -49 -113 108 -229 -39 -78 -12 233 59 -201 -15 226 28 197 -175 -214 81 -184 -226 -202 -72 195 14 188 27 -26 -99 -138 -9 -70 -89 -224 205 -126 202 58 -81 116 216 38 -208 40 75 -204 -242 156 -162 -161 -136 -115 172 -13 -152 199 61 -156 -52 140 135 64 54 124 -25 123 -8 -31 243 92 -111 93 -142 115 35 151 -211 -29 -62 2 -196 -207 -151 -88 222 -171 45 -106 117 240 249 -11 178 -216 -243 -75 191 65 -124 145 170 -135 -179 94 -234 -93 -71 179 46 -169 103 102 198 -228 -74 154 -164 3 50 -205 22 -240 219 -159 -43 95 -5 -50 69 -57 -19 -60 201 -130 -197 220 -187 -107 192 -10 144 76 -24 21 158 -85 -148 217 225 -66 86 129 -239 -231 62 208 0 -222 -86 231 -38 177 -105 -108 234 -191 -160 -16 -168 -23 52 37 -155 -77 -246 136 242 -132 114 66 150 229 -4 -84 -194 -147 141 -41 97 161 70 26 -129 68 56 -244 -42 230 -116 -28 -133 -227 -218 -55 218 209 127 171 25 210 -236 
TEST 199 ARG:-207 214 -153 -200 41 -53 236 5 -37 7 104 189 195 -95 -220 43 -21 -194 -227 -174 71 86 178 -167 -216 203 -154 -57 -106 -38 65 -244 97 -236 -159 -66 26 -158 222 18 -185 -119 45 137 147 81 -129 -238 -19 -54 223 -173 232 -215 191 -171 -188 -17 -94 210 -36 -186 72 -103 -176 -64 215 170 121 -121 130 -104 185 11 -180 -76 -111 200 78 -242 190 134 79 -162 84 224 -152 47 9 -209 -82 -169 91 39 192 100 159 44 -10 -218 -2 187 14 -25 -108 212 177 183 -210 64 -172 246 -35 -48 -243 35 157 120 37 -43 -141 54 -136 95 -189 96 76 -239 139 -143 82 -56 -234 -187 -80 -55 -181 22 169 216 204 -139 -155 140 227 248 -205 -67 -163 243 85 -98 -52 57 -93 -44 -126 -133 13 209 -217 -72 -77 114 16 -65 -7 106 -225 226 73 31 -34 -8 -224 -6 -156 -5 196 -71 -47 50 115 -12 88 186 -118 15 220 -83 -202 143 181 153 131 -115 108 -196 56 87 -228 -138 161 180 228 165 136 93 176 -9 -113 -212 20 151 -89 168 235 -145 197 -197 242 179 -147 -39 -170 123 116 -86 -135 -31 -235 0 125 -117 -168 -175 -58 -144 -13 211 135 229 233 -193 155 -182 17 -42 132 -199 213 -26 230 103 -92 194 49 99 -78 171 -160 -214 36 -27 150 24 12 -16 -99 -151 128 -247 201 -165 -69 -91 118 174 -195 -59 102 145 48 158 193 89 42 38 167 28 -229 74 219 -29 51 -157 -132 59 111 154 -107 19 -124 29 -23 21 166 -40 199 -240 4 -75 206 6 -231 -1 -51 110 -24 148 172 25 -241 188 27 -222 156 -131 -192 46 -122 -146 -110 163 67 -249 247 -230 -20 -177 -74 -237 -250 69 -164 68 138 112 -223 -100 126 162 -73 -161 -246 -11 -233 10 -204 66 -248 142 182 -148 218 -184 113 30 -33 52 -32 -245 -85 -3 -206 237 129 -213 -101 2 -109 63 238 221 173 -137 -127 -18 240 124 -90 -60 53 -219 -226 34 107 225 3 244 -114 77 -120 -15 -46 160 -112 -208 -63 -179 -140 122 -149 -41 -96 -221 -125 -201 -102 8 -97 92 152 33 62 -87 119 -178 -84 -62 109 55 146 61 32 -203 40 75 208 -79 -88 -232 198 -191 -105 -49 101 127 231 245 234 105 -198 -45 141 -183 -130 83 -4 -28 -50 149 70 -166 164 98 -211 202 -128 239 -14 241 58 217 144 -134 -30 249 -190 -68 -116 -142 -81 90 184 207 60 -61 23 117 1 -22 -123 -70 -150 175 205 133 94 80 
TEST 200 ARG:-19 -83 111 201 -248 179 108 -89 117 7 66 -11 -51 -169 135 -238 205 -67 -87 138 -101 183 -153 15 -64 53 228 -217 -165 -194 -48 -69 218 -175 71 100 246 -227 184 224 14 -135 -20 -134 243 -152 -228 -106 107 44 -45 82 43 208 126 -156 232 -249 -115 185 -41 28 151 -219 -167 -49 157 163 63 19 181 -119 51 -110 2 -211 -143 -107 109 233 202 -80 -234 58 -46 26 119 -174 115 -128 123 -39 -34 244 -123 -139 37 89 92 -13 -29 154 113 204 -52 41 97 207 -99 18 -191 -136 -55 -146 20 -95 -188 -241 78 -187 75 -53 192 145 -220 8 -103 177 203 249 -205 -171 -201 -42 196 -4 -155 -239 -242 -92 -62 133 -77 25 40 -14 64 -133 -100 -233 72 -108 166 -93 -223 5 -183 153 -179 98 165 29 110 -73 -147 -192 144 -244 121 -6 42 124 9 -78 -122 84 169 -222 -98 231 -129 -193 56 -1 211 -218 -150 -15 128 -5 -31 -85 236 23 -17 161 -57 125 147 189 4 52 -109 -113 116 33 17 222 54 150 -117 -216 160 62 -94 -37 188 -237 120 175 91 -91 223 -206 -151 -163 38 173 -182 -162 -198 77 27 118 -164 -208 80 230 34 55 -137 81 -159 -32 -199 12 235 -120 -184 -142 -54 -132 132 -230 -157 -149 -173 -250 -190 -177 83 0 226 -127 30 -24 162 172 191 -214 -96 214 -36 -18 221 -148 46 -60 48 76 114 220 -22 -140 142 31 105 3 -26 182 21 74 194 195 -30 190 39 94 -90 240 149 -204 242 -82 213 199 -3 -71 -141 13 217 -2 -58 32 141 -43 24 129 -247 -86 -176 152 164 137 156 -180 159 69 -40 215 6 -125 225 178 96 127 -181 86 170 -231 -124 -7 -131 239 -27 -104 168 -116 -145 216 241 -79 -130 90 -138 -23 -196 -81 104 -160 -243 -10 -8 61 -70 -114 36 88 -200 -33 103 -225 -88 -166 35 112 134 -161 -16 158 -158 -229 171 -246 -28 212 -245 59 130 -9 -209 -226 -172 79 -197 148 -215 -121 101 -210 65 99 -111 238 143 -12 -50 87 248 -118 95 -76 -56 193 85 167 -35 140 70 206 245 -105 68 47 -144 -212 102 197 -25 106 198 49 -207 16 -240 210 -186 -185 73 219 131 176 229 -126 60 -61 -221 122 -213 -203 -97 -189 -232 22 139 67 10 237 11 -168 155 186 -74 -72 -170 247 146 187 -21 -195 45 136 57 180 -178 -84 174 -47 -202 209 1 -112 -224 -38 200 -66 -75 -44 -68 -59 -236 -63 -102 -65 -235 227 93 50 234 -154 
TEST 201 ARG:-148 -121 -1 35 25 67 -13 -72 -237 -233 -37 -97 144 220 -247 -14 128 89 -134 74 -231 169 -232 -240 243 -246 114 187 -113 -244 10 -172 51 247 182 -225 107 -2 -184 141 84 225 161 149 -50 226 81 215 -161 44 -122 83 -234 -7 224 -241 95 70 -139 43 -186 -30 -182 64 183 197 71 213 179 208 -106 238 -53 237 45 -135 -62 -17 239 80 87 22 135 124 29 156 -197 195 -126 206 -141 -243 167 -239 61 -84 178 50 227 73 210 6 -183 -168 -25 160 137 -102 -109 28 109 -11 111 -193 68 163 108 33 58 -56 -81 62 165 -12 219 -169 -74 242 -44 -165 173 63 -229 -178 -65 77 -130 212 -119 202 -219 240 -104 175 200 180 171 19 -192 119 194 -166 -8 42 -15 204 -26 -110 5 233 -189 147 -68 -217 96 -10 91 132 -188 -190 140 -118 190 -21 76 -149 -167 248 -136 155 -238 -230 -32 -140 -6 34 -210 -163 203 -206 157 218 13 168 -124 12 234 -40 -144 -248 -75 32 -83 79 -42 174 177 -120 86 0 186 -116 -51 -214 -35 -212 -201 -80 -236 -154 -20 -157 -82 -78 -138 57 229 153 -39 112 27 214 -41 -143 46 9 201 -156 188 -112 93 -187 106 -99 191 -202 184 -71 205 221 55 -198 143 -191 -89 66 -47 -207 -70 246 228 -22 -103 -29 199 -158 -91 235 31 -77 245 -60 8 -48 -96 23 127 -194 236 -213 -79 -105 -131 -132 82 85 121 36 125 88 -19 -196 18 159 -160 40 -88 -36 -114 -55 118 -181 30 -87 110 170 166 -64 216 181 48 47 162 -220 3 -242 -133 -221 100 152 -215 -23 217 -57 120 154 126 -28 -245 142 -216 14 176 -38 97 -9 -45 -52 53 -49 -85 -199 -111 146 -46 -228 -61 209 207 231 -151 -4 -150 -86 21 -16 -128 -177 -125 -31 78 -101 -93 7 116 56 -175 -95 223 193 -174 -205 98 75 244 -92 122 -152 117 172 -33 -176 131 -164 -203 -195 -58 -185 185 101 -218 211 -147 4 -146 -27 49 -249 1 189 -211 -127 20 -59 -100 -98 151 -67 123 -129 -222 17 102 99 -66 222 249 -250 69 -76 -159 -115 -179 94 90 -90 -63 -200 2 164 37 -224 -5 145 103 -69 -18 -170 -235 -223 136 232 241 -171 52 54 115 -155 -117 41 150 148 -208 230 113 -180 -153 158 -209 -162 104 -137 130 -54 -24 65 -173 72 -107 16 -108 -123 39 38 196 133 129 60 -145 -227 15 24 59 -226 198 -204 -94 -142 11 105 -73 139 92 26 -43 -34 -3 192 138 134 
All size test
OK
